Date,Location,Latitude,Longitude,Previous GWL (m bgl),Rainfall (mm/day),Temperature (°C),Evaporation (mm/day),Population Density (people/km²),Surface Elevation (m),Land Use,Soil Type,River Distance (km),Tidal Influence (m),Slope (%),Aquifer Type,Irrigation Demand (mm/day),Predicted GWL (m bgl)
2022-01-01,Shivamogga,13.982004433646033,75.57296385230242,7.06,60.9,32.6,7.8,262,301,Urban,Loam,5.5,0.0,2.2,Unconfined,0.0,6.23
2022-01-02,Tumakuru,13.320523132355444,77.07101651072588,9.63,150.6,34.8,5.7,412,460,Agricultural,Clay,17.3,0.0,1.5,Confined,39.9,7.3
2022-01-03,Ballari,15.215782732538527,76.90524656627389,16.4,0.0,29.3,8.3,323,402,Barren,Silty,2.4,0.0,7.8,Unconfined,0.0,16.81
2022-01-04,Davanagere,14.468649499305277,75.98630483005417,8.03,174.6,38.6,5.5,636,361,Urban,Sandy,12.9,0.0,9.9,Confined,0.0,4.81
2022-01-05,Ballari,15.15533489221874,76.93090845603317,8.76,0.0,34.9,8.2,773,452,Barren,Loam,8.9,0.0,8.1,Confined,0.0,9.17
2022-01-06,Tumakuru,13.390628219477493,77.11374150239195,10.58,0.0,36.8,6.2,650,144,Barren,Loam,12.4,0.0,5.4,Confined,0.0,10.89
2022-01-07,Hubballi-Dharwad,15.323633726957357,75.09312383216496,9.74,131.2,23.6,6.1,744,238,Forest,Silty,8.8,0.0,1.8,Unconfined,0.0,7.42
2022-01-08,Tumakuru,13.393728180034683,77.19593581843185,21.43,0.0,22.1,8.3,380,380,Barren,Silty,14.9,0.0,0.5,Unconfined,0.0,21.84
2022-01-09,Mysuru,12.2371485813928,76.62675048298894,24.91,80.4,36.3,8.0,604,209,Forest,Silty,2.9,0.0,0.8,Unconfined,0.0,23.7
2022-01-10,Ballari,15.100110685493448,76.86630453804027,17.01,194.5,31.9,5.3,547,137,Agricultural,Sandy,4.7,0.0,3.8,Unconfined,35.1,13.74
2022-01-11,Vijayapura,16.8874826042467,75.6138463731457,12.44,148.8,26.0,8.9,298,286,Agricultural,Clay,11.6,0.0,7.6,Confined,33.6,10.24
2022-01-12,Tumakuru,13.20267595282519,77.14725828541931,8.94,11.7,32.8,6.8,508,490,Agricultural,Silty,14.4,0.0,3.9,Confined,40.6,9.45
2022-01-13,Bengaluru Urban,13.029873917666597,77.57684067223927,16.81,176.4,32.0,8.2,786,116,Forest,Loam,9.6,0.0,7.3,Confined,0.0,13.69
2022-01-14,Mysuru,12.263422127512385,76.59870563444757,7.52,118.1,31.1,6.7,323,409,Agricultural,Sandy,15.7,0.0,1.1,Confined,10.7,5.6
2022-01-15,Tumakuru,13.407782504248123,77.0527229083399,7.38,58.0,24.3,7.0,568,490,Agricultural,Sandy,9.4,0.0,3.6,Confined,0.7,6.58
2022-01-16,Mysuru,12.299792416788934,76.61025538213097,27.69,0.0,27.6,4.1,592,309,Barren,Clay,17.6,0.0,0.4,Unconfined,0.0,27.89
2022-01-17,Mangaluru,12.906997831339735,74.92778524834051,14.78,154.2,23.2,5.9,336,104,Agricultural,Loam,1.9,0.5,9.0,Unconfined,40.8,12.4
2022-01-18,Bengaluru Urban,13.01984226373776,77.63645104367933,5.38,155.5,34.7,6.7,270,496,Forest,Sandy,15.9,0.0,4.4,Unconfined,0.0,2.6
2022-01-19,Davanagere,14.42440166202035,75.97834781217566,12.13,169.3,30.8,6.3,268,262,Forest,Silty,15.7,0.0,1.4,Unconfined,0.0,9.06
2022-01-20,Belagavi,15.87764508465849,74.51428916748735,12.99,178.8,31.8,8.0,330,194,Urban,Loam,5.8,0.0,6.1,Unconfined,0.0,9.81
2022-01-21,Mysuru,12.277394008578533,76.7502084262899,24.02,36.1,21.3,8.2,216,170,Forest,Sandy,7.4,0.0,6.5,Unconfined,0.0,23.71
2022-01-22,Hubballi-Dharwad,15.389148977123863,75.13988040347554,11.0,142.4,34.9,8.5,743,113,Urban,Loam,10.8,0.0,2.5,Confined,0.0,8.58
2022-01-23,Tumakuru,13.437924547798927,77.14289372536061,5.36,175.3,39.3,6.1,615,287,Urban,Sandy,12.4,0.0,2.7,Confined,0.0,2.16
2022-01-24,Tumakuru,13.34334423335229,77.2006508366524,26.28,181.2,25.5,6.2,283,302,Forest,Silty,8.4,0.0,1.2,Confined,0.0,22.97
2022-01-25,Bengaluru Urban,12.907894653541597,77.67160845271137,10.38,79.8,35.5,7.1,394,422,Agricultural,Loam,16.6,0.0,5.3,Confined,25.4,9.39
2022-01-26,Bengaluru Urban,13.022384667785943,77.617539022976,29.61,194.9,26.8,8.0,674,372,Urban,Sandy,2.4,0.0,1.0,Unconfined,0.0,26.11
2022-01-27,Shivamogga,13.915572109180957,75.53413603882105,21.53,0.0,30.6,4.1,556,492,Barren,Sandy,19.1,0.0,3.7,Confined,0.0,21.73
2022-01-28,Ballari,15.20103983710257,76.88850708030509,8.52,135.3,37.3,8.2,784,184,Urban,Clay,13.8,0.0,0.9,Unconfined,0.0,6.22
2022-01-29,Belagavi,15.914088438250007,74.49789532091323,23.4,0.0,27.4,8.2,222,219,Barren,Clay,7.2,0.0,3.1,Unconfined,0.0,23.81
2022-01-30,Bengaluru Urban,13.023045228524566,77.53919329019925,5.78,119.6,22.5,7.6,766,270,Agricultural,Silty,1.4,0.0,9.3,Confined,11.4,3.88
2022-01-31,Ballari,15.099301308131771,76.92356390230515,16.72,188.1,20.1,8.9,274,455,Agricultural,Clay,17.8,0.0,6.2,Unconfined,18.9,13.59
2022-02-01,Davanagere,14.527454428325347,75.93055460618628,20.05,145.6,20.9,7.3,200,481,Agricultural,Sandy,5.7,0.0,5.6,Unconfined,8.7,17.59
2022-02-02,Davanagere,14.390874375381417,75.99267186808272,22.41,193.9,27.7,5.1,219,268,Agricultural,Loam,6.3,0.0,9.2,Unconfined,45.1,19.24
2022-02-03,Bengaluru Urban,12.96906112254181,77.62147575434847,27.81,188.0,20.7,4.7,503,311,Forest,Silty,17.0,0.0,6.3,Unconfined,0.0,24.28
2022-02-04,Mangaluru,12.89750423334668,74.82131691037397,18.48,0.0,20.6,7.3,494,282,Barren,Loam,17.9,-0.41,3.3,Confined,0.0,18.84
2022-02-05,Bengaluru Urban,12.963400902271808,77.58970629267178,20.51,141.7,20.6,4.9,756,244,Urban,Clay,7.6,0.0,6.3,Confined,0.0,17.92
2022-02-06,Mangaluru,12.889392857132588,74.86846224952647,13.57,62.7,27.9,7.1,577,124,Forest,Silty,4.2,-0.99,4.5,Unconfined,0.0,12.67
2022-02-07,Belagavi,15.84209937890692,74.506644914609,29.76,0.0,33.7,8.5,317,356,Barren,Clay,19.7,0.0,3.5,Confined,0.0,30.19
2022-02-08,Shivamogga,14.015557597222637,75.57207494956471,21.44,188.0,35.8,7.8,648,335,Agricultural,Loam,4.0,0.0,3.8,Unconfined,14.4,18.21
2022-02-09,Hubballi-Dharwad,15.324708284452187,75.04650770254145,16.93,25.6,36.3,8.2,430,415,Urban,Loam,10.2,0.0,4.8,Unconfined,0.0,16.83
2022-02-10,Belagavi,15.820146667743368,74.54084389882595,19.73,39.8,23.5,6.8,403,126,Agricultural,Silty,14.9,0.0,10.0,Confined,23.0,19.5
2022-02-11,Hubballi-Dharwad,15.387547303018055,75.08448143763701,25.91,131.7,25.7,5.6,727,194,Forest,Clay,5.4,0.0,2.2,Confined,0.0,23.56
2022-02-12,Mangaluru,12.908934807629931,74.85255973052968,24.96,102.6,28.9,6.5,739,126,Urban,Silty,10.2,0.78,9.1,Unconfined,0.0,23.23
2022-02-13,Mysuru,12.295830669588014,76.60378351997612,11.07,128.8,33.8,6.3,650,121,Urban,Silty,9.4,0.0,3.3,Unconfined,0.0,8.81
2022-02-14,Vijayapura,16.91150349820527,75.59967037421495,20.91,121.3,20.3,4.5,305,391,Agricultural,Silty,7.6,0.0,3.9,Unconfined,33.8,19.05
2022-02-15,Tumakuru,13.344041023187744,77.0464740768394,10.97,92.5,28.2,6.2,326,363,Forest,Loam,8.5,0.0,7.1,Unconfined,0.0,9.43
2022-02-16,Belagavi,15.840226855383317,74.47188689055773,14.04,0.0,37.4,7.1,538,119,Barren,Loam,4.2,0.0,5.5,Confined,0.0,14.39
2022-02-17,Davanagere,14.480578479221668,75.89470449018648,18.19,134.7,31.9,6.0,774,119,Forest,Clay,2.7,0.0,7.7,Unconfined,0.0,15.8
2022-02-18,Hubballi-Dharwad,15.35414480059341,75.17078350664927,28.04,0.0,38.6,5.3,349,182,Barren,Silty,19.8,0.0,7.7,Unconfined,0.0,28.3
2022-02-19,Mangaluru,12.915853327605696,74.83750269185833,25.69,0.0,31.1,6.8,538,204,Barren,Sandy,4.7,0.11,3.7,Confined,0.0,26.03
2022-02-20,Shivamogga,13.970491214435004,75.56362839717029,21.62,0.0,22.7,7.1,726,361,Barren,Clay,12.0,0.0,9.7,Unconfined,0.0,21.98
2022-02-21,Ballari,15.097091873158012,76.94772879228368,26.12,42.1,25.0,4.7,207,319,Urban,Sandy,11.7,0.0,1.2,Confined,0.0,25.51
2022-02-22,Shivamogga,13.933383511452105,75.51323983044684,9.57,0.0,39.4,5.2,205,328,Barren,Silty,4.0,0.0,1.1,Confined,0.0,9.83
2022-02-23,Davanagere,14.44631503829307,75.88223333506792,11.3,0.0,33.0,6.5,463,173,Barren,Loam,1.4,0.0,0.5,Confined,0.0,11.62
2022-02-24,Mangaluru,12.891661915842592,74.82207385295958,26.41,117.6,36.3,7.2,343,375,Agricultural,Clay,8.0,-0.75,1.1,Confined,11.1,24.53
2022-02-25,Bengaluru Urban,12.847622528757567,77.59719829088722,17.6,75.8,22.4,7.7,739,466,Forest,Clay,7.7,0.0,9.4,Confined,0.0,16.47
2022-02-26,Hubballi-Dharwad,15.436452825027542,75.07668887266564,16.61,38.4,34.1,4.7,333,322,Urban,Sandy,7.1,0.0,3.6,Unconfined,0.0,16.08
2022-02-27,Shivamogga,13.860876481267711,75.49855690679594,21.13,65.1,20.2,4.3,707,167,Urban,Silty,12.7,0.0,2.4,Confined,0.0,20.04
2022-02-28,Hubballi-Dharwad,15.337974532816474,75.10253614159659,9.52,68.3,24.0,6.5,265,202,Forest,Clay,12.1,0.0,2.0,Unconfined,0.0,8.48
2022-03-01,Shivamogga,13.940964833501917,75.56836119122028,26.59,103.4,32.9,5.9,467,264,Forest,Clay,7.8,0.0,5.9,Unconfined,0.0,24.82
2022-03-02,Davanagere,14.454598675484048,75.88920179127507,27.23,66.1,27.8,4.6,432,178,Urban,Silty,8.6,0.0,4.9,Confined,0.0,26.14
2022-03-03,Belagavi,15.858466306930188,74.5117334854103,25.24,177.2,31.6,4.6,611,186,Urban,Loam,19.7,0.0,5.7,Unconfined,0.0,21.93
2022-03-04,Tumakuru,13.33964161131326,77.02236461332875,11.91,93.7,22.0,6.8,423,303,Urban,Loam,9.4,0.0,9.9,Unconfined,0.0,10.38
2022-03-05,Shivamogga,13.96249842999415,75.57129849256872,14.01,11.4,22.1,4.1,420,295,Agricultural,Loam,5.8,0.0,8.4,Confined,28.1,14.27
2022-03-06,Bengaluru Urban,12.97036696861158,77.68882590449373,20.81,93.6,24.1,4.5,588,196,Forest,Silty,18.1,0.0,2.0,Confined,0.0,19.16
2022-03-07,Belagavi,15.783098927187025,74.5531176011534,21.01,0.0,39.1,6.0,397,196,Barren,Loam,13.8,0.0,3.2,Unconfined,0.0,21.31
2022-03-08,Shivamogga,13.939050561830497,75.60889983060825,22.72,131.2,33.8,6.9,752,351,Forest,Clay,19.8,0.0,3.7,Confined,0.0,20.44
2022-03-09,Ballari,15.194688267579936,76.88660584465123,23.2,122.1,33.2,6.9,383,468,Forest,Silty,13.7,0.0,4.0,Unconfined,0.0,21.1
2022-03-10,Vijayapura,16.903325714438537,75.60280071709026,23.96,197.1,29.1,4.0,764,156,Urban,Loam,16.7,0.0,6.8,Confined,0.0,20.22
2022-03-11,Belagavi,15.876756273459502,74.48770053145914,7.7,0.0,25.0,4.4,470,112,Barren,Loam,18.2,0.0,0.5,Confined,0.0,7.92
2022-03-12,Davanagere,14.418907644687462,75.83770354365846,18.38,167.3,32.9,6.0,721,269,Forest,Silty,14.1,0.0,0.9,Confined,0.0,15.33
2022-03-13,Ballari,15.093703937324026,76.91668126500507,10.39,75.7,21.0,8.4,729,423,Forest,Loam,5.9,0.0,0.7,Unconfined,0.0,9.3
2022-03-14,Vijayapura,16.902451545455985,75.72781851063982,8.15,13.9,21.3,6.5,484,147,Agricultural,Sandy,10.6,0.0,6.1,Confined,42.0,8.62
2022-03-15,Shivamogga,13.953696768285386,75.56076929510986,19.63,8.0,38.1,6.1,210,458,Agricultural,Silty,10.6,0.0,6.4,Confined,21.8,19.99
2022-03-16,Shivamogga,13.84281944288825,75.6000717723069,24.43,153.4,35.7,7.9,552,495,Urban,Sandy,9.7,0.0,3.6,Unconfined,0.0,21.76
2022-03-17,Belagavi,15.81978703701241,74.53579080753505,12.18,137.0,39.8,7.4,734,354,Agricultural,Silty,8.2,0.0,2.7,Unconfined,8.9,9.9
2022-03-18,Hubballi-Dharwad,15.3806854386342,75.13580429692307,19.11,114.4,29.3,5.0,642,112,Forest,Silty,7.4,0.0,6.4,Confined,0.0,17.07
2022-03-19,Shivamogga,14.018672128779077,75.57739173222565,29.32,167.8,23.4,8.1,247,150,Urban,Sandy,1.1,0.0,6.5,Confined,0.0,26.37
2022-03-20,Mangaluru,12.948346621441013,74.8924710611767,26.17,0.0,32.4,7.9,623,130,Barren,Sandy,2.9,0.01,8.4,Confined,0.0,26.57
2022-03-21,Bengaluru Urban,13.01162081684065,77.55076788305846,24.12,93.7,25.1,6.2,731,469,Urban,Silty,10.0,0.0,5.9,Unconfined,0.0,22.56
2022-03-22,Ballari,15.186561934398604,76.9202966302449,25.21,11.3,27.8,7.5,249,408,Forest,Loam,3.8,0.0,8.0,Unconfined,0.0,25.36
2022-03-23,Vijayapura,16.76907745830778,75.72654141498792,9.31,96.0,33.2,4.5,714,202,Forest,Clay,3.8,0.0,3.5,Unconfined,0.0,7.62
2022-03-24,Mysuru,12.35337029147882,76.64277909577945,29.77,58.0,33.7,8.1,203,223,Forest,Silty,2.9,0.0,4.4,Unconfined,0.0,29.02
2022-03-25,Davanagere,14.412085664750318,75.92535009043701,5.46,69.9,24.3,7.8,233,457,Agricultural,Sandy,10.9,0.0,0.4,Confined,27.3,4.72
2022-03-26,Ballari,15.113548308891874,76.9601068062436,13.9,0.0,29.6,7.3,299,161,Barren,Silty,19.3,0.0,9.9,Confined,0.0,14.27
2022-03-27,Mysuru,12.275195301531495,76.57401583263609,12.36,0.0,32.8,7.0,741,311,Barren,Silty,12.9,0.0,2.7,Unconfined,0.0,12.71
2022-03-28,Vijayapura,16.838269906118235,75.666624245674,20.05,134.6,31.7,8.4,599,148,Agricultural,Silty,10.2,0.0,4.9,Unconfined,33.4,18.11
2022-03-29,Shivamogga,13.903682345079147,75.61837343953268,16.55,20.0,32.8,5.7,583,445,Forest,Silty,17.5,0.0,4.3,Confined,0.0,16.44
2022-03-30,Davanagere,14.51034093033787,75.93733741894263,6.42,104.0,24.7,5.3,243,181,Urban,Sandy,13.5,0.0,3.8,Confined,0.0,4.6
2022-03-31,Shivamogga,13.918431252363062,75.55697451797879,13.49,134.5,35.9,6.7,213,313,Urban,Clay,7.7,0.0,6.4,Unconfined,0.0,11.14
2022-04-01,Tumakuru,13.299012774863492,77.11123695714214,27.85,0.0,32.7,6.3,213,406,Barren,Clay,13.8,0.0,3.2,Confined,0.0,28.17
2022-04-02,Vijayapura,16.836285834688823,75.84343069799975,15.28,142.4,21.6,8.3,283,487,Forest,Silty,4.3,0.0,1.8,Unconfined,0.0,12.85
2022-04-03,Ballari,15.151417057358788,76.91043658762909,12.12,49.5,21.9,7.2,604,106,Forest,Clay,7.3,0.0,0.9,Confined,0.0,11.49
2022-04-04,Belagavi,15.86957693794143,74.49104156393663,5.97,0.0,33.4,8.2,424,234,Barren,Sandy,14.7,0.0,4.0,Confined,0.0,6.38
2022-04-05,Tumakuru,13.46614209736132,77.08502252494928,5.77,46.7,25.5,4.6,545,491,Forest,Sandy,6.4,0.0,2.7,Unconfined,0.0,5.07
2022-04-06,Tumakuru,13.368010304195987,77.13417311796528,26.47,168.2,28.6,6.9,442,198,Urban,Silty,6.3,0.0,9.2,Confined,0.0,23.45
2022-04-07,Shivamogga,13.962525209715693,75.52699530682968,5.17,0.8,29.4,4.4,779,137,Agricultural,Loam,8.9,0.0,0.1,Unconfined,14.9,5.52
2022-04-08,Hubballi-Dharwad,15.318961292563554,75.1265122568049,12.61,165.3,35.6,8.1,738,451,Forest,Silty,16.0,0.0,9.0,Unconfined,0.0,9.71
2022-04-09,Ballari,15.112446096237125,76.90348689196372,27.53,169.7,26.2,7.5,744,250,Forest,Silty,3.2,0.0,9.1,Unconfined,0.0,24.51
2022-04-10,Mysuru,12.276469901075114,76.65582620243238,29.01,104.2,21.8,6.9,256,127,Agricultural,Loam,3.9,0.0,1.3,Confined,16.3,27.43
2022-04-11,Mysuru,12.330833817380062,76.66565796069955,6.05,91.6,22.9,8.3,786,450,Urban,Sandy,19.5,0.0,2.8,Unconfined,0.0,4.63
2022-04-12,Shivamogga,13.912409346406912,75.53108650456609,23.61,41.6,26.4,5.4,299,472,Forest,Clay,13.2,0.0,6.2,Confined,0.0,23.05
2022-04-13,Vijayapura,16.85361229015163,75.71037139850576,22.83,0.0,25.8,7.0,300,422,Barren,Loam,8.8,0.0,8.6,Confined,0.0,23.18
2022-04-14,Davanagere,14.494574256559462,75.99180415974261,9.74,0.0,32.2,8.7,220,331,Barren,Clay,18.2,0.0,9.8,Confined,0.0,10.18
2022-04-15,Bengaluru Urban,12.956713492936387,77.67695496262427,23.27,35.4,24.9,5.9,661,458,Urban,Loam,15.7,0.0,4.4,Confined,0.0,22.86
2022-04-16,Vijayapura,16.82959067215552,75.65147311468199,26.42,173.2,20.2,4.6,229,475,Forest,Clay,12.4,0.0,4.3,Confined,0.0,23.19
2022-04-17,Tumakuru,13.392357946876695,77.126026340741,15.93,0.0,27.0,5.6,466,378,Barren,Sandy,14.9,0.0,6.5,Unconfined,0.0,16.21
2022-04-18,Belagavi,15.846511273748044,74.53530375653656,24.07,0.0,22.4,4.4,553,397,Barren,Sandy,14.2,0.0,6.3,Unconfined,0.0,24.29
2022-04-19,Tumakuru,13.30669298137311,77.12558031844806,6.58,98.5,36.9,7.4,459,127,Urban,Sandy,12.5,0.0,6.7,Unconfined,0.0,4.98
2022-04-20,Shivamogga,13.842516873250963,75.55234279143727,13.02,112.4,29.1,5.1,660,485,Forest,Silty,6.2,0.0,6.5,Unconfined,0.0,11.03
2022-04-21,Belagavi,15.869614016661846,74.49080611263017,24.74,32.4,20.1,5.7,505,199,Forest,Loam,4.4,0.0,2.4,Confined,0.0,24.38
2022-04-22,Bengaluru Urban,12.998551082196961,77.61560078157117,15.4,0.0,23.0,4.2,679,345,Barren,Sandy,8.8,0.0,2.8,Unconfined,0.0,15.61
2022-04-23,Hubballi-Dharwad,15.357342552573598,75.08919484160306,11.27,120.8,27.5,4.5,723,494,Urban,Sandy,18.0,0.0,7.7,Unconfined,0.0,9.08
2022-04-24,Mangaluru,12.883621902963053,74.9297080848643,19.26,108.0,38.0,5.2,301,436,Urban,Clay,12.1,0.77,7.6,Confined,0.0,17.36
2022-04-25,Vijayapura,16.808899906111993,75.74528024173726,26.21,0.0,30.2,6.2,371,199,Barren,Silty,7.4,0.0,6.4,Confined,0.0,26.52
2022-04-26,Davanagere,14.496422995848183,75.8913728452017,16.52,85.8,27.0,6.2,389,416,Forest,Silty,12.6,0.0,6.9,Confined,0.0,15.11
2022-04-27,Davanagere,14.463026938390117,75.97601886491162,14.03,72.8,32.8,7.9,612,195,Urban,Clay,1.6,0.0,2.5,Unconfined,0.0,12.97
2022-04-28,Mysuru,12.301889822545856,76.67065878966675,21.23,164.8,39.2,7.3,585,172,Urban,Sandy,12.0,0.0,7.3,Confined,0.0,18.3
2022-04-29,Shivamogga,13.872485491019264,75.58148279378018,10.73,186.8,28.3,4.2,466,466,Urban,Loam,2.0,0.0,1.8,Unconfined,0.0,7.2
2022-04-30,Davanagere,14.470576551119093,75.84731599508888,20.96,146.2,35.4,5.8,647,180,Agricultural,Silty,5.4,0.0,5.5,Unconfined,38.5,18.71
2022-05-01,Bengaluru Urban,12.974438425526431,77.62669665790011,29.91,0.0,25.6,4.0,541,361,Barren,Silty,14.3,0.0,7.4,Confined,0.0,30.11
2022-05-02,Hubballi-Dharwad,15.308554194909107,75.1112879378353,9.79,135.5,30.5,5.4,412,404,Urban,Clay,5.1,0.0,0.8,Confined,0.0,7.35
2022-05-03,Ballari,15.147779463501076,76.87081990868987,14.87,176.3,39.9,8.3,494,416,Forest,Clay,9.9,0.0,9.5,Confined,0.0,11.76
2022-05-04,Mangaluru,12.821302754226458,74.75121941378009,26.27,71.7,27.9,7.1,245,429,Forest,Sandy,16.2,0.9,9.7,Confined,0.0,25.19
2022-05-05,Ballari,15.10987072360316,76.97679721306541,17.36,100.4,32.0,5.1,220,460,Forest,Silty,15.2,0.0,0.9,Unconfined,0.0,15.61
2022-05-06,Mangaluru,12.873312740589151,74.8105772012964,14.68,29.8,31.2,8.5,757,224,Forest,Loam,7.5,0.76,6.6,Unconfined,0.0,14.51
2022-05-07,Mangaluru,12.886988958216358,74.90151739381176,5.81,0.0,35.3,5.6,479,211,Barren,Clay,12.7,-0.4,3.3,Unconfined,0.0,6.09
2022-05-08,Mysuru,12.310166367859688,76.50577852783745,21.07,0.0,20.9,5.9,282,125,Barren,Silty,8.8,0.0,1.5,Unconfined,0.0,21.37
2022-05-09,Ballari,15.14880844890478,76.90786628785781,18.36,0.0,31.8,5.4,368,379,Barren,Sandy,5.6,0.0,7.7,Unconfined,0.0,18.63
2022-05-10,Bengaluru Urban,12.985363433664578,77.5568515559617,28.0,0.0,26.4,8.1,302,246,Barren,Silty,5.5,0.0,7.9,Confined,0.0,28.41
2022-05-11,Hubballi-Dharwad,15.391825782937259,75.12405111040466,24.68,29.5,22.4,7.5,572,209,Urban,Silty,13.1,0.0,5.8,Confined,0.0,24.46
2022-05-12,Tumakuru,13.354724275034487,77.08309012478855,14.1,0.0,26.0,7.3,464,456,Barren,Loam,12.5,0.0,1.7,Confined,0.0,14.46
2022-05-13,Bengaluru Urban,13.000777432681693,77.57091252854487,25.0,188.6,33.8,7.7,222,361,Forest,Silty,11.1,0.0,2.1,Unconfined,0.0,21.61
2022-05-14,Davanagere,14.435604615647058,76.00780065404543,7.48,0.0,34.3,5.2,751,381,Barren,Sandy,11.7,0.0,8.7,Confined,0.0,7.74
2022-05-15,Mysuru,12.304765325172218,76.66714373361715,21.77,78.7,29.7,6.7,481,378,Urban,Clay,2.3,0.0,2.6,Confined,0.0,20.53
2022-05-16,Belagavi,15.863970500869357,74.45093381457953,29.39,146.7,33.4,8.4,730,160,Urban,Sandy,2.8,0.0,3.4,Unconfined,0.0,26.88
2022-05-17,Belagavi,15.83423150351131,74.46533354144078,21.47,0.6,31.3,5.2,495,496,Urban,Clay,1.2,0.0,7.1,Unconfined,0.0,21.72
2022-05-18,Ballari,15.09915540952144,76.9567732171587,5.54,0.0,31.0,7.6,249,136,Barren,Sandy,19.4,0.0,6.2,Unconfined,0.0,5.92
2022-05-19,Shivamogga,13.954696068414261,75.6338548336598,27.45,151.6,24.2,7.5,473,107,Forest,Sandy,17.8,0.0,1.3,Unconfined,0.0,24.79
2022-05-20,Bengaluru Urban,12.997244712740844,77.62721065933306,10.18,49.9,34.4,6.8,664,147,Forest,Sandy,12.3,0.0,2.8,Confined,0.0,9.52
2022-05-21,Vijayapura,16.803486343914646,75.71693651451385,21.7,0.0,21.6,8.4,464,378,Barren,Silty,5.0,0.0,7.2,Unconfined,0.0,22.12
2022-05-22,Bengaluru Urban,12.989174504421621,77.71071359389043,21.74,86.6,21.0,7.6,621,292,Urban,Silty,14.9,0.0,4.1,Confined,0.0,20.39
2022-05-23,Mysuru,12.291662833614991,76.57223481148822,13.04,125.4,32.7,6.6,640,285,Forest,Sandy,12.0,0.0,2.8,Confined,0.0,10.86
2022-05-24,Belagavi,15.891216021062041,74.51647746507052,12.13,0.0,31.7,7.3,218,327,Barren,Silty,5.8,0.0,4.8,Unconfined,0.0,12.5
2022-05-25,Tumakuru,13.345447011538576,77.08834123802389,22.99,162.8,28.9,7.2,559,213,Agricultural,Clay,15.3,0.0,5.7,Confined,39.2,20.49
2022-05-26,Davanagere,14.501791642178345,75.91939381839022,7.71,133.1,28.2,8.3,498,314,Agricultural,Loam,17.1,0.0,3.1,Unconfined,40.0,5.86
2022-05-27,Belagavi,15.874020425046776,74.50713349696002,8.45,0.0,22.7,6.3,616,429,Barren,Clay,19.1,0.0,6.5,Confined,0.0,8.76
2022-05-28,Mysuru,12.33077529703326,76.56500226896381,18.93,146.1,21.6,6.4,213,460,Agricultural,Clay,7.8,0.0,1.3,Confined,19.6,16.52
2022-05-29,Bengaluru Urban,13.033429691666795,77.56598914893381,17.02,119.1,21.4,4.6,584,465,Forest,Loam,14.9,0.0,9.0,Unconfined,0.0,14.87
2022-05-30,Ballari,15.114007938559334,76.83172172494731,5.83,0.0,21.7,5.2,780,204,Barren,Clay,7.4,0.0,5.5,Confined,0.0,6.09
2022-05-31,Vijayapura,16.888372528202204,75.72022202535855,12.9,0.0,37.2,6.5,511,460,Barren,Sandy,4.1,0.0,7.2,Unconfined,0.0,13.22
2022-06-01,Mysuru,12.30377458603243,76.64154071429314,19.36,172.4,24.8,4.8,201,481,Agricultural,Loam,12.3,0.0,7.8,Confined,34.0,16.49
2022-06-02,Mysuru,12.357488638314502,76.54904450600581,21.78,34.0,20.0,4.1,628,350,Forest,Loam,18.6,0.0,3.0,Unconfined,0.0,21.3
2022-06-03,Vijayapura,16.83748863430918,75.69692449323419,21.18,108.3,25.9,7.1,324,469,Forest,Clay,1.2,0.0,9.3,Unconfined,0.0,19.37
2022-06-04,Ballari,15.006803060919552,76.94128309255154,9.59,70.3,24.5,8.2,793,440,Agricultural,Sandy,11.3,0.0,1.2,Confined,30.8,8.9
2022-06-05,Vijayapura,16.855343672780688,75.78103403271811,7.92,5.1,33.4,6.6,388,422,Agricultural,Silty,14.8,0.0,8.8,Confined,22.4,8.37
2022-06-06,Davanagere,14.432344264702143,75.8685338377066,24.29,174.6,27.0,5.5,758,247,Forest,Silty,19.2,0.0,6.8,Confined,0.0,21.07
2022-06-07,Shivamogga,13.926882893406098,75.5558009117481,5.56,0.0,28.1,9.0,354,168,Barren,Loam,14.8,0.0,8.8,Unconfined,0.0,6.01
2022-06-08,Shivamogga,13.914883285666697,75.4883144092641,24.33,111.9,25.5,7.7,432,181,Forest,Silty,9.8,0.0,5.6,Unconfined,0.0,22.48
2022-06-09,Mysuru,12.228495579201459,76.65040164928541,9.38,0.0,32.5,8.9,506,408,Barren,Sandy,17.7,0.0,6.4,Unconfined,0.0,9.83
2022-06-10,Mysuru,12.258377284242894,76.55801521619252,7.62,109.8,25.1,8.5,753,385,Agricultural,Clay,8.5,0.0,3.4,Unconfined,48.6,6.33
2022-06-11,Ballari,15.038899162348219,76.88755003776981,14.53,112.6,35.6,4.1,505,312,Urban,Silty,1.5,0.0,3.2,Confined,0.0,12.48
2022-06-12,Tumakuru,13.31284266598266,77.14595406298022,8.77,182.4,23.7,7.3,746,153,Urban,Silty,3.9,0.0,2.4,Unconfined,0.0,5.49
2022-06-13,Ballari,15.169437584733174,76.97374907170277,10.01,47.3,36.9,7.8,750,241,Agricultural,Silty,3.6,0.0,3.2,Unconfined,49.2,9.95
2022-06-14,Bengaluru Urban,12.991121643703437,77.5386724664915,21.91,3.4,32.6,4.7,372,232,Urban,Silty,12.5,0.0,2.8,Confined,0.0,22.08
2022-06-15,Hubballi-Dharwad,15.347482149249602,75.09844768240595,19.43,198.9,25.2,5.5,463,110,Urban,Sandy,7.0,0.0,0.8,Unconfined,0.0,15.73
2022-06-16,Belagavi,15.79325215290252,74.52838523501045,26.86,6.4,32.2,8.6,286,262,Urban,Sandy,11.7,0.0,6.3,Unconfined,0.0,27.16
2022-06-17,Ballari,15.122655578890072,77.05005248081672,12.67,199.8,27.6,8.4,469,116,Urban,Silty,19.6,0.0,0.2,Confined,0.0,9.09
2022-06-18,Mysuru,12.26890231050019,76.66662661326706,24.13,124.3,34.4,8.8,382,211,Urban,Silty,3.5,0.0,7.9,Unconfined,0.0,22.08
2022-06-19,Bengaluru Urban,12.968405914113113,77.58853295587917,26.3,0.0,33.4,8.7,590,426,Barren,Silty,12.3,0.0,4.2,Unconfined,0.0,26.73
2022-06-20,Davanagere,14.489050070713137,75.95853869150731,8.13,0.0,32.9,8.4,419,351,Barren,Loam,10.8,0.0,3.8,Unconfined,0.0,8.55
2022-06-21,Ballari,15.114041697335423,76.97726753198356,12.77,0.0,28.1,7.0,275,415,Barren,Clay,9.8,0.0,2.1,Unconfined,0.0,13.12
2022-06-22,Belagavi,15.882289468745306,74.47522916918481,12.22,94.3,27.9,7.7,685,189,Agricultural,Clay,6.0,0.0,2.2,Unconfined,2.0,10.74
2022-06-23,Bengaluru Urban,12.961257422601426,77.65374285347123,29.32,174.5,32.8,8.8,335,435,Forest,Loam,9.2,0.0,9.9,Unconfined,0.0,26.27
2022-06-24,Shivamogga,13.91496068513826,75.57837591161979,11.59,46.5,20.5,4.6,465,395,Forest,Sandy,10.4,0.0,4.7,Unconfined,0.0,10.89
2022-06-25,Shivamogga,14.032316810695189,75.5935544487518,16.89,20.9,30.4,5.9,515,238,Urban,Sandy,1.2,0.0,6.4,Confined,0.0,16.77
2022-06-26,Ballari,15.044459027454094,76.91188126844065,25.38,191.5,34.5,4.0,293,158,Agricultural,Sandy,17.2,0.0,4.1,Unconfined,43.1,22.18
2022-06-27,Tumakuru,13.335511120643456,77.1521387905474,27.53,0.0,33.8,8.3,677,444,Barren,Clay,7.8,0.0,6.0,Unconfined,0.0,27.95
2022-06-28,Bengaluru Urban,13.024244016663099,77.51187638018493,8.74,0.0,23.8,6.5,537,178,Barren,Silty,1.3,0.0,0.9,Unconfined,0.0,9.06
2022-06-29,Belagavi,15.842788852214367,74.47970042654507,23.25,0.0,34.9,5.9,427,246,Barren,Silty,4.9,0.0,9.0,Confined,0.0,23.55
2022-06-30,Bengaluru Urban,12.955173609580944,77.58983415314654,16.08,0.0,36.9,7.7,649,226,Barren,Silty,17.1,0.0,6.6,Unconfined,0.0,16.46
2022-07-01,Hubballi-Dharwad,15.397335776960771,75.1896402344338,21.12,0.0,38.5,6.7,400,466,Barren,Loam,4.6,0.0,3.3,Unconfined,0.0,21.46
2022-07-02,Mysuru,12.303575739139731,76.53538011322348,18.93,0.0,38.8,8.7,263,230,Barren,Silty,17.4,0.0,8.4,Confined,0.0,19.36
2022-07-03,Bengaluru Urban,13.036159572477635,77.55521593806338,6.27,199.8,22.9,4.9,303,424,Urban,Clay,17.3,0.0,9.9,Unconfined,0.0,2.52
2022-07-04,Hubballi-Dharwad,15.418099004369587,75.07752325644648,23.32,0.0,26.9,8.6,508,322,Barren,Loam,8.7,0.0,5.0,Unconfined,0.0,23.75
2022-07-05,Davanagere,14.548807109460476,75.8708205383658,10.24,58.9,32.0,4.4,799,352,Forest,Sandy,2.0,0.0,3.1,Confined,0.0,9.28
2022-07-06,Ballari,15.212953369620008,76.93056143614609,17.04,183.8,39.3,8.1,378,429,Agricultural,Loam,11.6,0.0,5.8,Confined,7.8,13.85
2022-07-07,Mangaluru,12.958284812699455,74.90357852414233,21.91,184.1,21.1,5.7,779,484,Agricultural,Sandy,16.7,0.02,2.4,Confined,17.2,18.69
2022-07-08,Ballari,15.08374269937743,76.92349368994564,22.93,0.0,29.4,8.8,760,150,Barren,Silty,8.5,0.0,10.0,Confined,0.0,23.37
2022-07-09,Mangaluru,12.922641081231019,74.87068057025344,9.27,0.0,31.7,5.4,631,115,Barren,Silty,17.3,0.4,5.0,Unconfined,0.0,9.54
2022-07-10,Davanagere,14.489221920444182,75.86446998337368,5.03,28.3,21.6,8.8,564,485,Agricultural,Clay,19.2,0.0,8.8,Confined,49.4,5.4
2022-07-11,Davanagere,14.505036725987168,75.95856841768921,25.25,121.7,39.2,7.4,646,234,Urban,Silty,10.7,0.0,7.0,Confined,0.0,23.19
2022-07-12,Belagavi,15.859259284239377,74.56266974337626,24.51,0.0,31.4,5.6,776,424,Barren,Sandy,9.5,0.0,2.4,Confined,0.0,24.79
2022-07-13,Mangaluru,13.019095520564381,74.84660288810929,15.16,145.5,23.0,8.6,624,374,Urban,Silty,4.5,-0.95,2.4,Confined,0.0,12.68
2022-07-14,Vijayapura,16.807337776312266,75.71528844823311,12.47,22.3,34.1,8.3,759,101,Agricultural,Clay,9.2,0.0,0.2,Unconfined,32.7,12.77
2022-07-15,Hubballi-Dharwad,15.392045163175228,75.24011976028876,25.2,0.0,26.0,6.9,597,408,Barren,Clay,9.7,0.0,3.0,Unconfined,0.0,25.54
2022-07-16,Hubballi-Dharwad,15.360217616497923,75.13342801029792,26.6,66.6,39.6,5.5,554,368,Agricultural,Loam,14.5,0.0,8.2,Unconfined,42.0,25.96
2022-07-17,Davanagere,14.523288143901533,75.86842015381517,13.76,1.8,23.2,8.8,643,187,Agricultural,Clay,3.9,0.0,8.3,Unconfined,49.6,14.66
2022-07-18,Ballari,15.182356388824967,76.91812937265146,10.58,73.9,21.6,6.4,457,310,Forest,Sandy,2.9,0.0,5.6,Unconfined,0.0,9.42
2022-07-19,Belagavi,15.746954236375327,74.4996708287008,5.99,12.3,36.1,7.5,406,159,Agricultural,Clay,17.8,0.0,8.3,Unconfined,23.8,6.36
2022-07-20,Tumakuru,13.34560019407968,77.10514601588092,21.42,7.2,21.2,7.1,289,139,Forest,Clay,2.6,0.0,2.9,Unconfined,0.0,21.63
2022-07-21,Shivamogga,13.866359011664736,75.56828021739997,23.16,110.2,32.8,7.5,204,163,Agricultural,Silty,4.7,0.0,7.8,Confined,13.1,21.46
2022-07-22,Bengaluru Urban,12.975714033310988,77.64449898492815,23.25,1.9,21.0,7.0,348,144,Forest,Loam,9.2,0.0,1.5,Unconfined,0.0,23.56
2022-07-23,Belagavi,15.793180556968897,74.4647713638212,8.7,161.6,21.5,4.7,214,198,Urban,Loam,13.0,0.0,3.2,Confined,0.0,5.7
2022-07-24,Mysuru,12.30560492718281,76.59356136246899,6.81,186.4,22.1,7.4,719,259,Forest,Silty,6.7,0.0,7.6,Unconfined,0.0,3.45
2022-07-25,Shivamogga,13.996195611026366,75.64610641925618,20.52,121.5,24.7,7.1,471,157,Forest,Sandy,5.7,0.0,9.1,Unconfined,0.0,18.45
2022-07-26,Davanagere,14.435393367943997,75.9443637671344,11.75,161.3,31.9,7.6,468,215,Agricultural,Loam,13.6,0.0,8.6,Unconfined,36.0,9.26
2022-07-27,Bengaluru Urban,12.92555568452791,77.5383752230592,26.94,63.4,29.6,8.7,417,141,Agricultural,Clay,15.9,0.0,2.1,Confined,27.3,26.38
2022-07-28,Mysuru,12.257751569614413,76.71822098513987,5.42,21.2,38.3,4.9,603,207,Forest,Sandy,11.4,0.0,0.3,Confined,0.0,5.24
2022-07-29,Hubballi-Dharwad,15.349033472910337,75.09535083976898,9.23,125.6,35.9,5.7,439,279,Agricultural,Clay,4.6,0.0,6.9,Confined,10.7,7.11
2022-07-30,Hubballi-Dharwad,15.295215598460075,75.1902792506615,29.85,0.0,37.4,5.5,246,106,Barren,Loam,15.8,0.0,5.5,Confined,0.0,30.12
2022-07-31,Hubballi-Dharwad,15.350235072235636,75.09530946465298,12.38,0.0,22.7,6.2,411,181,Barren,Silty,3.4,0.0,2.6,Confined,0.0,12.69
2022-08-01,Davanagere,14.369851781458122,75.8948060210809,14.05,0.0,22.9,8.9,348,206,Barren,Silty,1.2,0.0,6.3,Unconfined,0.0,14.5
2022-08-02,Tumakuru,13.467491323431924,77.05951921946472,17.6,10.3,38.7,8.3,353,448,Forest,Sandy,19.4,0.0,7.8,Unconfined,0.0,17.81
2022-08-03,Tumakuru,13.380180355379391,77.04728717967512,29.08,168.9,24.0,6.0,421,452,Forest,Clay,1.7,0.0,9.1,Unconfined,0.0,26.0
2022-08-04,Mysuru,12.228596440114913,76.6621376297565,23.75,0.0,32.3,9.0,675,401,Barren,Clay,13.5,0.0,7.1,Unconfined,0.0,24.2
2022-08-05,Shivamogga,13.990510853537742,75.55925944249171,19.18,166.0,32.9,4.0,301,306,Agricultural,Sandy,7.3,0.0,8.2,Confined,17.5,16.23
2022-08-06,Bengaluru Urban,12.877643993969183,77.57631361974927,24.15,25.1,22.1,4.4,468,346,Urban,Loam,11.0,0.0,2.9,Unconfined,0.0,23.87
2022-08-07,Mysuru,12.300005809804825,76.63861421751966,20.85,0.0,25.7,5.9,387,314,Barren,Loam,11.5,0.0,1.2,Confined,0.0,21.15
2022-08-08,Bengaluru Urban,12.898858431176276,77.54038443984612,27.87,52.1,31.9,7.5,539,312,Agricultural,Sandy,6.9,0.0,9.6,Unconfined,28.6,27.49
2022-08-09,Davanagere,14.492149296078994,75.96426687046915,19.27,109.6,32.8,4.9,581,200,Agricultural,Loam,14.9,0.0,2.6,Confined,40.0,17.72
2022-08-10,Hubballi-Dharwad,15.423764954024492,75.10291272993426,13.2,143.1,30.6,6.6,325,295,Forest,Silty,15.8,0.0,1.1,Unconfined,0.0,10.67
2022-08-11,Tumakuru,13.423929537685932,77.05337384162338,20.92,133.8,22.6,7.9,766,110,Urban,Silty,6.8,0.0,5.9,Unconfined,0.0,18.64
2022-08-12,Mysuru,12.343951196711188,76.61193609488154,12.91,119.1,39.6,7.3,497,290,Agricultural,Sandy,18.3,0.0,5.4,Unconfined,49.1,11.38
2022-08-13,Tumakuru,13.323319990183409,77.11497980575196,23.83,79.5,28.8,8.3,401,265,Forest,Silty,17.2,0.0,5.1,Confined,0.0,22.65
2022-08-14,Mysuru,12.355422658950042,76.62374881044208,14.91,130.7,24.2,4.1,611,209,Urban,Loam,8.7,0.0,3.5,Confined,0.0,12.5
2022-08-15,Davanagere,14.407871671689666,75.87829632248358,22.19,116.5,38.5,8.8,259,460,Urban,Sandy,8.5,0.0,1.5,Unconfined,0.0,20.3
2022-08-16,Ballari,15.106058564961886,76.85379902848116,12.25,0.0,20.5,5.1,734,357,Barren,Sandy,3.7,0.0,9.7,Confined,0.0,12.51
2022-08-17,Belagavi,15.831331328343326,74.42030024310529,11.52,181.3,37.8,6.2,602,157,Forest,Loam,17.5,0.0,1.0,Unconfined,0.0,8.2
2022-08-18,Hubballi-Dharwad,15.322634203978897,75.06068965541944,27.8,129.6,39.6,6.8,668,481,Urban,Loam,1.2,0.0,4.2,Confined,0.0,25.55
2022-08-19,Shivamogga,13.874156150536125,75.5355864439938,18.4,1.3,32.5,5.4,424,356,Urban,Silty,16.2,0.0,9.1,Unconfined,0.0,18.64
2022-08-20,Ballari,15.140224705086483,76.8960944627317,21.55,0.0,39.8,7.0,681,282,Barren,Loam,7.0,0.0,1.7,Confined,0.0,21.9
2022-08-21,Davanagere,14.504051254885416,75.86092964989669,28.4,29.2,21.3,4.4,480,325,Forest,Sandy,2.7,0.0,0.8,Confined,0.0,28.04
2022-08-22,Bengaluru Urban,13.067647090779507,77.62069253022315,5.57,129.6,21.2,5.7,342,142,Agricultural,Loam,5.9,0.0,2.8,Unconfined,18.8,3.45
2022-08-23,Shivamogga,14.000249812236175,75.5112419062493,26.66,0.0,34.5,7.1,559,437,Barren,Silty,3.5,0.0,3.8,Confined,0.0,27.02
2022-08-24,Mangaluru,12.95516925799515,74.82123339273518,12.19,77.4,23.8,4.9,518,198,Urban,Clay,19.5,0.23,9.8,Confined,0.0,10.89
2022-08-25,Hubballi-Dharwad,15.38365972484538,75.17188782684235,12.73,186.3,22.3,7.1,658,237,Forest,Loam,17.0,0.0,5.5,Unconfined,0.0,9.36
2022-08-26,Hubballi-Dharwad,15.324935617471033,75.09906214435884,10.73,75.1,27.8,5.1,782,342,Agricultural,Sandy,17.5,0.0,5.7,Confined,40.7,9.89
2022-08-27,Bengaluru Urban,13.013081138455437,77.61689158294526,20.7,13.0,22.9,6.0,548,340,Agricultural,Sandy,18.1,0.0,8.9,Confined,46.2,21.2
2022-08-28,Vijayapura,16.83948010504574,75.69076679210598,16.76,28.6,37.7,4.8,610,344,Agricultural,Loam,7.1,0.0,9.4,Unconfined,21.8,16.65
2022-08-29,Davanagere,14.525776650604014,75.88237685014902,9.95,63.5,35.5,5.2,669,359,Forest,Silty,11.7,0.0,6.5,Confined,0.0,8.94
2022-08-30,Davanagere,14.539458744991386,75.90629624308096,10.49,192.7,33.0,7.8,388,203,Agricultural,Loam,4.4,0.0,4.0,Unconfined,28.5,7.31
2022-08-31,Mysuru,12.296761113205879,76.6727615805004,10.92,0.0,21.4,5.3,477,308,Barren,Sandy,14.0,0.0,4.5,Confined,0.0,11.19
2022-09-01,Mangaluru,12.825424363203973,74.79548492324392,16.02,0.0,23.1,7.0,401,231,Barren,Sandy,1.5,0.32,8.8,Unconfined,0.0,16.37
2022-09-02,Tumakuru,13.34109171310795,77.12552639672084,11.42,49.5,27.2,5.9,277,261,Agricultural,Sandy,8.6,0.0,5.9,Confined,25.3,10.98
2022-09-03,Belagavi,15.87509503461338,74.56188748782458,17.17,0.0,27.3,4.5,651,473,Barren,Silty,6.9,0.0,2.3,Confined,0.0,17.4
2022-09-04,Tumakuru,13.24910965960545,77.09419045416088,23.41,0.0,36.2,6.1,465,192,Barren,Sandy,2.5,0.0,0.7,Confined,0.0,23.71
2022-09-05,Vijayapura,16.791243888169163,75.70399616631079,26.08,25.8,20.3,8.8,631,426,Forest,Loam,6.7,0.0,8.2,Unconfined,0.0,26.0
2022-09-06,Tumakuru,13.327450110024008,77.1647487826454,10.91,184.5,36.5,7.8,275,498,Urban,Silty,15.8,0.0,6.2,Unconfined,0.0,7.61
2022-09-07,Mangaluru,12.906722831993555,74.9374437402165,29.65,198.7,35.0,6.5,444,327,Urban,Loam,11.7,-0.89,7.6,Confined,0.0,26.0
2022-09-08,Bengaluru Urban,13.033212500916452,77.61121961268867,21.75,96.9,24.9,6.8,579,328,Urban,Clay,3.2,0.0,5.3,Unconfined,0.0,20.15
2022-09-09,Mysuru,12.284081039181604,76.64347922234623,28.62,122.2,31.8,8.9,374,317,Forest,Loam,8.6,0.0,6.1,Unconfined,0.0,26.62
2022-09-10,Hubballi-Dharwad,15.380406878966218,75.1774765156871,12.83,53.4,34.0,8.6,375,316,Agricultural,Clay,7.0,0.0,2.9,Unconfined,47.0,12.66
2022-09-11,Tumakuru,13.325810299056853,77.17558863610988,26.11,0.0,32.0,6.9,329,266,Barren,Sandy,19.6,0.0,7.8,Unconfined,0.0,26.45
2022-09-12,Mysuru,12.302840502839075,76.61812837809084,28.48,131.6,32.3,6.6,699,142,Forest,Loam,16.8,0.0,7.3,Confined,0.0,26.18
2022-09-13,Vijayapura,16.81893925277148,75.77107826630382,6.56,21.0,20.4,5.5,214,396,Agricultural,Sandy,11.8,0.0,7.2,Confined,40.5,6.82
2022-09-14,Hubballi-Dharwad,15.37851557629486,75.06501900966322,28.0,197.2,34.1,6.1,606,110,Forest,Sandy,8.3,0.0,3.4,Unconfined,0.0,24.36
2022-09-15,Bengaluru Urban,12.935177711712154,77.61134957223923,16.38,86.3,26.6,4.6,494,430,Agricultural,Clay,7.4,0.0,4.6,Confined,40.7,15.29
2022-09-16,Mangaluru,12.911612487554967,74.82437213076348,10.06,0.0,31.8,4.3,479,235,Barren,Silty,13.0,0.73,1.5,Confined,0.0,10.28
2022-09-17,Hubballi-Dharwad,15.411223212048355,75.08987879398835,7.36,0.0,36.8,4.8,373,441,Barren,Silty,4.7,0.0,4.8,Unconfined,0.0,7.6
2022-09-18,Vijayapura,16.810625144051038,75.73124258244562,15.9,172.9,35.3,7.0,513,215,Agricultural,Clay,7.2,0.0,1.2,Confined,6.0,12.85
2022-09-19,Vijayapura,16.817472486600135,75.83111773444385,26.52,6.9,28.1,8.5,726,171,Agricultural,Clay,17.5,0.0,8.8,Confined,41.9,27.23
2022-09-20,Tumakuru,13.357532213876075,77.1211684935416,17.27,131.0,36.6,6.4,669,210,Forest,Clay,19.5,0.0,1.9,Confined,0.0,14.97
2022-09-21,Vijayapura,16.79778419049002,75.68794377849534,13.65,151.2,37.6,5.3,274,469,Urban,Loam,11.8,0.0,6.5,Unconfined,0.0,10.89
2022-09-22,Hubballi-Dharwad,15.31255040544513,75.12317392640672,13.12,0.0,34.9,5.9,427,257,Barren,Sandy,4.1,0.0,2.3,Confined,0.0,13.41
2022-09-23,Mysuru,12.24788490367341,76.69331157015807,5.2,0.0,20.3,8.5,243,471,Barren,Clay,1.2,0.0,9.1,Confined,0.0,5.62
2022-09-24,Shivamogga,13.82597169952847,75.5123400358703,14.21,0.0,32.4,7.5,700,263,Barren,Sandy,2.7,0.0,1.7,Unconfined,0.0,14.59
2022-09-25,Shivamogga,13.902624315430728,75.59905410137662,14.53,134.4,27.6,4.8,418,220,Forest,Loam,10.2,0.0,1.3,Confined,0.0,12.08
2022-09-26,Mangaluru,12.883758165165963,74.85107078520977,21.65,184.7,30.3,6.2,746,123,Urban,Clay,7.6,-0.21,4.2,Confined,0.0,18.27
2022-09-27,Vijayapura,16.77995144777805,75.75674912282422,16.47,67.3,32.8,7.2,388,383,Agricultural,Silty,7.4,0.0,0.5,Confined,32.4,15.81
2022-09-28,Belagavi,15.860776792119031,74.51406746363483,29.05,0.0,35.2,6.9,712,348,Barren,Loam,10.2,0.0,8.9,Unconfined,0.0,29.39
2022-09-29,Tumakuru,13.34718964626665,77.14822703593462,29.91,0.0,28.9,5.5,504,330,Barren,Sandy,6.0,0.0,3.5,Unconfined,0.0,30.18
2022-09-30,Ballari,15.258879307995832,76.87222656091062,20.46,0.0,37.0,4.8,363,418,Barren,Loam,14.5,0.0,4.6,Unconfined,0.0,20.7
2022-10-01,Mangaluru,12.94973556729079,74.88338433304935,29.46,15.7,35.2,4.2,746,235,Agricultural,Silty,2.1,-0.26,6.0,Unconfined,13.5,29.49
2022-10-02,Belagavi,15.874559273238145,74.4267267085586,9.71,0.0,27.4,6.8,330,217,Barren,Clay,5.8,0.0,4.7,Confined,0.0,10.05
2022-10-03,Davanagere,14.395792668473367,75.88398171236722,17.73,179.9,36.7,7.6,248,353,Forest,Clay,15.4,0.0,4.1,Unconfined,0.0,14.51
2022-10-04,Davanagere,14.476565079759366,76.01279126747562,11.07,0.0,32.0,8.0,498,420,Barren,Sandy,16.1,0.0,7.9,Confined,0.0,11.47
2022-10-05,Bengaluru Urban,13.013805058732185,77.63489915212917,13.95,198.5,28.2,5.3,249,228,Agricultural,Clay,17.0,0.0,1.4,Unconfined,43.4,10.68
2022-10-06,Tumakuru,13.35954955740805,77.01018874461538,22.25,132.1,30.0,8.2,304,470,Agricultural,Clay,18.6,0.0,6.2,Unconfined,47.1,20.49
2022-10-07,Mysuru,12.400408491687825,76.63685141600062,5.05,99.9,20.2,5.2,325,379,Agricultural,Clay,13.2,0.0,3.0,Confined,42.3,3.73
2022-10-08,Davanagere,14.493120995064816,75.95897094163324,21.1,173.1,38.3,4.5,607,422,Agricultural,Silty,15.0,0.0,8.2,Unconfined,44.3,18.31
2022-10-09,Ballari,15.06633703579106,76.89913776006941,28.12,119.3,39.3,8.1,347,299,Urban,Sandy,11.1,0.0,7.0,Confined,0.0,26.14
2022-10-10,Vijayapura,16.85049104701482,75.7221237571766,26.32,139.4,35.2,7.0,304,359,Agricultural,Sandy,5.2,0.0,3.2,Confined,48.2,24.36
2022-10-11,Davanagere,14.472654947069378,75.92658382194486,29.24,163.5,38.5,4.3,689,329,Forest,Loam,17.7,0.0,0.8,Confined,0.0,26.18
2022-10-12,Mysuru,12.359668560396456,76.68477956708313,12.82,79.4,36.2,5.9,647,350,Urban,Silty,8.5,0.0,6.5,Confined,0.0,11.53
2022-10-13,Belagavi,15.844323439418314,74.57036378976655,12.68,197.2,28.0,8.9,565,121,Forest,Silty,7.4,0.0,8.2,Confined,0.0,9.18
2022-10-14,Ballari,15.137876314976111,76.90243177650501,22.36,152.9,24.1,6.5,738,359,Forest,Clay,9.5,0.0,3.4,Confined,0.0,19.63
2022-10-15,Bengaluru Urban,12.930029702224386,77.61605800000503,20.82,0.0,30.0,7.5,380,478,Barren,Silty,19.2,0.0,1.7,Confined,0.0,21.2
2022-10-16,Vijayapura,16.901049857247394,75.72450978852632,10.19,46.9,26.9,4.5,499,333,Urban,Silty,15.8,0.0,7.7,Confined,0.0,9.48
2022-10-17,Mysuru,12.367674185001915,76.65774985793405,6.69,69.8,32.3,6.8,528,367,Forest,Sandy,10.9,0.0,8.7,Unconfined,0.0,5.63
2022-10-18,Hubballi-Dharwad,15.424394017478201,75.12522995936754,9.06,177.8,35.8,4.3,420,355,Agricultural,Loam,12.4,0.0,7.0,Confined,24.9,5.97
2022-10-19,Mysuru,12.378999216875929,76.62484784721852,21.35,0.0,37.5,6.6,794,458,Barren,Clay,16.5,0.0,2.9,Unconfined,0.0,21.68
2022-10-20,Vijayapura,16.753132336356344,75.80555289411986,27.1,43.4,39.7,8.5,771,123,Forest,Loam,19.1,0.0,8.2,Confined,0.0,26.66
2022-10-21,Belagavi,15.86936240500325,74.5494651186153,25.56,87.4,31.8,6.2,719,224,Agricultural,Loam,5.4,0.0,0.1,Unconfined,10.6,24.23
2022-10-22,Mangaluru,12.909112956010325,74.87739567586027,9.03,83.3,37.3,6.8,421,250,Forest,Sandy,6.1,-0.12,0.8,Confined,0.0,7.7
2022-10-23,Bengaluru Urban,12.91920114591902,77.62243951945622,15.68,134.7,20.4,4.5,221,441,Agricultural,Loam,13.1,0.0,9.7,Unconfined,39.9,13.61
2022-10-24,Vijayapura,16.777381310688813,75.75313421148151,8.34,134.2,39.9,6.0,349,222,Urban,Sandy,16.4,0.0,1.8,Unconfined,0.0,5.96
2022-10-25,Hubballi-Dharwad,15.363094469056838,75.06859474944594,18.76,198.5,27.6,8.8,553,211,Forest,Sandy,15.4,0.0,6.4,Unconfined,0.0,15.23
2022-10-26,Mysuru,12.26772905490024,76.65473502686305,8.53,67.2,28.3,7.3,684,397,Forest,Clay,16.8,0.0,0.9,Confined,0.0,7.55
2022-10-27,Shivamogga,13.894608920614559,75.62805498346421,5.63,156.3,25.4,6.7,614,161,Urban,Loam,1.7,0.0,5.2,Unconfined,0.0,2.84
2022-10-28,Mangaluru,12.990571334170859,74.83610280668711,11.07,59.8,32.6,6.7,300,179,Urban,Sandy,2.4,0.85,5.1,Confined,0.0,10.21
2022-10-29,Mysuru,12.336175940826125,76.62011581246644,14.25,79.4,33.2,7.3,708,440,Forest,Sandy,16.2,0.0,7.6,Unconfined,0.0,13.03
2022-10-30,Tumakuru,13.361736520317871,77.1614966727415,18.72,27.7,38.8,8.8,462,404,Urban,Clay,9.3,0.0,1.0,Unconfined,0.0,18.61
2022-10-31,Davanagere,14.431808398943682,75.96324740818908,5.46,61.0,26.0,7.5,349,243,Urban,Clay,3.7,0.0,3.1,Confined,0.0,4.62
2022-11-01,Bengaluru Urban,13.070201059818082,77.61748887413701,8.7,156.2,20.5,4.1,527,434,Agricultural,Sandy,2.8,0.0,7.3,Confined,46.7,6.25
2022-11-02,Shivamogga,13.939936840477214,75.60846261940407,9.53,42.8,38.4,5.4,292,481,Urban,Sandy,2.8,0.0,8.4,Confined,0.0,8.94
2022-11-03,Belagavi,15.845145345723234,74.59991305508052,16.99,6.4,37.1,5.8,285,346,Agricultural,Clay,16.2,0.0,3.9,Confined,29.5,17.45
2022-11-04,Vijayapura,16.796500023520764,75.66619989250131,6.57,0.0,22.3,6.7,316,136,Barren,Silty,11.2,0.0,6.3,Confined,0.0,6.91
2022-11-05,Mangaluru,12.901876545328848,74.82774351364192,11.19,0.0,30.7,6.2,401,349,Barren,Sandy,6.4,-0.02,4.3,Unconfined,0.0,11.5
2022-11-06,Davanagere,14.497485564243023,75.91027297589227,17.74,85.9,32.3,6.1,267,182,Agricultural,Loam,10.9,0.0,9.3,Confined,49.0,16.82
2022-11-07,Ballari,15.164170747652571,76.89224693183456,14.04,139.4,22.8,8.6,654,371,Forest,Silty,10.5,0.0,10.0,Unconfined,0.0,11.68
2022-11-08,Belagavi,15.785960215262223,74.45867058677818,16.16,158.8,36.0,4.1,610,284,Forest,Clay,13.4,0.0,5.0,Confined,0.0,13.19
2022-11-09,Shivamogga,13.902813764281625,75.59965695386329,17.92,178.5,25.7,7.7,609,293,Agricultural,Clay,19.5,0.0,0.7,Unconfined,25.7,14.99
2022-11-10,Ballari,15.029588822476393,76.94888557693011,20.91,185.5,31.7,9.0,516,475,Forest,Clay,13.4,0.0,6.3,Confined,0.0,17.65
2022-11-11,Shivamogga,13.804796514765933,75.56236714205801,14.97,36.5,20.3,5.1,539,319,Urban,Silty,9.2,0.0,6.9,Unconfined,0.0,14.5
2022-11-12,Shivamogga,13.93228045890675,75.56090361858341,5.38,0.0,38.9,6.1,595,237,Barren,Silty,15.2,0.0,3.7,Unconfined,0.0,5.68
2022-11-13,Shivamogga,13.991097940810315,75.58397485216467,19.43,0.0,26.8,4.4,744,204,Barren,Sandy,16.2,0.0,8.4,Confined,0.0,19.65
2022-11-14,Davanagere,14.407090158257741,75.92632085398684,17.72,0.0,35.2,7.6,656,472,Barren,Silty,2.4,0.0,6.7,Unconfined,0.0,18.1
2022-11-15,Belagavi,15.832014113778746,74.57343756248736,24.26,0.0,30.1,8.3,667,232,Barren,Sandy,7.9,0.0,4.4,Confined,0.0,24.68
2022-11-16,Mangaluru,12.858791107383347,74.82773390480712,16.56,141.7,21.0,9.0,323,445,Urban,Silty,3.2,-0.83,0.1,Confined,0.0,14.18
2022-11-17,Belagavi,15.859146640981406,74.52653188078375,5.26,143.6,34.7,4.7,685,185,Agricultural,Loam,7.0,0.0,1.8,Unconfined,13.1,2.75
2022-11-18,Ballari,15.130999925056958,76.8805119631006,26.13,189.4,23.1,5.1,364,448,Forest,Sandy,5.7,0.0,6.2,Unconfined,0.0,22.6
2022-11-19,Shivamogga,13.939308036731585,75.5130937287251,6.83,0.0,34.6,4.0,416,344,Barren,Sandy,6.9,0.0,3.2,Confined,0.0,7.03
2022-11-20,Vijayapura,16.81475787248008,75.65761501794817,15.83,129.2,27.6,5.4,694,481,Agricultural,Sandy,4.7,0.0,7.1,Confined,8.3,13.6
2022-11-21,Vijayapura,16.769170790835023,75.70633301837364,8.97,150.2,38.2,6.8,512,216,Forest,Loam,13.9,0.0,8.1,Confined,0.0,6.31
2022-11-22,Davanagere,14.501394311138515,75.87069710979239,21.8,94.4,22.2,4.5,466,423,Urban,Clay,10.4,0.0,0.7,Unconfined,0.0,20.14
2022-11-23,Tumakuru,13.414354860377685,77.18672678919427,26.34,198.5,24.8,5.7,228,376,Urban,Silty,12.6,0.0,2.3,Confined,0.0,22.66
2022-11-24,Bengaluru Urban,12.94052248665987,77.61195385271795,7.39,79.4,30.0,6.6,527,284,Agricultural,Silty,2.3,0.0,8.2,Confined,25.7,6.39
2022-11-25,Mysuru,12.374580268269728,76.6677670980081,26.63,174.4,22.8,6.3,299,120,Forest,Clay,15.6,0.0,1.7,Unconfined,0.0,23.46
2022-11-26,Mangaluru,12.921151197082034,74.90133463395156,8.84,187.7,22.5,6.5,573,336,Forest,Silty,4.6,-0.4,3.5,Confined,0.0,5.41
2022-11-27,Belagavi,15.920817668714903,74.46855485043423,29.35,0.0,20.6,8.8,664,257,Barren,Silty,7.2,0.0,6.9,Unconfined,0.0,29.79
2022-11-28,Tumakuru,13.40578640072111,77.0736850585844,13.47,54.8,20.3,6.7,557,272,Forest,Silty,13.3,0.0,7.4,Unconfined,0.0,12.71
2022-11-29,Hubballi-Dharwad,15.433445338790795,75.13120269108798,26.49,72.8,33.1,5.7,217,373,Forest,Clay,4.1,0.0,5.9,Confined,0.0,25.32
2022-11-30,Davanagere,14.472061162202545,75.9675506805849,23.84,96.5,33.9,7.4,334,111,Urban,Sandy,13.5,0.0,7.9,Confined,0.0,22.28
2022-12-01,Davanagere,14.405646452432336,75.97527861672937,17.52,99.0,35.6,4.3,766,142,Forest,Sandy,15.1,0.0,5.3,Confined,0.0,15.75
2022-12-02,Ballari,15.118845449816009,76.88602189973324,11.03,76.6,24.4,5.7,566,316,Forest,Silty,11.3,0.0,7.4,Confined,0.0,9.78
2022-12-03,Hubballi-Dharwad,15.390398448325103,75.20428247522123,10.3,89.4,21.1,4.9,449,136,Forest,Sandy,8.9,0.0,2.2,Unconfined,0.0,8.76
2022-12-04,Vijayapura,16.90700940021101,75.6353180068133,5.45,65.7,31.9,8.4,428,226,Agricultural,Silty,13.9,0.0,2.0,Unconfined,21.7,4.77
2022-12-05,Ballari,15.239606879230433,76.94440207415253,14.06,19.6,23.5,8.6,435,307,Urban,Sandy,3.1,0.0,1.1,Unconfined,0.0,14.1
2022-12-06,Davanagere,14.467659095620998,75.96017022513783,14.49,177.8,36.1,7.2,258,121,Forest,Sandy,14.2,0.0,0.3,Confined,0.0,11.29
2022-12-07,Davanagere,14.42566636400607,75.88643988239131,29.99,0.0,28.1,4.1,715,302,Barren,Loam,3.5,0.0,3.5,Confined,0.0,30.19
2022-12-08,Vijayapura,16.77383911931969,75.66871728886774,28.88,0.0,35.1,8.0,320,437,Barren,Sandy,10.2,0.0,0.3,Unconfined,0.0,29.28
2022-12-09,Mysuru,12.254187127185826,76.62178271980686,18.46,0.7,33.7,5.3,323,101,Urban,Sandy,14.8,0.0,7.5,Confined,0.0,18.71
2022-12-10,Hubballi-Dharwad,15.343025616536803,75.07979002179198,22.82,0.0,24.8,7.6,515,264,Barren,Clay,3.5,0.0,3.6,Unconfined,0.0,23.2
2022-12-11,Davanagere,14.432523330028301,75.92727705212103,6.71,0.0,21.1,7.2,362,331,Barren,Sandy,13.2,0.0,3.0,Confined,0.0,7.07
2022-12-12,Mangaluru,12.917902820430855,74.80036796398416,25.37,171.7,25.9,7.0,455,404,Agricultural,Clay,18.6,0.79,6.6,Unconfined,25.0,22.54
2022-12-13,Davanagere,14.404041226488244,75.96192330955787,6.72,171.3,33.9,7.7,708,333,Forest,Clay,18.4,0.0,2.3,Unconfined,0.0,3.68
2022-12-14,Belagavi,15.828503847744173,74.55583778205612,29.93,40.8,32.6,7.2,433,338,Agricultural,Loam,11.8,0.0,8.6,Unconfined,15.1,29.62
2022-12-15,Tumakuru,13.334008999981249,77.14002762485221,24.23,0.0,23.1,6.7,233,100,Barren,Loam,12.7,0.0,2.2,Confined,0.0,24.57
2022-12-16,Mangaluru,12.928461696503826,74.86442572884502,28.33,89.1,37.3,8.2,263,264,Forest,Clay,7.2,0.1,4.9,Unconfined,0.0,26.96
2022-12-17,Mangaluru,12.923874681289647,74.9147233402306,24.11,0.0,21.7,5.4,562,387,Barren,Clay,18.9,-0.1,9.9,Unconfined,0.0,24.38
2022-12-18,Davanagere,14.451071452088861,75.9462899737292,27.9,0.0,22.9,8.4,579,305,Barren,Silty,5.7,0.0,6.1,Confined,0.0,28.32
2022-12-19,Ballari,15.048833355783543,76.9612434589296,25.95,166.2,22.9,6.7,310,227,Agricultural,Loam,10.1,0.0,1.1,Unconfined,27.5,23.24
2022-12-20,Hubballi-Dharwad,15.401652270236525,75.11353509967499,24.04,0.0,36.9,6.8,248,213,Barren,Clay,11.3,0.0,8.2,Confined,0.0,24.38
2022-12-21,Davanagere,14.532435636656071,76.00038006701749,5.36,139.0,22.0,8.6,655,124,Forest,Sandy,13.7,0.0,1.0,Confined,0.0,3.01
2022-12-22,Belagavi,15.81144040946426,74.53834645042485,28.39,22.4,21.6,5.0,630,290,Forest,Sandy,10.3,0.0,4.6,Unconfined,0.0,28.19
2022-12-23,Tumakuru,13.440925213485972,77.14106731404847,21.94,138.6,36.8,8.1,713,379,Agricultural,Sandy,9.0,0.0,9.7,Unconfined,9.6,19.67
2022-12-24,Hubballi-Dharwad,15.34779031480593,75.13690932925896,16.64,122.9,32.1,7.1,504,350,Agricultural,Sandy,4.4,0.0,2.8,Unconfined,30.1,14.84
2022-12-25,Mangaluru,12.985281260750229,74.83979226307393,18.71,111.8,20.9,5.5,288,117,Urban,Silty,5.0,-0.27,3.2,Confined,0.0,16.75
2022-12-26,Vijayapura,16.847531814729564,75.63359960498734,12.36,70.8,22.6,6.5,445,146,Urban,Sandy,9.6,0.0,5.6,Unconfined,0.0,11.27
2022-12-27,Shivamogga,13.942445571198409,75.52615205283404,17.75,0.0,23.8,5.5,461,177,Barren,Silty,10.4,0.0,2.1,Confined,0.0,18.02
2022-12-28,Hubballi-Dharwad,15.37737351399272,75.14277550983307,13.68,24.3,35.1,5.0,367,428,Forest,Sandy,3.5,0.0,4.0,Confined,0.0,13.44
2022-12-29,Hubballi-Dharwad,15.307114976525018,75.07585723278986,28.61,97.4,27.4,4.1,642,426,Urban,Clay,13.0,0.0,2.1,Confined,0.0,26.87
2022-12-30,Mangaluru,12.92579923953973,74.84437668717665,11.95,33.4,28.7,8.0,394,356,Urban,Loam,15.8,-0.74,0.5,Confined,0.0,11.68
2022-12-31,Tumakuru,13.334575133844671,77.1051287408038,16.09,0.0,29.3,4.6,245,240,Barren,Sandy,9.0,0.0,9.8,Confined,0.0,16.32
2023-01-01,Ballari,15.189286071905759,76.89830688961374,5.05,72.0,38.7,7.6,381,299,Agricultural,Silty,11.9,0.0,1.7,Unconfined,9.7,4.09
2023-01-02,Mangaluru,12.88961047956551,74.75073975065294,22.26,0.0,33.5,5.9,377,207,Barren,Sandy,17.9,0.77,3.9,Confined,0.0,22.56
2023-01-03,Shivamogga,13.957625392514329,75.4938909020681,12.35,45.8,36.4,7.1,616,353,Agricultural,Loam,19.6,0.0,3.3,Confined,7.0,11.86
2023-01-04,Ballari,15.111341551027925,76.98043335254621,10.84,44.4,22.4,6.6,420,337,Urban,Loam,5.6,0.0,5.8,Unconfined,0.0,10.28
2023-01-05,Mysuru,12.302460330478358,76.72080634022994,17.34,0.0,28.8,8.5,632,434,Barren,Clay,17.0,0.0,7.6,Unconfined,0.0,17.77
2023-01-06,Bengaluru Urban,12.992457738310026,77.60431371838192,10.49,66.7,37.3,6.1,510,230,Agricultural,Silty,9.1,0.0,9.4,Unconfined,6.3,9.52
2023-01-07,Tumakuru,13.235973332693382,77.1629473092931,17.87,0.7,36.7,5.6,537,349,Urban,Clay,3.5,0.0,9.0,Unconfined,0.0,18.14
2023-01-08,Shivamogga,13.942468587001452,75.57970719771322,10.92,125.1,21.7,4.5,668,196,Agricultural,Loam,17.3,0.0,1.8,Unconfined,20.1,8.84
2023-01-09,Mysuru,12.352608796599823,76.60663128451705,9.89,103.2,27.9,5.8,211,219,Urban,Loam,16.0,0.0,6.4,Unconfined,0.0,8.12
2023-01-10,Belagavi,15.976705237262442,74.46276028987714,16.79,34.6,24.0,5.6,287,358,Urban,Clay,17.7,0.0,0.9,Confined,0.0,16.38
2023-01-11,Ballari,15.175172049289275,76.88721504155461,17.76,0.0,22.2,4.3,364,294,Barren,Sandy,19.9,0.0,5.1,Confined,0.0,17.98
2023-01-12,Hubballi-Dharwad,15.379422361833473,75.09662191232132,18.71,0.0,32.6,4.5,263,186,Barren,Silty,4.9,0.0,0.7,Confined,0.0,18.94
2023-01-13,Bengaluru Urban,12.880779498381509,77.60261295651588,9.65,4.9,24.6,7.6,598,384,Urban,Clay,9.1,0.0,8.9,Confined,0.0,9.93
2023-01-14,Belagavi,15.970835625340166,74.42414221792927,22.64,33.8,37.9,5.2,410,480,Forest,Clay,17.5,0.0,3.5,Confined,0.0,22.22
2023-01-15,Mysuru,12.324590261872132,76.64850776814204,8.64,0.0,33.4,4.2,360,493,Barren,Silty,4.6,0.0,2.5,Unconfined,0.0,8.85
2023-01-16,Davanagere,14.578459860204415,75.91383669626566,9.4,0.0,37.5,5.1,642,337,Barren,Sandy,11.6,0.0,3.9,Unconfined,0.0,9.66
2023-01-17,Mysuru,12.380899478926763,76.5897410719156,20.16,3.0,23.1,6.6,777,328,Urban,Silty,16.5,0.0,9.9,Unconfined,0.0,20.43
2023-01-18,Tumakuru,13.35406448023732,77.08829663900316,13.12,0.0,30.0,5.8,400,363,Barren,Loam,9.1,0.0,6.7,Unconfined,0.0,13.41
2023-01-19,Bengaluru Urban,12.966498513671965,77.5643072269469,27.32,0.0,27.8,8.3,414,200,Barren,Sandy,5.2,0.0,6.4,Unconfined,0.0,27.73
2023-01-20,Tumakuru,13.304467507757536,77.0455052935032,19.95,17.7,26.9,5.5,649,150,Forest,Loam,18.2,0.0,4.9,Confined,0.0,19.87
2023-01-21,Mangaluru,12.813370855369342,74.75834456392245,28.0,188.4,33.3,4.8,309,219,Forest,Silty,3.1,-0.07,7.3,Confined,0.0,24.47
2023-01-22,Mangaluru,12.951924455233288,74.84894864178305,23.74,0.0,33.1,4.2,384,177,Barren,Clay,19.2,0.56,5.1,Unconfined,0.0,23.95
2023-01-23,Mangaluru,12.825503383075667,74.84794144280669,21.54,72.9,34.5,7.7,264,450,Urban,Sandy,19.6,0.05,9.7,Unconfined,0.0,20.47
2023-01-24,Vijayapura,16.808083852416587,75.66376402767159,22.55,2.6,30.8,4.4,417,105,Urban,Loam,17.7,0.0,4.7,Confined,0.0,22.72
2023-01-25,Belagavi,15.856994416597116,74.5917078172172,25.81,57.8,34.9,4.2,304,358,Urban,Loam,10.6,0.0,2.5,Unconfined,0.0,24.86
2023-01-26,Mysuru,12.27145243725331,76.54060455093108,29.9,15.9,37.2,4.7,211,182,Forest,Clay,18.5,0.0,3.5,Confined,0.0,29.82
2023-01-27,Belagavi,15.827093051174268,74.50704094010977,27.16,58.9,25.7,7.0,279,301,Agricultural,Sandy,5.6,0.0,3.5,Confined,41.9,26.75
2023-01-28,Belagavi,15.842875783096869,74.45126051919331,27.52,51.2,25.8,8.3,656,324,Urban,Clay,19.7,0.0,7.4,Unconfined,0.0,26.91
2023-01-29,Davanagere,14.508214578722159,75.90628003663362,9.22,186.1,26.9,8.5,669,184,Forest,Loam,15.3,0.0,4.9,Confined,0.0,5.92
2023-01-30,Vijayapura,16.83700678663068,75.71393179591163,6.47,118.2,35.4,6.3,636,187,Agricultural,Clay,16.4,0.0,9.7,Confined,9.3,4.51
2023-01-31,Tumakuru,13.333382213762599,77.10226555355352,19.26,146.3,22.8,6.5,745,309,Forest,Clay,6.6,0.0,2.8,Unconfined,0.0,16.66
2023-02-01,Bengaluru Urban,12.913027746673915,77.58804840779156,14.65,134.4,25.7,6.5,488,478,Urban,Sandy,7.2,0.0,4.3,Confined,0.0,12.29
2023-02-02,Davanagere,14.487800420219028,75.83085796398329,6.71,0.0,30.8,6.2,676,349,Barren,Silty,3.3,0.0,0.9,Unconfined,0.0,7.02
2023-02-03,Mysuru,12.318877006990345,76.68350000549744,24.25,0.0,37.0,7.4,492,246,Barren,Clay,16.9,0.0,9.1,Confined,0.0,24.62
2023-02-04,Ballari,15.21951049470641,76.8758467896685,11.37,190.8,31.5,6.4,481,131,Forest,Loam,15.8,0.0,6.2,Confined,0.0,7.87
2023-02-05,Hubballi-Dharwad,15.336063660362449,75.09993498479349,23.17,0.0,28.9,5.8,392,180,Barren,Sandy,14.4,0.0,9.2,Confined,0.0,23.46
2023-02-06,Ballari,15.19210211975438,76.92083640613409,26.67,0.0,31.5,6.3,359,124,Barren,Loam,15.9,0.0,9.6,Confined,0.0,26.99
2023-02-07,Belagavi,15.87214131660613,74.52402680447993,5.62,112.7,25.4,4.7,456,487,Urban,Loam,16.5,0.0,0.6,Unconfined,0.0,3.6
2023-02-08,Shivamogga,13.963920332517182,75.45157561281887,29.84,176.9,26.6,6.0,511,140,Forest,Sandy,1.4,0.0,0.2,Confined,0.0,26.6
2023-02-09,Mysuru,12.275354217861386,76.6738824714907,7.46,198.6,36.9,7.2,608,483,Urban,Loam,15.3,0.0,0.4,Unconfined,0.0,3.85
2023-02-10,Mysuru,12.235589590230255,76.68135044851242,14.83,155.0,25.7,8.3,340,208,Agricultural,Loam,3.3,0.0,4.5,Unconfined,34.1,12.49
2023-02-11,Belagavi,15.874807537159157,74.49006745759576,6.04,0.0,29.2,8.9,371,129,Barren,Sandy,10.2,0.0,4.5,Unconfined,0.0,6.49
2023-02-12,Mysuru,12.319188758821745,76.54484937204198,6.78,74.7,22.3,5.9,506,249,Agricultural,Sandy,7.1,0.0,8.8,Unconfined,23.6,5.82
2023-02-13,Ballari,15.203138753015164,76.97990687645198,8.46,68.3,34.6,8.7,601,162,Agricultural,Clay,4.2,0.0,1.4,Confined,26.4,7.79
2023-02-14,Belagavi,15.765743746415234,74.46642405827822,28.63,64.9,25.4,7.3,469,286,Forest,Clay,3.2,0.0,4.4,Unconfined,0.0,27.7
2023-02-15,Tumakuru,13.360314737424483,77.12985721775507,29.57,177.3,25.2,4.1,209,124,Agricultural,Silty,2.1,0.0,5.5,Unconfined,4.4,26.27
2023-02-16,Mysuru,12.26833621768088,76.65334292696573,10.11,76.5,34.0,8.2,395,116,Agricultural,Silty,14.2,0.0,9.2,Unconfined,40.3,9.39
2023-02-17,Vijayapura,16.811458482560443,75.8023212416091,19.04,111.1,33.7,7.6,529,279,Agricultural,Loam,11.4,0.0,3.8,Unconfined,11.7,17.31
2023-02-18,Tumakuru,13.42160730400713,77.0941486212748,10.85,135.4,22.3,4.1,527,173,Agricultural,Clay,2.2,0.0,5.3,Unconfined,0.3,8.35
2023-02-19,Vijayapura,16.826250443163268,75.62644472026645,29.24,120.4,36.1,5.4,566,342,Urban,Clay,5.9,0.0,2.5,Confined,0.0,27.1
2023-02-20,Davanagere,14.428140875531325,75.9338478679204,15.37,0.0,29.2,8.4,307,384,Barren,Loam,13.5,0.0,7.5,Unconfined,0.0,15.79
2023-02-21,Vijayapura,16.878429408330966,75.73680004948993,27.17,0.0,39.6,5.4,639,265,Barren,Loam,13.0,0.0,8.1,Unconfined,0.0,27.44
2023-02-22,Mysuru,12.29146811777824,76.60775523784224,7.36,19.8,27.2,5.8,796,469,Urban,Sandy,8.5,0.0,9.6,Confined,0.0,7.25
2023-02-23,Mysuru,12.349328954312696,76.55988088038369,29.92,0.0,35.4,5.1,318,187,Barren,Sandy,4.6,0.0,3.5,Unconfined,0.0,30.18
2023-02-24,Ballari,15.230240526973263,77.0171847247906,14.84,111.9,39.8,7.2,269,165,Urban,Silty,1.3,0.0,7.3,Confined,0.0,12.96
2023-02-25,Shivamogga,13.93264832083849,75.53725362633223,20.96,140.8,29.3,6.0,324,124,Agricultural,Silty,10.9,0.0,2.8,Confined,18.0,18.62
2023-02-26,Vijayapura,16.863292016408195,75.817958985708,21.67,177.2,21.3,4.5,644,215,Agricultural,Sandy,11.3,0.0,9.4,Confined,17.7,18.53
2023-02-27,Mangaluru,12.985121949629432,74.81696777450122,8.67,33.9,31.0,6.7,370,436,Forest,Silty,16.9,-0.16,0.3,Unconfined,0.0,8.33
2023-02-28,Mangaluru,12.92369987159962,74.85473501923565,10.99,3.5,28.6,6.8,544,117,Forest,Clay,11.2,-0.57,9.8,Unconfined,0.0,11.26
2023-03-01,Bengaluru Urban,13.060515391481829,77.5457589682881,17.78,158.9,26.4,7.9,581,158,Urban,Silty,16.7,0.0,1.1,Unconfined,0.0,15.0
2023-03-02,Davanagere,14.348990536894766,75.89939515837244,12.35,146.6,28.1,6.0,738,345,Agricultural,Clay,8.2,0.0,1.2,Unconfined,28.8,10.01
2023-03-03,Hubballi-Dharwad,15.376351876513795,75.10917501391724,18.62,0.0,27.8,4.3,790,444,Barren,Loam,2.2,0.0,6.1,Confined,0.0,18.84
2023-03-04,Belagavi,15.848131141614084,74.51070343478142,25.38,146.2,30.6,5.8,607,231,Forest,Silty,19.6,0.0,6.8,Confined,0.0,22.75
2023-03-05,Belagavi,15.82275008600533,74.54740491732426,6.04,67.6,37.9,4.4,603,226,Forest,Loam,16.0,0.0,3.3,Confined,0.0,4.91
2023-03-06,Davanagere,14.515763011365976,75.88953762240133,24.28,133.7,20.9,8.0,256,296,Agricultural,Silty,9.4,0.0,4.9,Unconfined,18.1,22.19
2023-03-07,Shivamogga,13.869427037302618,75.60918534092387,23.25,0.0,34.2,5.9,543,223,Barren,Loam,16.5,0.0,3.8,Confined,0.0,23.55
2023-03-08,Mangaluru,12.965244417492459,74.80067077774237,13.43,0.0,21.9,8.3,561,304,Barren,Loam,15.7,0.97,0.1,Unconfined,0.0,13.84
2023-03-09,Mysuru,12.234062678749488,76.69152232817399,26.52,0.0,39.5,6.1,326,496,Barren,Clay,4.8,0.0,6.0,Confined,0.0,26.82
2023-03-10,Mangaluru,12.939146433562339,74.82236170922354,7.63,171.0,34.6,5.3,480,482,Agricultural,Sandy,11.7,0.09,2.1,Confined,1.0,4.48
2023-03-11,Ballari,15.13496393915793,76.92005392103229,23.98,30.4,31.3,6.4,463,439,Urban,Sandy,3.3,0.0,5.5,Confined,0.0,23.69
2023-03-12,Vijayapura,16.85155100066003,75.75189631637652,10.66,186.0,32.2,7.2,582,320,Forest,Clay,8.5,0.0,0.4,Confined,0.0,7.3
2023-03-13,Tumakuru,13.345653184365249,77.11824233129263,14.5,147.7,24.6,5.9,526,350,Agricultural,Silty,7.8,0.0,5.1,Unconfined,47.6,12.32
2023-03-14,Mangaluru,12.934886365710614,74.88657649036794,17.18,62.2,21.7,7.9,655,120,Agricultural,Clay,18.3,-0.59,8.3,Unconfined,16.0,16.49
2023-03-15,Davanagere,14.546524524174053,75.92987562419523,24.51,139.2,21.4,4.8,686,415,Urban,Clay,7.0,0.0,2.3,Confined,0.0,21.97
2023-03-16,Ballari,15.106140095548643,76.90054815754375,28.91,22.7,25.8,5.8,402,359,Agricultural,Silty,17.6,0.0,0.6,Unconfined,13.0,28.88
2023-03-17,Davanagere,14.52103901302975,75.89686707109718,27.84,0.0,36.7,7.3,791,467,Barren,Silty,19.5,0.0,9.6,Unconfined,0.0,28.2
2023-03-18,Bengaluru Urban,13.04888450870749,77.60203566847055,26.64,0.0,24.9,8.9,321,474,Barren,Loam,6.9,0.0,9.7,Unconfined,0.0,27.09
2023-03-19,Mysuru,12.173607519488728,76.68637167159672,6.03,142.8,31.2,6.4,740,260,Urban,Clay,9.0,0.0,3.6,Unconfined,0.0,3.49
2023-03-20,Bengaluru Urban,12.932643748600354,77.56068177881286,16.28,126.5,30.9,7.7,345,218,Agricultural,Sandy,15.8,0.0,4.0,Confined,16.2,14.3
2023-03-21,Bengaluru Urban,13.036285936492632,77.60499867794704,9.54,0.0,22.2,7.6,612,158,Barren,Loam,13.4,0.0,1.9,Unconfined,0.0,9.92
2023-03-22,Bengaluru Urban,13.006291429184351,77.56294604858171,9.38,0.0,33.6,8.5,292,338,Barren,Clay,8.5,0.0,3.8,Confined,0.0,9.81
2023-03-23,Belagavi,15.919712125891344,74.44598140089023,24.13,6.7,25.7,4.8,667,195,Agricultural,Loam,17.2,0.0,2.4,Unconfined,15.8,24.39
2023-03-24,Shivamogga,14.007895659166024,75.6062617152676,17.31,0.0,34.1,8.2,262,185,Barren,Sandy,5.5,0.0,5.0,Unconfined,0.0,17.72
2023-03-25,Bengaluru Urban,13.061009215683105,77.59012838036145,8.7,53.2,31.1,6.3,777,146,Agricultural,Clay,9.6,0.0,6.7,Unconfined,42.7,8.38
2023-03-26,Ballari,15.135111272369556,76.96127719014707,21.24,0.0,25.3,5.7,789,442,Barren,Clay,15.1,0.0,8.9,Confined,0.0,21.52
2023-03-27,Belagavi,15.84948020566246,74.50933209361804,7.7,0.0,36.2,9.0,643,322,Barren,Clay,12.1,0.0,6.0,Confined,0.0,8.15
2023-03-28,Ballari,15.202950022492878,76.98815008044159,20.9,136.9,22.8,6.1,556,174,Urban,Clay,18.1,0.0,3.3,Unconfined,0.0,18.47
2023-03-29,Mangaluru,12.920135652191306,74.87412064506589,5.34,133.1,21.6,6.1,514,427,Agricultural,Clay,10.5,0.22,6.2,Confined,23.5,3.22
2023-03-30,Mysuru,12.247693846760212,76.55381054170671,15.54,0.0,23.7,6.3,524,417,Barren,Sandy,3.2,0.0,5.7,Confined,0.0,15.85
2023-03-31,Bengaluru Urban,12.961160670658195,77.58565748616807,5.47,1.6,23.1,6.9,736,234,Urban,Clay,16.7,0.0,1.0,Confined,0.0,5.78
2023-04-01,Mangaluru,12.963842798307356,74.85176611795443,13.72,174.7,39.3,5.0,710,219,Forest,Loam,14.9,-0.64,5.3,Unconfined,0.0,10.48
2023-04-02,Davanagere,14.432912926326582,75.88744710353745,23.92,25.4,32.8,8.0,256,377,Forest,Sandy,8.5,0.0,3.8,Unconfined,0.0,23.81
2023-04-03,Shivamogga,13.945500447872693,75.49094839858039,13.97,15.9,37.3,7.2,323,224,Forest,Sandy,10.5,0.0,4.7,Unconfined,0.0,14.01
2023-04-04,Ballari,15.157435375463852,76.90794284733332,11.85,163.5,20.1,4.2,348,245,Agricultural,Loam,19.9,0.0,2.0,Confined,37.2,9.16
2023-04-05,Shivamogga,13.853009546976304,75.62349823449443,9.17,117.8,24.0,6.3,755,236,Forest,Sandy,15.7,0.0,3.0,Confined,0.0,7.13
2023-04-06,Mysuru,12.266862996277435,76.61958283989705,27.35,51.6,22.2,8.3,738,416,Forest,Clay,16.0,0.0,4.6,Unconfined,0.0,26.73
2023-04-07,Ballari,15.12703124925827,76.98213368078898,27.35,17.6,33.3,8.8,412,222,Urban,Clay,14.2,0.0,4.5,Confined,0.0,27.44
2023-04-08,Davanagere,14.489607264613877,75.97106433102432,27.17,0.0,32.3,7.7,517,252,Barren,Loam,6.4,0.0,6.7,Unconfined,0.0,27.56
2023-04-09,Shivamogga,13.975013610125204,75.6300335154634,13.98,84.0,27.9,6.0,408,423,Forest,Silty,13.2,0.0,0.7,Unconfined,0.0,12.6
2023-04-10,Vijayapura,16.860969098433632,75.59835319583436,19.21,0.0,33.4,8.3,660,218,Barren,Loam,4.3,0.0,2.3,Unconfined,0.0,19.62
2023-04-11,Mangaluru,13.022066775585298,74.85705715556422,13.04,27.4,33.3,7.7,567,250,Forest,Silty,14.8,-0.1,5.9,Unconfined,0.0,12.88
2023-04-12,Belagavi,15.875630866220893,74.48739452454424,29.68,0.0,26.7,4.5,394,106,Barren,Loam,19.5,0.0,8.0,Unconfined,0.0,29.91
2023-04-13,Hubballi-Dharwad,15.418008349930323,75.11082120387361,28.03,102.9,28.6,4.1,327,398,Forest,Sandy,3.5,0.0,0.9,Confined,0.0,26.18
2023-04-14,Belagavi,15.85017611466073,74.48398403905594,15.73,141.6,36.4,7.7,414,313,Forest,Silty,6.8,0.0,3.0,Confined,0.0,13.28
2023-04-15,Ballari,15.094872261731009,77.00993514309992,28.59,146.8,33.4,8.1,654,356,Urban,Sandy,19.8,0.0,7.0,Confined,0.0,26.06
2023-04-16,Bengaluru Urban,13.00974006619279,77.6539243380519,10.73,56.6,37.6,5.1,496,306,Agricultural,Silty,3.0,0.0,6.2,Unconfined,17.7,10.03
2023-04-17,Bengaluru Urban,12.953495291007258,77.58268656839603,6.27,117.3,35.6,7.5,596,226,Urban,Clay,16.1,0.0,3.5,Unconfined,0.0,4.3
2023-04-18,Hubballi-Dharwad,15.33517762518896,75.15549182654492,20.72,0.0,33.3,8.7,673,423,Barren,Silty,2.8,0.0,10.0,Confined,0.0,21.15
2023-04-19,Belagavi,15.915333996870107,74.51988230578746,25.66,118.8,28.2,6.3,497,324,Agricultural,Silty,2.1,0.0,4.8,Unconfined,48.1,24.08
2023-04-20,Mangaluru,12.954919737485445,74.7545746315451,20.11,23.5,30.7,4.6,655,401,Agricultural,Clay,8.2,0.04,5.9,Confined,10.9,19.98
2023-04-21,Davanagere,14.47187787644391,75.84222695991186,24.35,96.6,23.8,4.9,467,466,Urban,Loam,16.0,0.0,1.8,Confined,0.0,22.66
2023-04-22,Belagavi,15.904409671329027,74.59707551574921,23.26,158.9,27.5,5.8,248,470,Urban,Clay,19.8,0.0,8.5,Confined,0.0,20.37
2023-04-23,Hubballi-Dharwad,15.38663025227982,75.05736545550458,13.28,180.6,36.4,5.8,470,211,Urban,Clay,2.0,0.0,3.8,Unconfined,0.0,9.96
2023-04-24,Hubballi-Dharwad,15.342183372811727,75.11774366212376,21.7,38.7,31.1,6.1,369,371,Urban,Silty,1.8,0.0,4.3,Unconfined,0.0,21.23
2023-04-25,Tumakuru,13.402350021347386,77.12013521130768,16.43,181.5,21.6,5.6,616,478,Forest,Silty,1.1,0.0,0.7,Unconfined,0.0,13.08
2023-04-26,Vijayapura,16.852539529333132,75.75148409329573,10.51,110.0,20.3,5.2,432,165,Urban,Loam,18.9,0.0,0.6,Confined,0.0,8.57
2023-04-27,Vijayapura,16.80165203574507,75.71601926557896,21.75,0.0,36.2,4.0,402,298,Barren,Silty,3.5,0.0,4.8,Unconfined,0.0,21.95
2023-04-28,Shivamogga,13.957603895519423,75.60587354798913,14.73,188.2,35.0,5.7,657,261,Forest,Silty,3.2,0.0,8.3,Confined,0.0,11.25
2023-04-29,Mangaluru,12.970536613656728,74.88834450797435,13.71,85.9,35.7,8.2,207,310,Agricultural,Silty,2.6,0.75,6.5,Unconfined,17.7,12.58
2023-04-30,Hubballi-Dharwad,15.437739176228213,75.10423327838079,7.93,128.9,21.1,5.2,425,326,Agricultural,Silty,12.7,0.0,2.2,Unconfined,8.7,5.7
2023-05-01,Hubballi-Dharwad,15.33136536285651,75.08923994914201,22.82,0.0,22.6,7.0,432,262,Barren,Loam,14.1,0.0,9.7,Unconfined,0.0,23.17
2023-05-02,Mysuru,12.252562691339625,76.71237900296855,15.51,0.0,40.0,5.2,468,291,Barren,Clay,11.1,0.0,4.5,Confined,0.0,15.77
2023-05-03,Shivamogga,13.99520537163756,75.59608279967992,13.29,22.6,35.3,8.7,654,379,Forest,Loam,11.1,0.0,4.7,Unconfined,0.0,13.27
2023-05-04,Shivamogga,13.909201507907927,75.55196930213712,25.85,0.0,25.9,6.2,231,370,Barren,Clay,3.6,0.0,0.9,Unconfined,0.0,26.16
2023-05-05,Mysuru,12.368007588799014,76.61333515749119,28.93,0.0,34.4,7.7,242,124,Barren,Sandy,9.2,0.0,8.7,Unconfined,0.0,29.32
2023-05-06,Ballari,15.225992625029576,76.9031807298246,16.39,42.5,35.1,6.5,339,180,Urban,Clay,8.6,0.0,1.5,Confined,0.0,15.87
2023-05-07,Belagavi,15.83913584290261,74.48090851620054,25.08,143.8,23.5,4.2,645,226,Urban,Clay,8.6,0.0,6.5,Confined,0.0,22.41
2023-05-08,Tumakuru,13.360252152910922,77.03987918887894,5.46,0.0,28.4,8.7,534,124,Barren,Sandy,13.3,0.0,4.1,Unconfined,0.0,5.89
2023-05-09,Tumakuru,13.362889571025278,77.09611737932487,15.47,76.6,28.8,5.5,371,383,Forest,Loam,13.4,0.0,9.5,Unconfined,0.0,14.21
2023-05-10,Shivamogga,13.851545656075391,75.52588692598857,9.87,194.9,21.6,4.6,530,330,Forest,Loam,6.1,0.0,5.9,Unconfined,0.0,6.2
2023-05-11,Belagavi,15.848573463843168,74.40160590142749,20.3,0.0,28.0,4.8,609,328,Barren,Silty,11.9,0.0,6.4,Unconfined,0.0,20.54
2023-05-12,Vijayapura,16.80875542682994,75.76704403053495,26.0,123.7,31.2,8.4,719,419,Urban,Loam,16.0,0.0,5.0,Confined,0.0,23.95
2023-05-13,Tumakuru,13.304650711592034,77.13349361855734,18.77,89.6,39.6,7.4,358,235,Forest,Sandy,8.5,0.0,5.5,Unconfined,0.0,17.35
2023-05-14,Mysuru,12.29839758141846,76.6187388962888,29.26,65.6,28.0,6.5,666,138,Agricultural,Loam,16.2,0.0,7.3,Confined,16.6,28.44
2023-05-15,Davanagere,14.46054891115797,75.95970924661907,19.16,31.9,26.5,7.8,725,163,Forest,Loam,9.0,0.0,9.4,Confined,0.0,18.91
2023-05-16,Davanagere,14.431048342791012,75.93412295008523,11.39,0.0,31.7,4.4,715,220,Barren,Silty,11.9,0.0,0.9,Confined,0.0,11.61
2023-05-17,Tumakuru,13.403222574812595,77.0673723820436,27.47,102.7,29.9,7.2,538,281,Forest,Sandy,8.4,0.0,9.4,Confined,0.0,25.78
2023-05-18,Belagavi,15.840336585212638,74.50128860218157,17.06,0.0,36.9,6.1,559,178,Barren,Sandy,1.6,0.0,7.6,Unconfined,0.0,17.36
2023-05-19,Hubballi-Dharwad,15.372888400827659,75.1336919075939,15.66,0.0,36.8,4.1,729,440,Barren,Clay,4.4,0.0,8.6,Confined,0.0,15.87
2023-05-20,Bengaluru Urban,12.959515808409025,77.54632104753314,25.86,0.0,39.4,5.5,326,490,Barren,Clay,17.8,0.0,9.3,Confined,0.0,26.13
2023-05-21,Belagavi,15.893553402119112,74.40812210633885,18.37,0.0,29.9,7.2,676,267,Barren,Loam,13.2,0.0,3.9,Confined,0.0,18.73
2023-05-22,Shivamogga,13.927953105978714,75.62367978003704,9.08,60.1,28.0,4.7,751,316,Urban,Loam,6.3,0.0,9.6,Confined,0.0,8.11
2023-05-23,Bengaluru Urban,13.01049076341053,77.6051703024128,5.75,0.0,20.0,4.2,575,402,Barren,Loam,17.7,0.0,5.8,Unconfined,0.0,5.96
2023-05-24,Shivamogga,13.908899516115827,75.54598951627287,18.11,160.1,28.8,4.7,542,224,Forest,Loam,2.4,0.0,7.2,Confined,0.0,15.14
2023-05-25,Shivamogga,13.985125566448485,75.50831024025791,25.7,163.4,22.1,7.3,340,162,Forest,Silty,1.4,0.0,7.8,Unconfined,0.0,22.8
2023-05-26,Shivamogga,13.886458276569924,75.59452956467152,19.84,150.5,23.4,7.3,413,243,Forest,Silty,4.9,0.0,1.1,Unconfined,0.0,17.19
2023-05-27,Davanagere,14.390482461888803,75.91048676111068,29.07,185.7,29.3,8.0,210,333,Forest,Clay,13.7,0.0,1.7,Unconfined,0.0,25.76
2023-05-28,Belagavi,15.812006728912012,74.36201235323979,25.29,9.4,22.8,5.7,521,167,Agricultural,Silty,12.0,0.0,4.2,Unconfined,17.4,25.56
2023-05-29,Mysuru,12.260554941987156,76.54663528108306,16.41,164.2,26.7,4.1,518,473,Urban,Loam,11.8,0.0,3.0,Confined,0.0,13.33
2023-05-30,Mysuru,12.28873483623618,76.64504121851002,10.23,162.1,24.0,4.6,242,165,Agricultural,Loam,5.2,0.0,7.4,Unconfined,20.9,7.43
2023-05-31,Vijayapura,16.808886063680237,75.59883495424225,11.28,0.0,29.6,6.4,692,166,Barren,Loam,10.2,0.0,5.7,Confined,0.0,11.6
2023-06-01,Mangaluru,12.99262858999521,74.80771061190447,20.85,0.0,25.6,5.8,398,431,Barren,Sandy,19.9,0.6,7.6,Unconfined,0.0,21.14
2023-06-02,Mysuru,12.36537493471649,76.61592589301975,14.4,109.1,35.1,5.2,523,357,Urban,Clay,4.1,0.0,3.6,Confined,0.0,12.48
2023-06-03,Shivamogga,13.954338338218124,75.60166783664764,20.42,0.0,26.8,6.7,519,422,Barren,Loam,18.6,0.0,1.6,Confined,0.0,20.76
2023-06-04,Belagavi,15.859793221968872,74.45547520347127,18.9,0.0,23.0,4.6,649,234,Barren,Sandy,3.9,0.0,6.0,Confined,0.0,19.13
2023-06-05,Davanagere,14.396524471808963,75.96450956510897,5.3,49.5,28.4,8.0,516,451,Forest,Clay,5.4,0.0,0.4,Confined,0.0,4.71
2023-06-06,Ballari,15.140693675912962,76.93945943211382,15.56,46.5,25.2,8.3,337,374,Agricultural,Loam,19.0,0.0,0.6,Unconfined,2.9,15.07
2023-06-07,Mangaluru,12.872465297853896,74.84956331699378,29.5,40.2,27.6,6.9,400,133,Agricultural,Clay,7.0,0.17,2.8,Unconfined,43.9,29.48
2023-06-08,Davanagere,14.37281658157818,75.93286995545546,28.31,168.9,39.7,6.1,691,408,Urban,Loam,3.5,0.0,5.5,Unconfined,0.0,25.24
2023-06-09,Belagavi,15.997154430589896,74.53307158593898,5.38,33.8,23.4,5.9,755,357,Forest,Clay,8.7,0.0,9.8,Confined,0.0,5.0
2023-06-10,Davanagere,14.411421227356229,75.85598257817368,17.36,151.8,23.3,5.8,434,412,Forest,Loam,7.9,0.0,5.2,Unconfined,0.0,14.61
2023-06-11,Tumakuru,13.397898665224936,77.05503233906956,14.28,4.5,27.5,4.1,239,259,Urban,Sandy,8.2,0.0,5.7,Confined,0.0,14.39
2023-06-12,Ballari,15.092929680948014,76.94039512605923,29.08,0.0,24.3,5.5,500,253,Barren,Sandy,3.6,0.0,2.4,Unconfined,0.0,29.35
2023-06-13,Mangaluru,12.943163180247781,74.88807076054555,11.3,108.4,32.9,5.8,571,440,Urban,Silty,5.7,0.56,6.7,Confined,0.0,9.42
2023-06-14,Ballari,15.192317984803461,76.97360689677824,6.45,0.0,20.8,7.5,543,374,Barren,Loam,9.2,0.0,8.1,Unconfined,0.0,6.83
2023-06-15,Hubballi-Dharwad,15.341268679348635,75.15581499797176,25.87,0.0,36.6,6.7,616,319,Barren,Clay,13.7,0.0,9.1,Unconfined,0.0,26.21
2023-06-16,Belagavi,15.818762854569885,74.47944703851046,8.29,20.9,22.3,4.9,530,397,Forest,Silty,1.4,0.0,0.2,Unconfined,0.0,8.12
2023-06-17,Hubballi-Dharwad,15.367093441102611,75.04918791216846,19.74,0.0,30.2,8.2,327,404,Barren,Loam,7.2,0.0,8.2,Confined,0.0,20.15
2023-06-18,Tumakuru,13.345999214194043,77.0591432010239,14.26,111.8,25.1,5.5,753,265,Forest,Clay,15.0,0.0,5.7,Confined,0.0,12.3
2023-06-19,Vijayapura,16.789105654145605,75.7640126768638,21.43,37.1,23.4,7.9,353,398,Agricultural,Sandy,1.4,0.0,6.0,Confined,40.2,21.48
2023-06-20,Vijayapura,16.780384644180366,75.72023967066511,18.81,90.0,35.6,4.7,537,495,Forest,Silty,15.0,0.0,5.0,Confined,0.0,17.24
2023-06-21,Davanagere,14.414659254116025,75.95223304205034,27.33,169.2,31.3,6.4,642,474,Urban,Silty,17.9,0.0,1.8,Unconfined,0.0,24.27
2023-06-22,Tumakuru,13.3260781697891,76.98984822779015,25.94,90.4,30.9,9.0,561,306,Agricultural,Clay,1.4,0.0,2.5,Unconfined,26.0,24.84
2023-06-23,Mysuru,12.31651848716251,76.67545310002853,25.21,142.7,40.0,8.5,555,268,Urban,Silty,6.8,0.0,2.5,Unconfined,0.0,22.78
2023-06-24,Tumakuru,13.287879079156147,77.12441123705081,29.46,197.7,20.2,4.2,518,361,Agricultural,Clay,6.3,0.0,0.7,Confined,48.2,26.2
2023-06-25,Hubballi-Dharwad,15.395396977346875,75.08718148227443,24.79,42.7,20.9,8.2,380,351,Forest,Loam,6.3,0.0,8.4,Unconfined,0.0,24.35
2023-06-26,Hubballi-Dharwad,15.279272331309837,75.16979383657109,6.58,77.9,23.8,6.3,692,322,Urban,Sandy,17.9,0.0,9.6,Confined,0.0,5.34
2023-06-27,Vijayapura,16.83269894967817,75.76841425689251,15.03,106.9,35.1,6.4,334,466,Forest,Loam,7.8,0.0,5.4,Unconfined,0.0,13.21
2023-06-28,Davanagere,14.374248358464042,75.99668373343118,9.77,126.0,32.4,8.7,713,436,Agricultural,Silty,12.2,0.0,0.2,Unconfined,32.2,8.01
2023-06-29,Davanagere,14.561807400214013,75.9055739887369,23.98,83.6,37.7,6.9,518,190,Urban,Silty,11.1,0.0,9.4,Confined,0.0,22.65
2023-06-30,Mysuru,12.39738957739563,76.68758240936114,24.76,0.0,36.0,6.4,481,446,Barren,Loam,1.7,0.0,9.3,Unconfined,0.0,25.08
2023-07-01,Tumakuru,13.159455718923494,77.13113003406426,26.41,0.0,23.1,6.6,201,323,Barren,Silty,12.6,0.0,6.4,Unconfined,0.0,26.74
2023-07-02,Mysuru,12.361538751727158,76.58027138035212,13.08,165.9,30.0,5.9,210,300,Urban,Clay,9.8,0.0,4.9,Unconfined,0.0,10.06
2023-07-03,Davanagere,14.440724127204724,75.93918802711997,12.54,116.8,33.6,5.0,424,116,Forest,Clay,19.2,0.0,9.5,Confined,0.0,10.45
2023-07-04,Shivamogga,13.959144795359535,75.59704368506591,7.37,101.7,26.5,6.2,536,336,Forest,Loam,13.2,0.0,3.7,Confined,0.0,5.65
2023-07-05,Mysuru,12.250858617790822,76.71456632591044,12.99,123.9,37.1,8.7,353,182,Urban,Loam,9.4,0.0,5.0,Unconfined,0.0,10.95
2023-07-06,Bengaluru Urban,12.974881470143476,77.57274817666183,13.41,40.1,20.8,5.0,608,140,Agricultural,Sandy,6.5,0.0,4.0,Unconfined,19.2,13.05
2023-07-07,Vijayapura,16.823349429198252,75.72420243661503,19.59,81.7,28.2,5.9,280,243,Urban,Sandy,11.9,0.0,7.6,Unconfined,0.0,18.25
2023-07-08,Shivamogga,13.897926807012869,75.6604189178817,9.71,95.5,31.4,7.5,672,316,Agricultural,Sandy,7.7,0.0,3.5,Confined,45.9,8.63
2023-07-09,Belagavi,15.84989776917922,74.50097625784845,12.08,90.1,26.0,7.5,781,273,Agricultural,Silty,4.7,0.0,3.6,Unconfined,48.2,11.13
2023-07-10,Mangaluru,12.965560345141993,74.8285126175019,13.14,55.2,32.4,5.3,222,433,Agricultural,Silty,18.8,-0.49,7.0,Unconfined,5.8,12.36
2023-07-11,Davanagere,14.52929985336259,75.89670883990792,9.32,185.3,27.1,8.9,228,171,Agricultural,Silty,14.1,0.0,8.3,Confined,44.2,6.5
2023-07-12,Shivamogga,13.907673312040153,75.61894854950177,25.38,137.5,27.8,8.5,704,141,Forest,Loam,2.3,0.0,8.8,Unconfined,0.0,23.05
2023-07-13,Ballari,15.076326604920913,76.95370850335773,22.28,107.2,28.8,5.1,444,492,Agricultural,Loam,15.6,0.0,4.4,Unconfined,7.8,20.47
2023-07-14,Ballari,15.19004654324629,76.95318444072149,29.33,33.8,32.1,9.0,298,212,Urban,Sandy,11.7,0.0,4.4,Confined,0.0,29.1
2023-07-15,Mysuru,12.283809862875025,76.66194623298891,27.25,87.4,23.1,8.0,635,216,Agricultural,Loam,5.6,0.0,6.9,Unconfined,43.7,26.34
2023-07-16,Ballari,15.13622228931451,76.83766566625478,17.29,99.2,23.0,5.0,353,385,Forest,Sandy,7.2,0.0,1.9,Confined,0.0,15.56
2023-07-17,Belagavi,15.743139163444644,74.47410929299251,11.22,0.0,35.2,5.8,542,347,Barren,Silty,4.8,0.0,3.7,Unconfined,0.0,11.51
2023-07-18,Belagavi,15.936244813714355,74.54313456884113,5.01,178.8,23.1,6.4,638,160,Forest,Loam,14.0,0.0,4.8,Unconfined,0.0,1.75
2023-07-19,Davanagere,14.4799471479123,75.88209538695774,20.48,3.2,30.4,6.0,659,204,Forest,Loam,15.1,0.0,4.7,Confined,0.0,20.72
2023-07-20,Tumakuru,13.342939989583547,77.04198824622351,13.83,43.4,33.8,8.5,482,122,Urban,Sandy,13.6,0.0,7.7,Confined,0.0,13.39
2023-07-21,Hubballi-Dharwad,15.284158538721364,75.10167282184734,21.2,191.0,30.2,7.6,248,340,Urban,Sandy,13.6,0.0,3.1,Confined,0.0,17.76
2023-07-22,Bengaluru Urban,13.035824811310984,77.59226646940483,14.78,0.0,38.8,5.0,399,205,Barren,Loam,12.7,0.0,6.5,Confined,0.0,15.03
2023-07-23,Vijayapura,16.789609400041865,75.67162029986358,10.65,187.1,22.7,4.3,438,401,Urban,Sandy,11.9,0.0,3.3,Confined,0.0,7.12
2023-07-24,Tumakuru,13.44185360753151,77.08150179346961,17.83,30.9,35.4,7.6,284,368,Urban,Sandy,8.4,0.0,9.5,Unconfined,0.0,17.59
2023-07-25,Ballari,15.12069552216965,76.97580412195433,25.39,0.0,29.0,8.5,491,298,Barren,Sandy,9.7,0.0,2.7,Confined,0.0,25.82
2023-07-26,Vijayapura,16.922787950386493,75.62578079450262,8.03,0.0,36.6,8.5,577,148,Barren,Sandy,16.1,0.0,0.1,Unconfined,0.0,8.46
2023-07-27,Vijayapura,16.76846810098423,75.73016749914922,21.85,29.5,27.2,4.6,700,447,Urban,Loam,14.9,0.0,8.6,Unconfined,0.0,21.49
2023-07-28,Vijayapura,16.774218271282848,75.6179866298269,5.32,84.8,25.0,7.8,511,173,Agricultural,Silty,8.4,0.0,8.6,Confined,8.6,4.1
2023-07-29,Mysuru,12.290325341644726,76.6084922117685,19.25,0.0,25.3,8.8,782,327,Barren,Sandy,4.8,0.0,1.3,Confined,0.0,19.69
2023-07-30,Shivamogga,13.980493533663248,75.64341606959351,26.55,87.7,23.1,8.2,431,463,Forest,Sandy,17.7,0.0,2.3,Unconfined,0.0,25.21
2023-07-31,Mysuru,12.326286279125474,76.58194337691603,28.78,157.6,32.6,4.5,476,312,Forest,Clay,11.0,0.0,6.0,Unconfined,0.0,25.85
2023-08-01,Mysuru,12.272779273390102,76.6831725135859,25.3,57.4,36.7,8.5,758,348,Agricultural,Clay,6.3,0.0,2.3,Confined,7.1,24.65
2023-08-02,Ballari,15.159916673123975,76.91033350765801,6.38,48.7,35.0,7.4,602,441,Forest,Silty,12.9,0.0,2.9,Unconfined,0.0,5.78
2023-08-03,Mysuru,12.246722506872347,76.63234170418488,7.49,0.0,37.7,6.2,621,381,Barren,Loam,18.1,0.0,6.4,Confined,0.0,7.8
2023-08-04,Ballari,15.172565595195406,76.96802007463273,10.19,184.1,28.0,8.8,657,394,Agricultural,Clay,3.7,0.0,6.9,Unconfined,4.4,6.99
2023-08-05,Mysuru,12.311429317460787,76.63426440770957,16.07,31.6,24.4,7.6,405,387,Agricultural,Sandy,7.2,0.0,1.8,Confined,2.7,15.85
2023-08-06,Davanagere,14.536260991494947,75.88928974040573,26.13,11.6,30.3,4.3,602,349,Agricultural,Sandy,13.7,0.0,7.2,Unconfined,33.5,26.45
2023-08-07,Mangaluru,12.885995453225458,74.90423855810738,15.69,118.7,20.4,4.3,632,494,Agricultural,Clay,8.7,-0.49,3.8,Confined,12.0,13.65
2023-08-08,Davanagere,14.490951515600313,75.9154096522441,22.74,135.2,35.9,6.6,577,139,Urban,Sandy,14.9,0.0,7.0,Unconfined,0.0,20.37
2023-08-09,Tumakuru,13.389792568905705,77.12610000273595,8.36,191.1,21.1,5.7,791,341,Forest,Clay,6.1,0.0,8.3,Unconfined,0.0,4.82
2023-08-10,Bengaluru Urban,12.889554975107416,77.66566082745402,24.66,0.0,39.9,5.9,670,284,Barren,Sandy,15.9,0.0,3.0,Unconfined,0.0,24.96
2023-08-11,Mysuru,12.263669944444759,76.60914631361241,29.74,166.8,31.0,8.4,454,426,Forest,Sandy,11.1,0.0,1.9,Confined,0.0,26.82
2023-08-12,Tumakuru,13.317810305862597,77.07046139951086,7.15,159.5,24.8,5.4,640,116,Urban,Loam,17.9,0.0,7.5,Unconfined,0.0,4.23
2023-08-13,Mysuru,12.273514583802594,76.66480190829522,11.26,12.7,38.6,5.7,557,435,Agricultural,Silty,8.2,0.0,5.6,Confined,1.7,11.31
2023-08-14,Shivamogga,13.990560457835524,75.51771379409362,19.94,0.0,22.9,4.2,693,470,Barren,Silty,18.2,0.0,9.5,Unconfined,0.0,20.15
2023-08-15,Hubballi-Dharwad,15.465250865476301,75.1069762044295,14.74,0.0,23.0,4.3,457,273,Barren,Sandy,15.9,0.0,3.0,Unconfined,0.0,14.96
2023-08-16,Vijayapura,16.881212991352584,75.66920440588632,19.59,135.5,32.0,6.5,789,444,Forest,Sandy,13.3,0.0,0.2,Unconfined,0.0,17.2
2023-08-17,Shivamogga,13.956733234967123,75.61309976494499,16.49,100.3,29.4,8.3,211,490,Agricultural,Clay,17.0,0.0,7.3,Unconfined,5.9,14.96
2023-08-18,Bengaluru Urban,13.018030275526415,77.5521723567402,18.43,0.0,26.5,5.7,384,243,Barren,Sandy,15.5,0.0,5.1,Confined,0.0,18.71
2023-08-19,Belagavi,15.810384460937044,74.39872167751066,15.35,52.5,25.5,6.1,517,121,Agricultural,Loam,3.4,0.0,8.8,Confined,16.8,14.77
2023-08-20,Ballari,15.04162709667741,76.87258446841749,17.07,0.0,36.5,8.9,668,145,Barren,Sandy,18.2,0.0,5.5,Confined,0.0,17.52
2023-08-21,Shivamogga,13.991975259342896,75.64940881498015,12.85,118.4,27.5,7.1,693,208,Agricultural,Loam,10.7,0.0,2.6,Unconfined,39.5,11.23
2023-08-22,Mysuru,12.358664250685306,76.62869879325993,19.5,0.0,22.1,6.9,285,474,Barren,Loam,2.7,0.0,2.6,Confined,0.0,19.84
2023-08-23,Mangaluru,12.949612175095984,74.9984691456271,25.95,0.0,26.1,6.8,638,387,Barren,Silty,12.2,0.12,2.7,Confined,0.0,26.29
2023-08-24,Mysuru,12.348384732523657,76.60848751793408,15.38,168.4,31.4,7.1,361,386,Agricultural,Sandy,16.0,0.0,9.6,Unconfined,20.1,12.57
2023-08-25,Vijayapura,16.78207181216303,75.73933127877487,16.19,102.9,34.1,8.8,686,174,Agricultural,Loam,19.6,0.0,4.1,Unconfined,20.1,14.77
2023-08-26,Tumakuru,13.339372326608098,77.13554068844789,11.99,15.7,36.4,5.9,573,478,Forest,Clay,1.8,0.0,10.0,Unconfined,0.0,11.97
2023-08-27,Belagavi,15.78564607311979,74.43492374834206,19.4,35.9,37.8,6.5,660,486,Urban,Silty,12.3,0.0,2.6,Unconfined,0.0,19.01
2023-08-28,Belagavi,15.817402715913108,74.46532605825018,8.7,0.0,23.8,8.4,418,143,Barren,Loam,9.0,0.0,6.2,Unconfined,0.0,9.12
2023-08-29,Davanagere,14.431810305622726,75.96800505896327,17.74,159.5,25.2,4.4,742,337,Agricultural,Loam,5.7,0.0,9.2,Unconfined,32.9,15.1
2023-08-30,Shivamogga,14.018247179453034,75.60973281450279,11.17,135.6,39.4,4.8,225,493,Urban,Loam,13.6,0.0,3.5,Confined,0.0,8.7
2023-08-31,Tumakuru,13.365540689409853,77.03528137448468,13.88,0.0,30.2,4.7,533,412,Barren,Loam,13.8,0.0,2.8,Unconfined,0.0,14.12
2023-09-01,Vijayapura,16.828549193808716,75.80353739507997,27.93,155.7,25.8,4.5,356,371,Urban,Sandy,18.0,0.0,5.4,Unconfined,0.0,25.04
2023-09-02,Hubballi-Dharwad,15.4276999836618,75.0711022123735,15.53,39.7,30.3,5.2,417,357,Agricultural,Clay,9.5,0.0,8.1,Unconfined,41.9,15.41
2023-09-03,Shivamogga,13.907850709720307,75.56294697336614,28.25,0.0,37.1,6.9,233,142,Barren,Loam,5.1,0.0,4.6,Confined,0.0,28.59
2023-09-04,Mysuru,12.407964579082487,76.70324024721181,23.34,0.0,29.6,8.2,567,210,Barren,Clay,3.1,0.0,5.9,Unconfined,0.0,23.75
2023-09-05,Davanagere,14.38585107264721,75.92961388393228,6.28,81.7,35.9,8.2,587,317,Forest,Clay,4.1,0.0,8.4,Unconfined,0.0,5.06
2023-09-06,Vijayapura,16.825712776058495,75.69161894367045,15.27,193.8,29.9,6.1,573,234,Forest,Loam,15.1,0.0,6.2,Unconfined,0.0,11.7
2023-09-07,Davanagere,14.516081536639403,76.02028587592783,22.92,187.5,39.5,5.8,450,204,Forest,Clay,3.8,0.0,6.6,Confined,0.0,19.46
2023-09-08,Ballari,15.08142902920399,77.0141508729784,26.65,0.0,27.6,4.4,401,324,Barren,Sandy,13.1,0.0,9.1,Unconfined,0.0,26.87
2023-09-09,Hubballi-Dharwad,15.350497529018922,75.0554823335158,9.81,82.7,24.5,5.8,349,419,Urban,Sandy,12.4,0.0,4.0,Unconfined,0.0,8.45
2023-09-10,Belagavi,15.807775792191283,74.55684936701797,5.77,101.4,25.8,6.4,565,232,Urban,Sandy,8.5,0.0,6.1,Unconfined,0.0,4.06
2023-09-11,Davanagere,14.45805928670065,75.87985105901896,10.76,58.6,37.2,8.0,667,475,Urban,Silty,3.9,0.0,7.5,Unconfined,0.0,9.99
2023-09-12,Shivamogga,13.876018283106642,75.58524342361981,7.94,167.8,34.1,4.5,307,282,Agricultural,Loam,7.8,0.0,6.8,Confined,15.6,4.96
2023-09-13,Mysuru,12.241018518173071,76.6710770376947,14.64,0.0,24.1,8.4,284,100,Barren,Loam,10.6,0.0,7.4,Confined,0.0,15.06
2023-09-14,Vijayapura,16.844569864797073,75.70445265854035,24.93,93.0,36.2,4.1,747,293,Forest,Loam,1.5,0.0,5.9,Unconfined,0.0,23.27
2023-09-15,Belagavi,15.983486506321324,74.57084633114555,23.42,65.5,23.4,5.2,763,486,Forest,Loam,5.4,0.0,3.8,Unconfined,0.0,22.37
2023-09-16,Bengaluru Urban,12.958634785632993,77.62887901213917,27.1,179.8,29.4,8.0,371,297,Agricultural,Clay,18.0,0.0,6.5,Confined,1.3,23.92
2023-09-17,Shivamogga,13.940639184956952,75.48182008546021,22.33,109.2,36.9,6.9,722,432,Agricultural,Silty,19.0,0.0,0.2,Unconfined,22.0,20.71
2023-09-18,Shivamogga,13.944848944606521,75.5484957690822,9.8,150.9,25.7,7.9,383,439,Agricultural,Clay,17.0,0.0,1.4,Confined,37.9,7.56
2023-09-19,Hubballi-Dharwad,15.268468800736962,75.15645367646337,13.12,1.5,31.6,6.3,632,340,Urban,Clay,16.2,0.0,9.6,Unconfined,0.0,13.4
2023-09-20,Mangaluru,12.853828557833396,74.87626700652079,27.37,0.0,23.4,5.4,486,212,Barren,Sandy,10.7,0.86,4.0,Unconfined,0.0,27.64
2023-09-21,Davanagere,14.464150009284866,75.95084188941537,24.86,117.9,32.5,4.4,357,181,Forest,Silty,10.0,0.0,7.5,Confined,0.0,22.72
2023-09-22,Davanagere,14.434000606490628,75.93598180461444,13.22,0.0,30.3,5.4,538,270,Barren,Silty,14.6,0.0,3.6,Unconfined,0.0,13.49
2023-09-23,Shivamogga,13.895545125684169,75.57670531385122,8.33,101.5,37.3,6.3,330,182,Forest,Silty,11.4,0.0,7.4,Unconfined,0.0,6.62
2023-09-24,Davanagere,14.410417485715497,75.97697997958895,13.63,82.7,33.1,7.0,477,474,Urban,Clay,10.7,0.0,3.2,Unconfined,0.0,12.33
2023-09-25,Hubballi-Dharwad,15.330788135824848,75.08520943965597,22.76,57.6,32.8,7.4,545,110,Urban,Loam,17.4,0.0,2.9,Confined,0.0,21.98
2023-09-26,Vijayapura,16.82286490150667,75.6643608393296,10.12,118.3,28.1,4.9,316,407,Forest,Loam,17.9,0.0,4.0,Confined,0.0,8.0
2023-09-27,Tumakuru,13.375102080483959,77.11962548491434,15.58,60.9,27.3,4.8,401,246,Agricultural,Loam,12.0,0.0,5.6,Confined,49.2,15.09
2023-09-28,Vijayapura,16.772755172984517,75.69326981423484,5.37,0.0,21.9,6.8,265,222,Barren,Silty,14.8,0.0,1.4,Confined,0.0,5.71
2023-09-29,Shivamogga,13.84581416549222,75.47349764851292,26.94,0.6,37.1,6.8,416,313,Forest,Clay,7.9,0.0,3.7,Confined,0.0,27.27
2023-09-30,Bengaluru Urban,13.050263547862787,77.59336036457016,25.66,0.0,28.0,6.6,203,466,Barren,Clay,14.2,0.0,6.2,Confined,0.0,25.99
2023-10-01,Ballari,15.11950723183629,76.93891197699327,9.66,186.5,34.9,8.9,768,455,Urban,Sandy,5.8,0.0,6.7,Unconfined,0.0,6.38
2023-10-02,Bengaluru Urban,12.937600275835573,77.60205694063454,25.44,0.0,34.8,8.0,310,127,Barren,Clay,9.0,0.0,1.8,Unconfined,0.0,25.84
2023-10-03,Ballari,15.125706310811887,76.88540846206953,16.35,154.1,32.2,7.8,306,471,Forest,Silty,11.2,0.0,3.3,Confined,0.0,13.66
2023-10-04,Davanagere,14.464235679602064,75.90578898640422,22.3,49.0,28.1,8.0,271,281,Urban,Loam,9.9,0.0,5.4,Unconfined,0.0,21.72
2023-10-05,Ballari,15.141911393713238,76.85641973963112,25.17,89.4,25.0,7.7,251,168,Urban,Silty,3.3,0.0,0.4,Confined,0.0,23.77
2023-10-06,Hubballi-Dharwad,15.37090174366012,75.06548601181737,29.21,85.1,21.2,5.0,216,339,Forest,Silty,9.5,0.0,10.0,Confined,0.0,27.76
2023-10-07,Belagavi,15.894149131386405,74.59851883330539,29.54,168.5,37.7,6.3,758,248,Forest,Sandy,11.1,0.0,0.4,Confined,0.0,26.48
2023-10-08,Belagavi,15.905040787056857,74.46055522382993,29.79,95.9,37.0,4.4,770,486,Urban,Loam,16.9,0.0,9.7,Unconfined,0.0,28.09
2023-10-09,Ballari,15.148799339510761,76.90468387776731,6.21,0.0,37.1,6.3,686,319,Barren,Silty,14.7,0.0,0.3,Confined,0.0,6.53
2023-10-10,Mangaluru,12.888876745350014,74.88563783892452,11.89,81.9,29.0,6.0,601,281,Agricultural,Sandy,6.6,-0.0,2.6,Confined,31.1,10.86
2023-10-11,Mysuru,12.207507605668177,76.51712823990593,20.95,0.0,27.8,6.4,276,406,Barren,Loam,17.9,0.0,1.5,Unconfined,0.0,21.27
2023-10-12,Mysuru,12.34459917793021,76.68433516195448,24.57,0.0,37.0,4.3,759,325,Barren,Loam,6.0,0.0,6.6,Unconfined,0.0,24.79
2023-10-13,Tumakuru,13.361055517079553,77.09943350991753,18.61,0.0,21.4,8.4,539,101,Barren,Clay,3.0,0.0,3.1,Confined,0.0,19.03
2023-10-14,Ballari,15.137834246081715,76.96952764822551,28.33,62.4,35.7,8.5,309,483,Forest,Loam,1.7,0.0,5.1,Confined,0.0,27.51
2023-10-15,Tumakuru,13.355171353145549,77.09303801642497,11.97,163.6,34.2,8.0,333,194,Agricultural,Loam,14.7,0.0,1.7,Confined,15.0,9.25
2023-10-16,Belagavi,15.817741326133062,74.50933136545746,13.04,93.8,37.5,5.8,694,145,Agricultural,Sandy,5.4,0.0,2.7,Unconfined,5.7,11.51
2023-10-17,Bengaluru Urban,13.01216675079848,77.59214634635771,9.84,18.4,25.5,8.4,284,265,Agricultural,Loam,2.2,0.0,0.4,Confined,25.5,10.15
2023-10-18,Ballari,15.199387611088145,76.8789260519549,15.74,39.0,29.8,4.2,406,384,Urban,Clay,16.8,0.0,1.8,Confined,0.0,15.17
2023-10-19,Tumakuru,13.335860315691198,77.19498950968176,5.2,180.7,29.5,6.8,231,392,Forest,Sandy,9.4,0.0,5.5,Unconfined,0.0,1.93
2023-10-20,Mangaluru,12.942823361095055,74.91266534900583,15.67,19.1,37.5,5.5,739,302,Agricultural,Silty,12.1,0.53,7.2,Unconfined,42.5,15.99
2023-10-21,Hubballi-Dharwad,15.36261934940626,75.11858433621109,5.02,81.5,20.7,6.5,586,318,Urban,Silty,2.7,0.0,4.2,Confined,0.0,3.71
2023-10-22,Tumakuru,13.291522524265284,77.1287306793714,16.79,0.0,30.8,7.5,691,443,Barren,Clay,2.7,0.0,1.8,Confined,0.0,17.16
2023-10-23,Ballari,15.154351506586844,76.88244990689878,20.55,63.7,28.7,7.0,773,489,Urban,Loam,18.1,0.0,5.9,Unconfined,0.0,19.63
2023-10-24,Belagavi,15.84670708412331,74.50784101671105,27.36,196.9,33.9,4.4,579,400,Agricultural,Clay,8.0,0.0,8.0,Confined,35.0,23.99
2023-10-25,Shivamogga,13.873035724591922,75.52775923230337,5.17,182.9,29.9,7.5,711,165,Forest,Sandy,13.1,0.0,7.0,Unconfined,0.0,1.89
2023-10-26,Shivamogga,13.966897438984981,75.5050330234306,13.55,0.0,31.4,8.2,485,443,Barren,Loam,13.8,0.0,5.0,Unconfined,0.0,13.96
2023-10-27,Mysuru,12.30080499946346,76.65765273594454,25.97,0.0,20.2,6.6,470,175,Barren,Silty,3.0,0.0,6.9,Confined,0.0,26.3
2023-10-28,Shivamogga,13.972175293288206,75.50517470044228,25.86,50.3,38.2,6.0,228,189,Urban,Silty,15.9,0.0,5.9,Unconfined,0.0,25.15
2023-10-29,Davanagere,14.455994524541259,75.93746746112592,14.14,7.7,27.3,9.0,351,496,Agricultural,Clay,6.6,0.0,4.2,Confined,7.1,14.51
2023-10-30,Tumakuru,13.340847823378882,77.08042774992595,13.11,180.1,21.1,6.4,762,315,Urban,Clay,4.4,0.0,8.6,Unconfined,0.0,9.83
2023-10-31,Davanagere,14.494817628262696,75.84753799358323,24.47,18.6,25.0,4.7,294,491,Agricultural,Loam,6.9,0.0,8.2,Confined,30.7,24.64
2023-11-01,Hubballi-Dharwad,15.257754265331359,75.05060357262414,21.2,0.0,32.8,7.9,573,500,Barren,Silty,10.1,0.0,2.1,Confined,0.0,21.59
2023-11-02,Belagavi,15.859679815453141,74.55782528390088,7.37,193.7,20.5,8.9,405,315,Urban,Loam,12.9,0.0,2.3,Unconfined,0.0,3.94
2023-11-03,Vijayapura,16.890522214941033,75.61755973610084,30.0,172.4,32.9,6.6,515,209,Forest,Loam,12.2,0.0,2.4,Unconfined,0.0,26.88
2023-11-04,Bengaluru Urban,12.945051877852743,77.54987754952352,6.69,91.1,30.9,4.5,575,315,Urban,Clay,3.2,0.0,4.4,Confined,0.0,5.09
2023-11-05,Vijayapura,16.887310703126605,75.64840336587034,26.23,25.3,37.6,7.4,265,148,Urban,Loam,8.0,0.0,5.8,Unconfined,0.0,26.09
2023-11-06,Davanagere,14.547454494044139,75.89103680758141,29.23,96.7,36.7,8.0,545,302,Agricultural,Loam,3.0,0.0,3.4,Confined,0.7,27.7
2023-11-07,Tumakuru,13.324999813582922,77.13107114976656,24.02,0.0,24.4,5.9,629,347,Barren,Silty,19.7,0.0,4.4,Confined,0.0,24.32
2023-11-08,Hubballi-Dharwad,15.338960167325626,75.13533964484803,17.79,16.6,30.5,7.3,659,243,Agricultural,Clay,5.3,0.0,8.5,Unconfined,1.1,17.83
2023-11-09,Belagavi,15.866785170379577,74.46471549139,21.09,0.0,36.0,8.9,531,441,Barren,Clay,14.8,0.0,3.1,Unconfined,0.0,21.54
2023-11-10,Vijayapura,16.854632935879,75.7078643592697,26.17,3.8,21.4,8.6,403,106,Agricultural,Loam,17.4,0.0,8.3,Confined,13.4,26.66
2023-11-11,Ballari,15.167965782469818,76.96904081853518,24.23,0.0,33.6,8.3,698,382,Barren,Clay,13.2,0.0,2.7,Confined,0.0,24.64
2023-11-12,Mysuru,12.282374557891737,76.50807148705293,8.3,53.7,27.3,7.2,637,349,Urban,Sandy,7.5,0.0,0.8,Confined,0.0,7.59
2023-11-13,Mangaluru,12.87346293433648,74.85995359674924,25.3,51.2,21.2,5.6,295,252,Forest,Silty,3.6,-0.6,1.8,Confined,0.0,24.56
2023-11-14,Davanagere,14.467770641308647,75.8847762422221,26.26,139.4,21.3,5.1,560,316,Agricultural,Silty,13.8,0.0,0.2,Unconfined,47.2,24.2
2023-11-15,Davanagere,14.431546012456684,75.97795258429854,17.18,125.7,32.8,7.4,648,107,Forest,Loam,14.6,0.0,3.1,Confined,0.0,15.04
2023-11-16,Mysuru,12.3424416713171,76.61042689995277,24.43,130.1,29.4,6.2,263,268,Urban,Clay,12.9,0.0,5.7,Confined,0.0,22.14
2023-11-17,Ballari,15.094762056456043,76.95796965489993,7.42,65.0,33.9,5.8,218,321,Forest,Clay,17.6,0.0,3.8,Confined,0.0,6.41
2023-11-18,Bengaluru Urban,12.985360986187365,77.53996820662044,15.44,136.4,24.6,4.8,301,191,Forest,Silty,15.0,0.0,9.2,Confined,0.0,12.95
2023-11-19,Mangaluru,12.910405207415199,74.8574599277965,24.98,86.5,34.9,7.2,507,283,Urban,Loam,15.1,-0.08,9.7,Unconfined,0.0,23.61
2023-11-20,Hubballi-Dharwad,15.329231652569227,75.00948461908881,22.94,157.7,37.8,6.2,397,299,Agricultural,Clay,2.2,0.0,4.9,Confined,28.8,20.38
2023-11-21,Mysuru,12.286642989658624,76.652086923922,12.15,148.3,32.3,7.3,202,143,Agricultural,Sandy,17.8,0.0,6.8,Confined,13.4,9.68
2023-11-22,Tumakuru,13.458368354526934,77.08991564224849,9.69,154.9,25.1,5.2,407,374,Urban,Silty,7.8,0.0,6.1,Unconfined,0.0,6.85
2023-11-23,Mysuru,12.256613872509876,76.65744063604231,9.1,0.0,27.1,6.9,423,157,Barren,Clay,14.1,0.0,4.4,Unconfined,0.0,9.45
2023-11-24,Belagavi,15.90413101447317,74.50415591654709,5.21,151.7,30.1,8.6,645,338,Forest,Clay,14.3,0.0,5.3,Unconfined,0.0,2.61
2023-11-25,Ballari,15.148077286817102,76.99937106082665,22.81,193.4,26.3,7.0,661,420,Forest,Silty,13.1,0.0,7.1,Unconfined,0.0,19.29
2023-11-26,Bengaluru Urban,13.009737479462542,77.59658522064126,27.82,136.6,31.2,8.2,410,441,Urban,Silty,14.6,0.0,1.5,Confined,0.0,25.5
2023-11-27,Shivamogga,13.842887716529871,75.63823955293782,20.33,30.7,39.9,5.3,227,148,Forest,Clay,5.2,0.0,3.1,Unconfined,0.0,19.98
2023-11-28,Belagavi,15.825528037909534,74.59022418766925,22.95,178.9,39.6,8.7,582,221,Forest,Loam,18.8,0.0,0.9,Confined,0.0,19.81
2023-11-29,Mysuru,12.154818395254667,76.6418707996414,13.66,160.8,31.0,8.1,434,434,Urban,Silty,15.9,0.0,8.0,Confined,0.0,10.85
2023-11-30,Vijayapura,16.79010463026135,75.86783648375221,7.47,0.0,20.5,4.4,418,184,Barren,Clay,4.7,0.0,6.7,Confined,0.0,7.69
2023-12-01,Hubballi-Dharwad,15.342940601612433,75.13540794744267,26.54,90.7,29.0,6.4,371,126,Urban,Loam,3.3,0.0,1.1,Confined,0.0,25.05
2023-12-02,Bengaluru Urban,12.947631122971456,77.60152131218634,14.36,0.7,28.1,6.5,683,384,Urban,Sandy,8.9,0.0,3.2,Confined,0.0,14.67
2023-12-03,Hubballi-Dharwad,15.400139619916024,75.09612887971265,22.56,69.9,30.5,4.2,399,294,Agricultural,Silty,8.4,0.0,2.4,Unconfined,27.7,21.65
2023-12-04,Shivamogga,13.981533626606506,75.61042175386333,22.78,59.2,21.3,5.2,709,467,Forest,Clay,10.3,0.0,6.3,Unconfined,0.0,21.86
2023-12-05,Ballari,15.091424653118679,76.95363715314855,5.59,69.4,20.3,4.4,784,500,Agricultural,Clay,18.3,0.0,4.4,Confined,10.6,4.53
2023-12-06,Shivamogga,13.91264451980228,75.51516767534602,6.4,0.0,24.6,8.2,457,342,Barren,Loam,3.4,0.0,5.2,Unconfined,0.0,6.81
2023-12-07,Shivamogga,13.93760495122049,75.61663547995134,16.57,40.1,20.1,6.4,734,254,Urban,Silty,4.4,0.0,6.8,Confined,0.0,16.09
2023-12-08,Hubballi-Dharwad,15.353848210216569,75.07856084542004,24.94,43.0,39.0,5.5,672,407,Agricultural,Clay,14.5,0.0,0.3,Unconfined,0.0,24.36
2023-12-09,Mysuru,12.246222146292514,76.70197089686678,21.22,145.9,35.7,8.2,450,391,Urban,Sandy,5.7,0.0,9.1,Confined,0.0,18.71
2023-12-10,Belagavi,15.908981612957731,74.47563797203635,21.73,0.0,34.4,6.4,543,220,Barren,Sandy,19.1,0.0,3.0,Unconfined,0.0,22.05
2023-12-11,Vijayapura,16.871875082551846,75.72308852717248,6.81,19.2,25.8,6.4,582,484,Urban,Loam,14.2,0.0,0.5,Confined,0.0,6.75
2023-12-12,Ballari,15.070521211144332,76.91938737422794,12.89,159.9,37.0,7.9,664,314,Forest,Loam,10.7,0.0,9.3,Unconfined,0.0,10.09
2023-12-13,Belagavi,15.823372574962068,74.53953923524051,24.49,0.0,32.0,7.9,298,199,Barren,Loam,5.4,0.0,3.4,Confined,0.0,24.88
2023-12-14,Ballari,15.073827984347762,76.98292883284607,13.7,48.1,20.1,7.7,622,446,Urban,Clay,3.0,0.0,2.4,Confined,0.0,13.12
2023-12-15,Vijayapura,16.801915557239177,75.79824651467926,25.47,151.8,23.6,5.1,420,112,Urban,Loam,2.5,0.0,0.5,Unconfined,0.0,22.69
2023-12-16,Shivamogga,13.895347197285549,75.6128443021369,26.56,172.1,30.5,8.4,607,183,Urban,Clay,14.9,0.0,0.6,Confined,0.0,23.54
2023-12-17,Davanagere,14.51493919538059,75.92128116311457,18.9,59.7,32.0,8.4,349,277,Agricultural,Clay,2.8,0.0,6.5,Confined,17.0,18.3
2023-12-18,Shivamogga,13.94429292619082,75.58302795281487,12.46,0.0,27.3,8.9,559,277,Barren,Clay,3.6,0.0,2.3,Unconfined,0.0,12.91
2023-12-19,Tumakuru,13.285645090828355,77.05243216342708,10.85,94.6,32.5,8.6,670,303,Urban,Sandy,4.7,0.0,7.9,Confined,0.0,9.39
2023-12-20,Mangaluru,12.888365770053241,74.78872825981142,25.3,0.0,28.6,7.9,495,244,Barren,Sandy,12.0,-0.48,0.5,Confined,0.0,25.7
2023-12-21,Ballari,15.078847775108082,76.90682576138046,22.44,102.5,28.9,4.8,252,445,Forest,Loam,1.6,0.0,4.8,Confined,0.0,20.63
2023-12-22,Davanagere,14.433386474575423,75.8247424995425,14.9,144.0,24.9,4.3,462,467,Agricultural,Silty,17.8,0.0,8.5,Unconfined,46.2,12.7
2023-12-23,Mysuru,12.291093852473972,76.66632697040204,11.92,51.9,28.7,7.1,527,478,Urban,Clay,9.3,0.0,7.6,Confined,0.0,11.24
2023-12-24,Mangaluru,12.897489355072466,74.81672258634735,19.15,0.0,35.5,6.7,511,467,Barren,Silty,14.9,0.39,7.3,Unconfined,0.0,19.48
2023-12-25,Mangaluru,12.871212149951736,74.91866493610343,20.97,0.0,36.2,6.5,252,247,Barren,Sandy,18.2,-0.71,7.1,Confined,0.0,21.29
2023-12-26,Tumakuru,13.307088158024003,77.05637318806686,18.55,150.6,21.1,7.5,457,466,Urban,Loam,15.6,0.0,6.0,Unconfined,0.0,15.91
2023-12-27,Bengaluru Urban,12.96065671663157,77.68971280782915,7.48,0.0,22.3,4.3,638,444,Barren,Sandy,8.3,0.0,4.5,Unconfined,0.0,7.7
2023-12-28,Hubballi-Dharwad,15.367943311656836,75.13349824312488,25.31,0.0,26.7,8.3,264,335,Barren,Clay,4.8,0.0,2.2,Confined,0.0,25.72
2023-12-29,Vijayapura,16.802494285564542,75.75964281770793,8.49,119.4,21.9,8.9,293,232,Forest,Clay,15.6,0.0,7.4,Unconfined,0.0,6.55
2023-12-30,Belagavi,15.902377503753781,74.4777361638877,29.83,18.7,29.2,4.8,729,423,Forest,Clay,15.3,0.0,4.9,Confined,0.0,29.7
2023-12-31,Bengaluru Urban,12.957775562385663,77.53988709079847,10.96,111.8,28.1,6.9,551,487,Forest,Loam,1.7,0.0,6.3,Confined,0.0,9.07
2024-01-01,Vijayapura,16.878520193962277,75.67913136987254,16.12,0.0,37.4,5.0,232,201,Barren,Silty,2.7,0.0,6.9,Confined,0.0,16.37
2024-01-02,Davanagere,14.455623415054362,75.91272349910005,25.94,33.9,27.0,4.4,667,157,Agricultural,Sandy,11.7,0.0,5.2,Confined,30.6,25.79
2024-01-03,Bengaluru Urban,12.983512626631247,77.62785451410527,7.38,168.3,38.2,4.7,299,433,Agricultural,Loam,4.0,0.0,7.6,Unconfined,39.2,4.64
2024-01-04,Mysuru,12.273507533326736,76.64174310747298,16.88,0.0,25.0,6.1,397,279,Barren,Silty,19.5,0.0,9.7,Confined,0.0,17.18
2024-01-05,Davanagere,14.477224386663549,75.9104653400369,14.18,79.8,27.5,5.5,347,340,Urban,Clay,15.4,0.0,9.4,Confined,0.0,12.86
2024-01-06,Ballari,15.126011481061035,76.91513540696943,7.64,5.7,33.6,6.4,717,105,Forest,Sandy,1.2,0.0,5.7,Confined,0.0,7.85
2024-01-07,Ballari,15.274459733190684,76.89624772770411,21.47,0.0,31.2,5.4,385,343,Barren,Clay,6.7,0.0,1.8,Unconfined,0.0,21.74
2024-01-08,Ballari,15.162999292514243,76.92757307161766,11.78,64.4,38.9,4.2,452,375,Forest,Silty,1.0,0.0,1.0,Confined,0.0,10.7
2024-01-09,Belagavi,15.805918078205643,74.43382756307139,21.93,0.0,31.6,6.9,531,473,Barren,Sandy,14.2,0.0,0.7,Confined,0.0,22.27
2024-01-10,Tumakuru,13.301848433780187,77.1142079924038,12.58,48.9,34.3,7.7,633,452,Forest,Silty,4.8,0.0,0.7,Confined,0.0,11.99
2024-01-11,Ballari,15.04404102299875,76.9705707439761,7.26,57.5,37.1,5.3,244,365,Agricultural,Loam,4.3,0.0,6.0,Unconfined,48.8,6.86
2024-01-12,Shivamogga,14.036054388506496,75.51352456582997,15.32,33.3,30.5,8.5,311,191,Urban,Silty,12.0,0.0,8.1,Unconfined,0.0,15.08
2024-01-13,Shivamogga,13.90207469378808,75.60347207640179,5.68,155.3,32.3,6.7,347,486,Agricultural,Clay,18.8,0.0,2.2,Confined,19.6,3.1
2024-01-14,Mangaluru,12.931720060029281,74.83288352623347,27.88,0.0,38.4,8.5,217,478,Barren,Loam,8.4,0.27,6.9,Confined,0.0,28.3
2024-01-15,Davanagere,14.509314290314636,75.89866886925834,18.31,55.2,23.7,8.8,607,171,Forest,Sandy,7.2,0.0,3.3,Confined,0.0,17.65
2024-01-16,Mangaluru,12.98657303643574,74.83102405687366,9.19,0.0,28.6,7.1,495,497,Barren,Clay,10.6,0.87,7.5,Unconfined,0.0,9.54
2024-01-17,Mangaluru,12.908764811998783,74.86355344105513,6.55,195.9,31.4,7.3,740,396,Agricultural,Sandy,11.0,-0.94,9.5,Confined,27.9,3.28
2024-01-18,Mysuru,12.326989859962207,76.59765187214917,20.51,163.2,38.8,8.6,751,210,Urban,Sandy,13.7,0.0,8.3,Unconfined,0.0,17.68
2024-01-19,Mangaluru,12.99327106398208,74.87319438063415,7.46,192.1,35.5,4.6,398,235,Forest,Loam,4.6,0.17,0.4,Unconfined,0.0,3.85
2024-01-20,Bengaluru Urban,13.035763823710765,77.60387594450081,29.46,19.4,20.4,8.5,731,252,Urban,Silty,11.3,0.0,6.5,Unconfined,0.0,29.5
2024-01-21,Vijayapura,16.79192962479606,75.74711833241457,24.42,0.0,30.1,6.1,731,211,Barren,Silty,6.8,0.0,1.9,Confined,0.0,24.73
2024-01-22,Ballari,15.180039495177319,76.9797457639038,20.38,198.2,37.5,8.9,483,450,Urban,Loam,3.0,0.0,1.0,Confined,0.0,16.86
2024-01-23,Shivamogga,13.874530102765254,75.5698035173003,12.38,36.5,37.8,6.9,649,226,Agricultural,Sandy,5.2,0.0,0.6,Unconfined,10.5,12.1
2024-01-24,Ballari,15.150582474277671,77.02355835264461,15.76,78.8,20.4,7.2,343,198,Agricultural,Loam,16.0,0.0,3.3,Confined,35.2,14.9
2024-01-25,Mangaluru,12.856136254466337,74.80732412409228,21.14,102.1,33.0,6.6,321,234,Urban,Silty,17.6,-0.57,3.2,Unconfined,0.0,19.43
2024-01-26,Bengaluru Urban,12.921040426041628,77.50848473585441,22.23,60.9,35.7,6.7,410,187,Urban,Loam,9.4,0.0,3.8,Confined,0.0,21.35
2024-01-27,Ballari,15.131390743768902,76.90709284584173,24.29,40.4,39.4,6.7,660,245,Forest,Loam,12.5,0.0,3.6,Unconfined,0.0,23.82
2024-01-28,Davanagere,14.459470694982022,75.96640522061243,21.71,115.4,31.9,5.5,296,138,Forest,Sandy,15.9,0.0,7.8,Confined,0.0,19.68
2024-01-29,Davanagere,14.525633299298304,75.98332396176521,13.13,0.0,23.6,8.8,334,364,Barren,Loam,11.5,0.0,0.5,Unconfined,0.0,13.57
2024-01-30,Belagavi,15.78587210228883,74.56415625966876,6.22,0.0,20.3,8.6,280,466,Barren,Loam,1.0,0.0,1.1,Confined,0.0,6.65
2024-01-31,Vijayapura,16.887616405805215,75.67636368708573,5.63,2.4,25.2,5.9,677,271,Agricultural,Clay,19.2,0.0,1.1,Unconfined,29.4,6.17
2024-02-01,Shivamogga,13.885746917714929,75.46424936285138,29.89,0.0,22.4,5.1,687,464,Barren,Clay,3.0,0.0,0.7,Unconfined,0.0,30.14
2024-02-02,Tumakuru,13.28565022531984,77.10101210207893,21.25,151.1,20.5,7.2,264,261,Agricultural,Sandy,13.9,0.0,5.2,Confined,4.8,18.64
2024-02-03,Bengaluru Urban,12.92165278627171,77.57305180984731,5.43,0.0,28.4,6.1,289,480,Barren,Loam,7.7,0.0,6.0,Confined,0.0,5.73
2024-02-04,Belagavi,15.840033045806788,74.44932422483618,10.88,0.0,21.4,4.0,575,233,Barren,Sandy,5.0,0.0,2.0,Confined,0.0,11.08
2024-02-05,Belagavi,15.869654304623296,74.56581578542658,10.46,12.8,28.3,7.3,587,227,Agricultural,Loam,2.9,0.0,4.4,Confined,27.5,10.84
2024-02-06,Tumakuru,13.364121651896847,77.10205680108383,10.91,0.0,24.2,4.2,345,257,Barren,Loam,9.5,0.0,0.2,Confined,0.0,11.12
2024-02-07,Shivamogga,13.944971173926726,75.54098311864304,29.65,0.0,27.9,4.7,219,449,Barren,Clay,13.5,0.0,9.5,Unconfined,0.0,29.88
2024-02-08,Mangaluru,12.952685723020506,74.85939941674626,23.38,5.0,39.7,7.8,787,324,Forest,Clay,14.9,-0.69,2.3,Unconfined,0.0,23.67
2024-02-09,Mangaluru,12.957402647628541,74.87205662401277,25.36,0.0,36.9,8.6,776,459,Barren,Silty,19.0,-0.6,6.8,Unconfined,0.0,25.79
2024-02-10,Hubballi-Dharwad,15.412794871321807,75.17241791475652,7.14,116.4,24.9,8.2,551,230,Agricultural,Clay,6.4,0.0,3.2,Unconfined,11.0,5.33
2024-02-11,Belagavi,15.854757150575812,74.56562300755604,18.93,64.0,20.7,4.1,509,229,Forest,Loam,7.2,0.0,7.9,Unconfined,0.0,17.85
2024-02-12,Vijayapura,16.86625272295295,75.6615901375828,8.06,0.0,33.9,5.2,589,209,Barren,Silty,1.0,0.0,8.4,Unconfined,0.0,8.32
2024-02-13,Belagavi,15.818307118088725,74.52150174398132,8.49,31.4,29.3,7.0,682,225,Agricultural,Loam,7.6,0.0,1.0,Unconfined,17.7,8.39
2024-02-14,Hubballi-Dharwad,15.34890604468069,75.22117425601792,19.7,107.4,30.2,4.5,537,445,Forest,Clay,9.3,0.0,0.7,Unconfined,0.0,17.78
2024-02-15,Belagavi,15.786374940145542,74.50856998297233,24.63,57.8,30.2,5.1,665,193,Urban,Sandy,8.3,0.0,6.4,Unconfined,0.0,23.73
2024-02-16,Mysuru,12.315397706994473,76.6553954392291,22.83,98.4,33.6,7.2,564,129,Forest,Silty,17.3,0.0,3.7,Unconfined,0.0,21.22
2024-02-17,Bengaluru Urban,12.966963970426418,77.51790410854463,11.28,154.9,36.9,4.0,786,470,Urban,Sandy,4.7,0.0,1.5,Unconfined,0.0,8.38
2024-02-18,Tumakuru,13.351144159526859,77.09516704786014,6.39,75.8,35.5,6.3,485,394,Urban,Silty,17.0,0.0,9.5,Confined,0.0,5.19
2024-02-19,Mysuru,12.270896854037789,76.65703504409005,12.87,71.8,23.7,8.9,264,443,Agricultural,Loam,8.3,0.0,10.0,Confined,40.2,12.28
2024-02-20,Davanagere,14.43460256398152,75.95621700402188,10.64,53.3,27.7,4.1,499,110,Agricultural,Sandy,9.9,0.0,5.8,Confined,1.2,9.79
2024-02-21,Ballari,15.18590784183046,76.8856525060716,15.97,140.1,29.2,5.2,679,335,Urban,Sandy,1.1,0.0,8.3,Confined,0.0,13.43
2024-02-22,Bengaluru Urban,12.904036226076913,77.58127279469097,28.23,194.7,36.0,6.7,547,352,Urban,Sandy,15.1,0.0,6.8,Confined,0.0,24.67
2024-02-23,Shivamogga,13.911466293047413,75.61905295747724,25.17,114.3,26.3,6.2,528,359,Agricultural,Loam,10.3,0.0,6.3,Confined,13.1,23.32
2024-02-24,Mysuru,12.241161797850388,76.63240196958006,16.89,57.6,22.8,7.2,420,294,Forest,Clay,16.0,0.0,5.2,Confined,0.0,16.1
2024-02-25,Vijayapura,16.896837686172603,75.78287818627015,5.5,75.8,33.9,5.7,446,192,Urban,Loam,12.1,0.0,2.5,Confined,0.0,4.27
2024-02-26,Davanagere,14.507561826632356,75.90926074613031,9.48,121.9,29.5,8.3,432,315,Urban,Loam,4.6,0.0,7.7,Unconfined,0.0,7.46
2024-02-27,Mangaluru,12.907099416376754,74.85628952697466,15.69,56.7,34.4,4.7,659,131,Forest,Sandy,17.4,-0.82,7.9,Unconfined,0.0,14.79
2024-02-28,Tumakuru,13.332639047298418,77.1461702529005,29.71,0.0,27.3,8.7,493,237,Barren,Silty,11.9,0.0,9.5,Unconfined,0.0,30.14
2024-02-29,Tumakuru,13.31614187235727,77.08738924980193,25.78,112.3,23.9,7.9,615,232,Urban,Clay,2.6,0.0,8.5,Unconfined,0.0,23.93
2024-03-01,Hubballi-Dharwad,15.367137696687463,75.14181801456401,14.58,125.0,34.0,4.8,372,105,Urban,Loam,1.7,0.0,0.9,Unconfined,0.0,12.32
2024-03-02,Mysuru,12.341663428974794,76.65363003255989,26.54,144.1,29.2,6.7,415,144,Forest,Silty,7.3,0.0,9.7,Confined,0.0,23.99
2024-03-03,Mangaluru,12.939120151305483,74.92619894829117,26.13,61.7,31.1,7.5,681,195,Urban,Sandy,20.0,0.73,1.2,Unconfined,0.0,25.27
2024-03-04,Hubballi-Dharwad,15.308501708556868,74.99661244554406,15.96,123.3,30.9,4.1,755,430,Forest,Sandy,2.9,0.0,1.9,Unconfined,0.0,13.7
2024-03-05,Shivamogga,13.934720774390748,75.52891182769913,25.95,149.9,31.2,4.1,472,412,Forest,Loam,14.2,0.0,9.3,Unconfined,0.0,23.16
2024-03-06,Tumakuru,13.278098290770313,77.05250985758722,5.86,42.6,31.6,4.4,266,354,Agricultural,Clay,3.6,0.0,1.9,Unconfined,39.4,5.62
2024-03-07,Vijayapura,16.750161017285407,75.68918158175141,8.59,152.8,30.9,8.4,735,238,Forest,Silty,17.7,0.0,1.8,Confined,0.0,5.95
2024-03-08,Mangaluru,12.99713120217895,74.90657699386425,15.58,0.0,39.2,4.8,796,354,Barren,Clay,7.4,0.59,5.3,Confined,0.0,15.82
2024-03-09,Belagavi,15.82456109899161,74.55174467322416,9.09,17.2,27.7,6.3,537,482,Agricultural,Loam,5.9,0.0,4.9,Confined,45.5,9.52
2024-03-10,Davanagere,14.464061397529514,75.83582012973048,12.41,0.0,33.9,5.3,612,115,Barren,Silty,19.9,0.0,0.7,Unconfined,0.0,12.68
2024-03-11,Shivamogga,13.96820670324322,75.53762157723483,20.95,20.3,36.7,4.6,629,461,Urban,Loam,8.0,0.0,4.1,Confined,0.0,20.77
2024-03-12,Ballari,15.049722043569012,76.93846766838767,11.13,99.6,35.1,4.4,252,227,Agricultural,Clay,10.3,0.0,2.1,Unconfined,46.6,9.82
2024-03-13,Bengaluru Urban,12.99047669116677,77.6057499875731,19.07,193.2,34.5,4.4,396,117,Urban,Clay,12.3,0.0,8.5,Confined,0.0,15.43
2024-03-14,Hubballi-Dharwad,15.397868660656544,75.15160783009019,9.76,157.5,37.0,5.5,794,343,Agricultural,Loam,19.3,0.0,3.1,Unconfined,11.0,7.0
2024-03-15,Vijayapura,16.801265006610752,75.72785906087984,21.09,147.2,25.6,8.9,632,154,Urban,Silty,3.4,0.0,9.0,Confined,0.0,18.59
2024-03-16,Mysuru,12.267831091306721,76.6034117325638,20.31,138.0,28.4,7.6,727,322,Agricultural,Silty,4.5,0.0,9.1,Unconfined,1.4,17.94
2024-03-17,Tumakuru,13.318818718637301,77.00883753884409,15.56,152.4,20.9,5.5,779,317,Urban,Loam,18.4,0.0,1.9,Unconfined,0.0,12.79
2024-03-18,Bengaluru Urban,13.004122662433593,77.68490080123897,27.32,105.5,30.4,8.8,726,359,Agricultural,Clay,1.1,0.0,9.1,Unconfined,43.5,26.09
2024-03-19,Hubballi-Dharwad,15.355506343969484,75.07077688824961,13.17,8.5,24.1,7.8,314,201,Forest,Loam,14.4,0.0,4.4,Unconfined,0.0,13.39
2024-03-20,Bengaluru Urban,12.934262980460632,77.54934372807561,25.89,119.8,22.5,7.4,499,285,Urban,Silty,1.7,0.0,5.3,Confined,0.0,23.86
2024-03-21,Davanagere,14.43438860599421,75.94586110788725,24.53,69.6,35.4,7.9,698,439,Urban,Loam,7.4,0.0,8.5,Confined,0.0,23.53
2024-03-22,Ballari,15.161689213106971,76.83707970423276,8.57,105.9,30.1,7.7,240,289,Agricultural,Loam,5.2,0.0,3.4,Confined,2.6,6.86
2024-03-23,Bengaluru Urban,13.007635018032465,77.61975672007557,10.7,0.0,38.5,8.9,759,160,Barren,Sandy,18.7,0.0,2.5,Confined,0.0,11.14
2024-03-24,Ballari,15.156928713185376,77.03992017735422,14.23,122.6,34.7,6.4,643,311,Forest,Sandy,17.1,0.0,1.4,Unconfined,0.0,12.1
2024-03-25,Ballari,15.116827495162235,76.88603753961425,13.65,43.8,22.6,4.5,701,318,Forest,Sandy,11.7,0.0,6.1,Unconfined,0.0,13.0
2024-03-26,Davanagere,14.510529492634753,75.93760070599667,25.97,149.6,29.6,4.5,609,408,Agricultural,Silty,11.1,0.0,2.3,Confined,42.7,23.63
2024-03-27,Shivamogga,13.954219737802886,75.5886266846847,12.96,0.0,33.1,4.6,391,265,Barren,Clay,18.2,0.0,5.3,Unconfined,0.0,13.19
2024-03-28,Hubballi-Dharwad,15.40769645401704,75.13091399800322,6.23,0.0,24.2,8.1,662,413,Barren,Loam,14.1,0.0,0.6,Confined,0.0,6.64
2024-03-29,Tumakuru,13.36121735934326,77.11147305500413,6.83,137.1,37.2,8.8,394,145,Forest,Loam,11.7,0.0,9.8,Unconfined,0.0,4.53
2024-03-30,Shivamogga,13.823570335585051,75.67079495730079,6.04,89.4,33.9,4.4,408,278,Urban,Silty,15.1,0.0,8.9,Confined,0.0,4.47
2024-03-31,Hubballi-Dharwad,15.36107248637655,75.16449819839407,29.88,11.4,32.9,5.3,298,419,Forest,Loam,4.9,0.0,6.0,Confined,0.0,29.92
2024-04-01,Ballari,15.113471156044437,76.8897032259925,29.18,0.0,30.7,7.2,317,345,Barren,Silty,15.4,0.0,4.2,Unconfined,0.0,29.54
2024-04-02,Vijayapura,16.806961753067764,75.77600152057975,10.68,176.9,33.6,8.9,421,149,Urban,Loam,13.5,0.0,9.7,Unconfined,0.0,7.59
2024-04-03,Mysuru,12.163404394017087,76.62701614473035,21.03,10.6,20.5,7.6,490,242,Agricultural,Loam,11.6,0.0,5.8,Confined,28.2,21.48
2024-04-04,Mysuru,12.25581061371968,76.6809302386226,24.93,165.0,37.2,7.0,706,167,Forest,Sandy,18.0,0.0,5.4,Confined,0.0,21.98
2024-04-05,Vijayapura,16.84655727927789,75.77998469156645,25.29,98.6,22.3,5.3,638,411,Agricultural,Clay,14.1,0.0,9.6,Unconfined,25.1,23.83
2024-04-06,Vijayapura,16.784929331185683,75.67069658556831,14.24,110.3,26.4,7.4,539,295,Agricultural,Clay,17.0,0.0,2.6,Unconfined,39.8,12.8
2024-04-07,Bengaluru Urban,12.90425345105106,77.6316541626494,13.12,0.0,40.0,4.4,631,369,Barren,Loam,4.3,0.0,7.8,Unconfined,0.0,13.34
2024-04-08,Davanagere,14.500827561093988,75.89098652044804,6.67,0.0,27.2,6.2,532,155,Barren,Sandy,9.4,0.0,3.2,Confined,0.0,6.98
2024-04-09,Mangaluru,12.948860789969801,74.90019414132856,17.08,195.2,36.7,7.5,701,260,Forest,Clay,11.0,0.62,3.5,Confined,0.0,13.55
2024-04-10,Bengaluru Urban,12.962499328796241,77.63724016093538,24.8,163.0,26.8,4.8,373,225,Urban,Loam,15.5,0.0,4.7,Unconfined,0.0,21.78
2024-04-11,Mysuru,12.269466235921008,76.57456951847259,28.96,90.2,31.1,8.2,557,106,Urban,Silty,11.7,0.0,1.4,Unconfined,0.0,27.57
2024-04-12,Hubballi-Dharwad,15.433446652713984,75.08486511804482,11.37,112.7,39.7,5.0,362,308,Urban,Loam,8.2,0.0,9.7,Confined,0.0,9.37
2024-04-13,Hubballi-Dharwad,15.326802770020437,75.20192849640915,20.39,0.0,35.0,4.9,710,158,Barren,Loam,15.8,0.0,9.6,Unconfined,0.0,20.64
2024-04-14,Davanagere,14.461774656497754,76.01074854059382,11.16,0.0,23.4,8.8,359,486,Barren,Silty,5.5,0.0,3.3,Confined,0.0,11.6
2024-04-15,Hubballi-Dharwad,15.403516176196506,75.24283746430692,17.63,138.4,37.5,5.4,663,457,Agricultural,Silty,15.5,0.0,2.0,Unconfined,41.4,15.55
2024-04-16,Mangaluru,12.95981156097446,74.90068079356448,8.65,0.0,38.1,4.9,722,253,Barren,Silty,10.5,0.63,9.1,Unconfined,0.0,8.89
2024-04-17,Hubballi-Dharwad,15.405942623064355,75.112388095125,9.78,114.6,20.3,8.3,721,408,Forest,Sandy,12.3,0.0,4.2,Confined,0.0,7.9
2024-04-18,Vijayapura,16.74985658133153,75.64370871481931,23.21,181.0,29.0,5.9,669,432,Agricultural,Sandy,6.8,0.0,9.5,Confined,17.8,20.06
2024-04-19,Shivamogga,13.964361549902925,75.60129895419499,12.75,1.1,32.3,5.7,303,365,Agricultural,Loam,16.7,0.0,6.0,Confined,13.6,13.15
2024-04-20,Shivamogga,13.90962834719493,75.56306130044875,21.76,123.2,25.4,7.9,699,371,Forest,Loam,18.6,0.0,2.1,Confined,0.0,19.69
2024-04-21,Mangaluru,12.8713862201694,74.87934145218843,26.82,103.6,29.4,5.2,530,329,Forest,Silty,8.0,0.93,3.6,Confined,0.0,25.01
2024-04-22,Davanagere,14.444503055158599,75.93851476412031,20.08,157.2,38.3,6.3,500,347,Agricultural,Silty,13.0,0.0,9.4,Unconfined,15.8,17.41
2024-04-23,Vijayapura,16.76685394990461,75.6945189703199,25.82,47.7,28.3,5.6,698,212,Agricultural,Sandy,4.2,0.0,9.3,Confined,48.3,25.63
2024-04-24,Davanagere,14.458346905619528,75.89847722076833,15.96,40.1,38.0,6.1,379,215,Forest,Clay,11.2,0.0,8.6,Confined,0.0,15.46
2024-04-25,Ballari,15.216291810636733,76.9399186867376,11.01,52.5,23.8,6.9,271,476,Forest,Clay,11.1,0.0,1.0,Confined,0.0,10.3
2024-04-26,Shivamogga,13.973696160245714,75.54059541318192,26.92,68.2,24.3,5.1,578,280,Forest,Sandy,15.7,0.0,0.9,Confined,0.0,25.81
2024-04-27,Mysuru,12.300477531597366,76.52770302563536,13.98,67.7,37.3,7.2,787,398,Forest,Silty,11.2,0.0,0.2,Unconfined,0.0,12.99
2024-04-28,Davanagere,14.5045301517817,75.96828904171569,5.71,31.5,24.5,6.3,715,353,Urban,Clay,2.4,0.0,1.0,Unconfined,0.0,5.4
2024-04-29,Tumakuru,13.292062719804846,77.16813232347603,8.26,174.0,27.4,8.5,650,342,Agricultural,Loam,6.8,0.0,6.0,Confined,26.8,5.47
2024-04-30,Bengaluru Urban,12.967109849545471,77.6319902153409,24.1,0.0,28.5,5.3,258,458,Barren,Clay,6.8,0.0,4.5,Confined,0.0,24.37
2024-05-01,Ballari,15.211195947719123,76.92305177899746,18.48,0.0,38.0,7.4,560,297,Barren,Clay,3.0,0.0,5.7,Unconfined,0.0,18.85
2024-05-02,Shivamogga,13.909026202040485,75.46512564452938,29.64,112.3,30.2,4.3,547,308,Forest,Loam,10.2,0.0,7.2,Unconfined,0.0,27.61
2024-05-03,Vijayapura,16.849594495496174,75.83311276741684,26.46,101.7,36.4,5.1,394,218,Forest,Loam,6.5,0.0,9.9,Unconfined,0.0,24.68
2024-05-04,Tumakuru,13.413216628290149,77.13557574463152,25.87,157.8,33.0,4.4,401,135,Agricultural,Loam,16.1,0.0,4.8,Unconfined,40.1,23.34
2024-05-05,Bengaluru Urban,13.024386693995476,77.60674818886235,11.1,166.8,36.1,8.2,800,290,Urban,Loam,19.3,0.0,5.2,Confined,0.0,8.17
2024-05-06,Bengaluru Urban,12.970918223395786,77.60978470034937,14.05,128.4,26.7,8.1,749,415,Urban,Loam,5.4,0.0,1.6,Confined,0.0,11.89
2024-05-07,Shivamogga,13.821369045609485,75.57681504764503,24.42,0.0,37.3,7.1,608,287,Barren,Sandy,11.9,0.0,1.3,Unconfined,0.0,24.78
2024-05-08,Bengaluru Urban,12.980378826824364,77.56182940446926,25.52,39.7,39.4,4.8,527,282,Forest,Sandy,13.0,0.0,2.6,Unconfined,0.0,24.97
2024-05-09,Mysuru,12.228337416607479,76.64877554228913,10.17,31.9,22.9,8.8,367,318,Urban,Sandy,10.4,0.0,0.5,Unconfined,0.0,9.97
2024-05-10,Bengaluru Urban,13.01085162569597,77.55652953430099,27.7,30.6,36.1,6.6,472,338,Agricultural,Silty,14.6,0.0,6.0,Unconfined,49.2,27.91
2024-05-11,Belagavi,15.780697435171762,74.46990370434082,6.76,131.1,31.7,7.7,235,464,Agricultural,Silty,18.5,0.0,9.5,Confined,28.5,4.81
2024-05-12,Vijayapura,16.834883315051872,75.78678788749518,8.69,75.7,23.8,5.8,208,342,Urban,Clay,10.0,0.0,0.8,Confined,0.0,7.47
2024-05-13,Shivamogga,13.859655828984545,75.55733354398356,21.48,65.9,21.4,5.8,352,368,Agricultural,Silty,15.6,0.0,5.7,Confined,16.1,20.61
2024-05-14,Belagavi,15.79338231042553,74.48891878720546,17.66,111.5,29.6,8.2,515,204,Agricultural,Clay,12.2,0.0,7.2,Confined,14.4,15.98
2024-05-15,Tumakuru,13.369540314160712,77.08179991379681,16.67,120.3,38.6,4.3,693,410,Urban,Loam,2.1,0.0,6.6,Unconfined,0.0,14.48
2024-05-16,Tumakuru,13.272702983753376,77.13524952136052,28.98,163.7,27.3,6.5,686,384,Forest,Silty,12.4,0.0,3.2,Unconfined,0.0,26.03
2024-05-17,Vijayapura,16.831463732559964,75.73626622409328,15.03,182.5,27.8,5.9,715,482,Agricultural,Silty,3.9,0.0,9.3,Unconfined,45.1,12.13
2024-05-18,Davanagere,14.438667295173218,75.90424030399907,7.87,173.2,25.9,4.5,261,257,Agricultural,Silty,13.8,0.0,3.3,Unconfined,18.0,4.81
2024-05-19,Hubballi-Dharwad,15.343295147926566,75.13982417076313,8.43,25.7,33.7,5.6,545,320,Agricultural,Sandy,10.5,0.0,7.0,Unconfined,16.3,8.36
2024-05-20,Shivamogga,13.898902470142568,75.57548048710957,26.79,147.6,34.4,5.2,558,222,Urban,Loam,14.6,0.0,1.2,Unconfined,0.0,24.1
2024-05-21,Mangaluru,12.882265196050035,74.8724004668404,24.67,0.0,32.4,6.6,309,335,Barren,Silty,1.5,-0.67,2.3,Confined,0.0,25.0
2024-05-22,Hubballi-Dharwad,15.31234798223823,75.15781306246485,18.47,133.6,35.3,7.4,496,190,Agricultural,Loam,1.5,0.0,2.7,Confined,17.9,16.35
2024-05-23,Ballari,15.172510886332327,77.0025803905296,29.36,127.8,38.1,8.0,351,373,Urban,Loam,11.3,0.0,7.9,Confined,0.0,27.2
2024-05-24,Shivamogga,13.91755257399931,75.54794339149385,8.21,162.2,39.6,5.2,270,322,Forest,Sandy,16.6,0.0,9.1,Confined,0.0,5.23
2024-05-25,Belagavi,15.800639071036539,74.56917847835375,25.68,16.3,36.2,5.8,749,421,Urban,Silty,1.2,0.0,3.1,Unconfined,0.0,25.64
2024-05-26,Mysuru,12.350270470724746,76.5248868998238,17.92,140.9,39.5,4.8,762,211,Urban,Clay,12.8,0.0,0.8,Confined,0.0,15.34
2024-05-27,Belagavi,15.803082235479591,74.4185846549576,22.06,54.4,21.9,6.4,455,202,Forest,Silty,16.2,0.0,8.4,Confined,0.0,21.29
2024-05-28,Davanagere,14.447893431303454,75.89837026561788,6.89,88.5,28.0,4.5,353,410,Forest,Silty,12.5,0.0,5.1,Confined,0.0,5.34
2024-05-29,Tumakuru,13.335722696206572,77.09592456255129,9.94,23.0,34.9,6.1,381,498,Forest,Clay,3.7,0.0,9.3,Unconfined,0.0,9.78
2024-05-30,Ballari,15.179774075253478,76.9270650575064,13.77,107.1,23.1,5.0,288,358,Urban,Silty,19.9,0.0,1.5,Unconfined,0.0,11.88
2024-05-31,Davanagere,14.531057038887683,75.92397863373479,21.09,79.6,21.2,5.2,789,181,Urban,Silty,6.5,0.0,6.2,Unconfined,0.0,19.76
2024-06-01,Vijayapura,16.865463505019683,75.66270245345014,21.69,8.7,35.2,7.5,219,128,Agricultural,Loam,7.2,0.0,8.3,Confined,27.8,22.17
2024-06-02,Davanagere,14.516963295798917,75.95996373974556,8.11,0.0,28.1,5.9,663,281,Barren,Silty,9.4,0.0,9.4,Confined,0.0,8.4
2024-06-03,Tumakuru,13.404214794911724,77.09202536892279,7.7,0.0,36.3,6.6,263,470,Barren,Loam,18.6,0.0,2.5,Unconfined,0.0,8.03
2024-06-04,Shivamogga,13.943859611619203,75.61437056803925,9.79,198.0,36.8,4.2,716,120,Forest,Clay,4.1,0.0,2.3,Unconfined,0.0,6.04
2024-06-05,Hubballi-Dharwad,15.346083591040804,75.15697538317816,27.12,39.5,21.3,7.0,337,370,Urban,Sandy,16.2,0.0,3.4,Confined,0.0,26.68
2024-06-06,Bengaluru Urban,12.971623129135049,77.56667394113396,18.8,0.0,24.3,7.7,557,175,Barren,Sandy,17.4,0.0,1.1,Confined,0.0,19.19
2024-06-07,Tumakuru,13.362260761196076,77.13518033940093,29.85,100.8,27.7,8.1,644,172,Forest,Silty,4.8,0.0,1.6,Unconfined,0.0,28.24
2024-06-08,Vijayapura,16.87327616054788,75.67651530116734,11.4,0.0,28.3,7.4,230,242,Barren,Sandy,2.7,0.0,7.3,Confined,0.0,11.77
2024-06-09,Tumakuru,13.342723207133435,77.08743601287661,27.09,0.0,37.0,7.5,668,414,Barren,Clay,8.5,0.0,6.7,Confined,0.0,27.46
2024-06-10,Mangaluru,12.889484828044093,74.87697688098572,26.66,21.6,26.2,7.7,798,158,Forest,Loam,16.2,-0.35,8.9,Confined,0.0,26.61
2024-06-11,Vijayapura,16.90555901598894,75.7129845071145,20.67,192.3,31.9,5.7,364,477,Urban,Silty,2.2,0.0,2.6,Unconfined,0.0,17.11
2024-06-12,Ballari,15.161052444260054,76.86531856110807,21.92,190.7,39.7,6.2,397,102,Forest,Loam,10.4,0.0,8.5,Confined,0.0,18.42
2024-06-13,Tumakuru,13.28374233069902,77.13425117604848,16.91,0.0,30.3,8.5,465,245,Barren,Silty,3.3,0.0,1.6,Unconfined,0.0,17.34
2024-06-14,Bengaluru Urban,12.968301755361777,77.55862005955102,21.16,87.0,20.7,5.1,647,498,Agricultural,Silty,9.5,0.0,10.0,Unconfined,41.2,20.09
2024-06-15,Mangaluru,12.868960995990577,74.83935102255282,26.71,180.2,32.3,8.2,791,494,Urban,Loam,13.9,-0.18,1.4,Confined,0.0,23.52
2024-06-16,Ballari,15.157709059221249,77.0120215775342,6.82,0.0,31.9,7.0,528,477,Barren,Sandy,2.0,0.0,3.2,Unconfined,0.0,7.17
2024-06-17,Ballari,15.14250897837292,76.83282522841571,8.5,128.0,32.6,6.8,354,238,Urban,Clay,12.4,0.0,9.3,Unconfined,0.0,6.28
2024-06-18,Belagavi,15.874943862730918,74.49801100621389,17.6,196.6,35.3,4.6,782,466,Forest,Loam,7.4,0.0,0.4,Confined,0.0,13.9
2024-06-19,Vijayapura,16.80633954353573,75.65755299739416,16.57,158.0,36.7,7.6,380,188,Agricultural,Sandy,17.0,0.0,1.5,Unconfined,37.6,14.17
2024-06-20,Bengaluru Urban,13.016363085534605,77.5714800008569,13.31,31.1,33.9,8.1,736,217,Urban,Sandy,17.6,0.0,0.9,Unconfined,0.0,13.09
2024-06-21,Hubballi-Dharwad,15.323483038889844,75.1528352695043,23.75,0.0,23.7,5.3,356,158,Barren,Sandy,14.9,0.0,8.1,Unconfined,0.0,24.02
2024-06-22,Davanagere,14.421847720340025,75.97777771943032,16.88,165.5,33.1,4.9,426,133,Forest,Sandy,8.8,0.0,0.6,Unconfined,0.0,13.81
2024-06-23,Hubballi-Dharwad,15.333231234343616,75.05892988443021,26.25,36.8,33.6,6.5,290,337,Urban,Silty,11.7,0.0,2.1,Unconfined,0.0,25.84
2024-06-24,Belagavi,15.87520040995634,74.46438620992062,28.06,109.5,32.1,8.2,403,500,Agricultural,Sandy,15.6,0.0,5.9,Unconfined,14.9,26.43
2024-06-25,Davanagere,14.386405540567107,75.94144215049224,12.16,136.3,29.8,8.7,339,261,Forest,Loam,5.1,0.0,1.5,Unconfined,0.0,9.87
2024-06-26,Tumakuru,13.429438153557273,77.08188372342973,27.9,125.9,36.1,6.8,571,293,Agricultural,Sandy,2.9,0.0,3.6,Unconfined,49.4,26.22
2024-06-27,Tumakuru,13.30634895984413,77.17803279217861,20.5,190.0,21.1,5.5,336,247,Agricultural,Clay,11.2,0.0,4.4,Confined,34.3,17.32
2024-06-28,Shivamogga,13.969248292376122,75.5395228905653,7.4,94.1,23.0,8.7,488,235,Agricultural,Silty,17.4,0.0,0.7,Unconfined,22.2,6.18
2024-06-29,Ballari,15.108392841175158,76.95996306268894,26.95,188.2,21.5,6.8,724,363,Forest,Clay,3.0,0.0,8.6,Unconfined,0.0,23.53
2024-06-30,Shivamogga,14.032775104448662,75.64392843294284,14.62,0.0,26.7,5.2,552,362,Barren,Loam,6.5,0.0,1.0,Unconfined,0.0,14.88
2024-07-01,Shivamogga,13.94961921806274,75.57883517996216,29.49,125.1,33.6,7.5,307,408,Urban,Clay,8.1,0.0,8.2,Unconfined,0.0,27.36
2024-07-02,Hubballi-Dharwad,15.294694839253552,75.17360726213957,7.92,38.4,25.0,6.0,289,105,Agricultural,Silty,18.3,0.0,1.2,Confined,33.0,7.78
2024-07-03,Shivamogga,13.968329787024098,75.57432665269579,9.12,0.0,27.9,5.8,462,303,Barren,Loam,12.4,0.0,1.2,Unconfined,0.0,9.41
2024-07-04,Vijayapura,16.918835202495167,75.66526320898579,25.06,0.0,20.3,7.7,775,449,Barren,Clay,10.2,0.0,6.1,Unconfined,0.0,25.45
2024-07-05,Mangaluru,12.886555721116133,74.80011033995613,11.9,151.2,34.4,7.4,595,352,Urban,Clay,15.5,-0.8,6.7,Unconfined,0.0,9.25
2024-07-06,Hubballi-Dharwad,15.331397082665259,75.14257385690284,6.43,51.9,22.2,5.5,504,222,Agricultural,Loam,9.4,0.0,4.0,Unconfined,18.4,5.85
2024-07-07,Bengaluru Urban,12.961681116939909,77.57712754425367,15.41,53.8,24.6,4.7,256,242,Agricultural,Sandy,19.2,0.0,1.0,Unconfined,46.5,15.03
2024-07-08,Bengaluru Urban,13.002255301461817,77.57129589915222,13.83,0.0,25.6,5.8,404,322,Barren,Silty,10.1,0.0,10.0,Unconfined,0.0,14.12
2024-07-09,Mysuru,12.247587034607449,76.66667984680491,22.54,29.7,29.0,7.3,230,209,Forest,Loam,11.6,0.0,6.4,Unconfined,0.0,22.31
2024-07-10,Ballari,15.176519578425717,76.85180784441928,25.91,14.8,20.5,6.3,344,465,Agricultural,Silty,4.8,0.0,3.3,Confined,33.5,26.26
2024-07-11,Belagavi,15.782242281590161,74.55443249281876,15.06,72.1,21.0,4.9,600,411,Agricultural,Silty,2.0,0.0,4.3,Unconfined,39.7,14.26
2024-07-12,Davanagere,14.546996414546399,75.86560089602291,29.24,33.5,32.5,5.6,491,300,Agricultural,Sandy,11.4,0.0,5.1,Unconfined,5.2,28.9
2024-07-13,Bengaluru Urban,12.90357338678116,77.64179547982135,25.56,0.0,22.7,6.4,604,207,Barren,Loam,2.3,0.0,4.1,Unconfined,0.0,25.88
2024-07-14,Mangaluru,12.866349354351003,74.78224310861175,15.74,145.1,31.0,7.7,216,128,Agricultural,Silty,7.5,0.31,8.9,Unconfined,12.2,13.35
2024-07-15,Vijayapura,16.78842806299574,75.78017571268627,7.32,0.0,36.9,5.5,231,178,Barren,Clay,10.0,0.0,2.2,Unconfined,0.0,7.6
2024-07-16,Mysuru,12.250277509417508,76.59168769389251,25.88,165.7,26.7,6.1,612,123,Urban,Sandy,15.8,0.0,9.7,Confined,0.0,22.87
2024-07-17,Bengaluru Urban,12.984925100571182,77.61759860605126,27.92,30.3,32.6,4.7,708,334,Forest,Silty,18.1,0.0,2.8,Confined,0.0,27.55
2024-07-18,Vijayapura,16.810424750097898,75.61455762949892,16.26,26.3,33.6,4.2,409,335,Urban,Loam,18.7,0.0,0.7,Unconfined,0.0,15.94
2024-07-19,Mangaluru,12.94832380364669,74.93741282567132,23.63,66.4,20.5,6.9,401,210,Agricultural,Clay,2.1,0.26,4.2,Confined,23.4,22.88
2024-07-20,Vijayapura,16.760913837189495,75.65276800333064,5.8,130.2,30.2,8.5,717,303,Forest,Silty,1.3,0.0,3.5,Unconfined,0.0,3.62
2024-07-21,Belagavi,15.817547722898352,74.47097710785081,5.29,0.0,34.4,5.6,541,478,Barren,Loam,5.2,0.0,5.6,Unconfined,0.0,5.57
2024-07-22,Belagavi,15.886232296662682,74.5389970962968,8.68,76.3,23.7,8.9,780,360,Urban,Loam,15.0,0.0,4.4,Confined,0.0,7.6
2024-07-23,Belagavi,15.796215952985577,74.41760892912917,15.95,48.0,24.6,7.5,240,141,Agricultural,Silty,13.6,0.0,2.1,Confined,47.0,15.83
2024-07-24,Ballari,15.246885496988577,76.80473234958517,9.49,24.4,33.2,7.0,662,497,Agricultural,Silty,2.6,0.0,3.8,Unconfined,3.9,9.39
2024-07-25,Mysuru,12.212980905544752,76.6577594393304,5.65,23.6,32.8,8.6,415,105,Agricultural,Silty,1.0,0.0,0.3,Confined,32.8,5.94
2024-07-26,Mangaluru,12.935912129208178,74.76897593014843,26.24,76.1,22.5,6.4,397,265,Forest,Silty,16.4,0.0,4.2,Unconfined,0.0,25.04
2024-07-27,Ballari,15.148681892344905,76.90361470419874,17.44,113.8,39.2,5.1,697,372,Urban,Silty,16.4,0.0,0.9,Unconfined,0.0,15.42
2024-07-28,Davanagere,14.533031389666432,75.93813763563088,7.68,0.0,28.3,7.7,227,149,Barren,Silty,6.9,0.0,2.6,Unconfined,0.0,8.06
2024-07-29,Mangaluru,12.902187686712061,74.84651377586918,11.6,185.8,26.7,6.3,700,321,Urban,Sandy,7.9,-0.6,3.9,Confined,0.0,8.2
2024-07-30,Hubballi-Dharwad,15.326529341796826,75.10927511821271,9.52,88.4,31.5,6.0,420,332,Forest,Silty,7.2,0.0,6.7,Unconfined,0.0,8.05
2024-07-31,Ballari,15.230648724534804,76.78695769031187,21.23,154.1,33.5,4.5,215,142,Urban,Sandy,1.0,0.0,1.1,Confined,0.0,18.37
2024-08-01,Belagavi,15.84016007007514,74.5874685382854,13.25,130.9,39.2,4.3,598,312,Forest,Loam,10.9,0.0,2.1,Unconfined,0.0,10.85
2024-08-02,Vijayapura,16.868251302051128,75.73724815976425,12.14,18.5,26.2,8.2,660,442,Forest,Clay,3.1,0.0,1.5,Unconfined,0.0,12.18
2024-08-03,Ballari,15.141926223451584,76.88833924287752,23.04,33.6,24.1,8.6,604,161,Urban,Sandy,5.3,0.0,3.6,Unconfined,0.0,22.8
2024-08-04,Belagavi,15.790471743546394,74.5233746297078,13.91,37.7,34.9,6.1,305,158,Urban,Sandy,9.8,0.0,9.7,Confined,0.0,13.46
2024-08-05,Shivamogga,13.913191779291383,75.58631542840013,28.07,58.9,39.5,4.4,528,347,Forest,Sandy,9.9,0.0,5.5,Unconfined,0.0,27.11
2024-08-06,Bengaluru Urban,12.954878039260269,77.54055308915586,12.16,69.2,31.1,8.4,762,180,Agricultural,Silty,5.2,0.0,9.6,Confined,26.6,11.46
2024-08-07,Mysuru,12.30265895729215,76.67237927923166,20.77,198.4,33.7,4.2,229,313,Forest,Clay,7.8,0.0,5.9,Confined,0.0,17.01
2024-08-08,Belagavi,15.975410655221276,74.54360633584277,14.18,82.7,30.4,8.3,308,166,Agricultural,Sandy,4.8,0.0,7.1,Confined,20.7,13.15
2024-08-09,Ballari,15.116462293344371,76.85423107429418,5.62,118.0,27.1,8.5,613,100,Urban,Silty,15.9,0.0,3.5,Unconfined,0.0,3.69
2024-08-10,Mangaluru,12.898419319235229,74.8947882556942,13.32,179.8,29.0,4.7,617,468,Urban,Loam,12.4,-0.89,4.7,Confined,0.0,9.96
2024-08-11,Shivamogga,13.978147546057214,75.48413971386232,29.08,55.9,31.3,4.6,732,161,Agricultural,Clay,7.0,0.0,7.0,Unconfined,25.5,28.45
2024-08-12,Belagavi,15.883693835227334,74.41569272268275,9.67,64.6,23.8,4.1,350,172,Agricultural,Sandy,17.1,0.0,7.7,Unconfined,2.0,8.6
2024-08-13,Bengaluru Urban,12.945445927897811,77.55484390969008,12.75,138.4,33.7,7.6,307,141,Urban,Sandy,8.9,0.0,4.3,Unconfined,0.0,10.36
2024-08-14,Ballari,15.252672581107392,76.87677966161912,28.15,154.5,35.4,9.0,491,455,Urban,Silty,2.0,0.0,7.5,Unconfined,0.0,25.51
2024-08-15,Ballari,15.105316987773138,76.86004632773555,20.78,0.0,20.7,6.9,386,336,Barren,Silty,7.6,0.0,6.1,Unconfined,0.0,21.12
2024-08-16,Ballari,15.042555018718064,76.90909429505767,7.53,62.4,40.0,6.0,424,264,Forest,Clay,6.3,0.0,6.5,Confined,0.0,6.58
2024-08-17,Vijayapura,16.754467234128192,75.67986628148454,16.69,0.0,37.9,5.2,536,182,Barren,Loam,15.4,0.0,6.6,Unconfined,0.0,16.95
2024-08-18,Vijayapura,16.914618210164534,75.75377872230423,5.56,19.4,33.2,7.9,796,173,Forest,Clay,6.2,0.0,0.7,Confined,0.0,5.57
2024-08-19,Vijayapura,16.84621334284593,75.60999225077526,20.12,26.2,30.5,5.3,588,458,Agricultural,Clay,5.0,0.0,4.4,Unconfined,16.4,20.03
2024-08-20,Vijayapura,16.761449753774937,75.72080139896521,13.7,0.0,33.1,8.0,422,316,Barren,Silty,17.1,0.0,0.9,Unconfined,0.0,14.1
2024-08-21,Vijayapura,16.792417814344372,75.73225501529389,26.49,12.1,39.0,5.1,631,145,Urban,Silty,14.9,0.0,6.8,Confined,0.0,26.5
2024-08-22,Vijayapura,16.79048896146185,75.77457766921253,29.57,18.6,22.1,4.9,740,456,Urban,Clay,12.3,0.0,10.0,Unconfined,0.0,29.44
2024-08-23,Belagavi,15.786962744117073,74.38902423055205,27.74,85.6,30.6,5.7,230,200,Forest,Sandy,20.0,0.0,8.9,Unconfined,0.0,26.31
2024-08-24,Shivamogga,13.890964668260496,75.59386165791096,20.68,172.3,38.4,8.3,656,203,Forest,Silty,10.0,0.0,2.5,Unconfined,0.0,17.65
2024-08-25,Mangaluru,12.925611625275769,74.85679316744304,27.08,110.0,26.1,6.8,608,148,Urban,Silty,15.6,-0.85,6.0,Unconfined,0.0,25.22
2024-08-26,Shivamogga,13.942315395017566,75.51507497025689,22.44,143.1,28.6,7.6,726,343,Agricultural,Silty,16.7,0.0,6.5,Unconfined,24.8,20.21
2024-08-27,Belagavi,15.843227536818198,74.41642416489171,20.5,0.0,34.6,5.6,232,369,Barren,Loam,14.3,0.0,3.1,Unconfined,0.0,20.78
2024-08-28,Tumakuru,13.441107558420292,77.11875060634779,11.96,114.2,25.0,6.9,411,261,Urban,Silty,19.9,0.0,2.2,Unconfined,0.0,10.02
2024-08-29,Belagavi,15.888817146152249,74.52541560630594,12.87,0.0,33.7,5.8,735,188,Barren,Clay,9.0,0.0,7.9,Unconfined,0.0,13.16
2024-08-30,Mangaluru,12.891424191734789,74.91665861513137,28.39,75.5,34.4,4.6,542,363,Agricultural,Loam,8.1,0.51,8.8,Confined,11.3,27.22
2024-08-31,Belagavi,15.873293606548204,74.39587266947602,27.51,57.3,37.8,4.6,639,133,Urban,Silty,2.4,0.0,9.9,Unconfined,0.0,26.59
2024-09-01,Davanagere,14.427834646378136,75.94140278127558,9.8,30.7,29.3,5.8,725,191,Agricultural,Loam,4.0,0.0,6.1,Confined,42.2,9.9
2024-09-02,Vijayapura,16.781412444996807,75.75358104963348,7.78,0.0,33.5,4.4,770,392,Barren,Sandy,17.2,0.0,5.7,Confined,0.0,8.0
2024-09-03,Mysuru,12.311258239356231,76.6031770117984,16.55,0.0,33.2,7.4,411,332,Barren,Clay,16.3,0.0,8.7,Unconfined,0.0,16.92
2024-09-04,Mangaluru,12.909152466551493,74.8351131784468,19.18,44.8,32.4,7.9,637,487,Agricultural,Clay,3.3,-0.46,2.9,Confined,46.8,19.15
2024-09-05,Davanagere,14.452709542359006,75.8707177075297,9.62,0.0,36.6,4.7,410,281,Barren,Loam,15.1,0.0,0.2,Unconfined,0.0,9.85
2024-09-06,Hubballi-Dharwad,15.394919254910576,75.11623800580598,5.16,101.1,28.1,7.0,214,149,Agricultural,Loam,2.1,0.0,4.6,Confined,28.4,3.77
2024-09-07,Tumakuru,13.333435446147114,77.09968758662774,7.12,190.4,28.3,6.5,217,275,Forest,Loam,13.2,0.0,5.0,Confined,0.0,3.64
2024-09-08,Mysuru,12.253742602198688,76.65507981677685,17.34,156.2,35.0,7.8,254,271,Urban,Sandy,6.6,0.0,2.1,Unconfined,0.0,14.61
2024-09-09,Mysuru,12.322299829393632,76.56027097260996,5.78,56.3,34.4,5.4,232,464,Urban,Clay,14.4,0.0,5.2,Confined,0.0,4.92
2024-09-10,Davanagere,14.494318492646919,75.90080499677751,24.78,121.8,31.7,5.7,253,478,Agricultural,Clay,3.9,0.0,9.0,Confined,31.0,22.94
2024-09-11,Mysuru,12.297301715945386,76.60884514050618,17.25,57.2,28.8,7.9,576,467,Forest,Sandy,10.0,0.0,7.0,Unconfined,0.0,16.5
2024-09-12,Vijayapura,16.845088616751287,75.69819960382289,14.46,34.0,23.3,5.9,780,294,Agricultural,Silty,14.2,0.0,6.7,Unconfined,43.9,14.51
2024-09-13,Mysuru,12.349272383432687,76.57479618181911,7.37,7.2,39.2,5.1,239,217,Forest,Silty,8.6,0.0,8.9,Confined,0.0,7.48
2024-09-14,Tumakuru,13.349894358913023,77.05962685196693,26.32,69.9,22.0,7.2,789,475,Urban,Loam,7.2,0.0,2.3,Confined,0.0,25.28
2024-09-15,Tumakuru,13.361729613845483,77.06827097351378,13.1,0.0,38.0,7.7,755,211,Barren,Silty,14.4,0.0,7.8,Confined,0.0,13.48
2024-09-16,Vijayapura,16.791908337191288,75.7546221653565,19.47,175.2,33.3,7.0,428,258,Urban,Silty,15.8,0.0,5.3,Unconfined,0.0,16.32
2024-09-17,Tumakuru,13.26172219502299,77.13387205738353,12.89,187.1,29.1,5.4,690,259,Urban,Loam,6.3,0.0,6.7,Confined,0.0,9.42
2024-09-18,Vijayapura,16.85862202334071,75.7128510929232,25.13,0.0,21.3,5.2,359,184,Barren,Silty,3.8,0.0,4.2,Confined,0.0,25.39
2024-09-19,Mysuru,12.275356825400998,76.60494511519377,10.92,140.1,23.5,7.4,290,232,Forest,Loam,2.7,0.0,7.8,Unconfined,0.0,8.49
2024-09-20,Tumakuru,13.38664686382816,77.07434407748254,25.74,0.0,23.1,7.7,355,278,Barren,Silty,18.3,0.0,8.4,Confined,0.0,26.12
2024-09-21,Ballari,15.179444145077843,76.95173187620675,9.0,90.6,21.2,6.6,308,180,Agricultural,Silty,9.7,0.0,1.9,Confined,29.6,7.81
2024-09-22,Mangaluru,12.860157193416622,74.83814220692531,25.26,176.2,34.8,6.1,659,197,Agricultural,Silty,5.1,-0.08,9.6,Unconfined,20.1,22.24
2024-09-23,Hubballi-Dharwad,15.453576057235153,75.11534114850188,6.07,0.0,37.0,6.8,503,238,Barren,Clay,13.1,0.0,2.6,Unconfined,0.0,6.41
2024-09-24,Belagavi,15.840446837895232,74.52493104765442,19.5,0.0,26.0,4.8,590,437,Barren,Sandy,18.3,0.0,8.8,Confined,0.0,19.74
2024-09-25,Bengaluru Urban,12.913722202822017,77.55775354887366,14.05,90.3,31.2,7.7,211,385,Agricultural,Clay,19.9,0.0,5.8,Confined,20.1,12.83
2024-09-26,Davanagere,14.384102469004176,75.99967825379879,15.24,41.1,24.7,7.2,400,331,Agricultural,Sandy,16.5,0.0,5.0,Confined,14.8,14.93
