Date,Taluk,Latitude,Longitude,Previous GWL (m bgl),Rainfall (mm/day),Temperature (°C),Evaporation (mm/day),Population Density (people/km²),Surface Elevation (m),Land Use,Soil Type,River Distance (km),Tidal Influence (m),Slope (%),Aquifer Type,Irrigation Demand (mm/day),Predicted GWL (m bgl)
2021-03-19,Haveri,14.784371271352388,75.40527059003973,20.36,41.2,30.2,7.6,278,631,Agricultural,Loam,3.6,0.0,7.8,Confined,48.3,20.4
2025-06-14,Doddaballapura,13.2798039384145,77.53544559761076,35.94,240.9,31.9,7.8,1354,631,Agricultural,Loam,16.2,0.0,10.7,Unconfined,36.5,31.88
2022-06-27,Shivamogga,13.923889649436227,75.55816818240206,9.68,54.5,22.1,5.4,1222,665,Urban,Loam,23.5,0.0,6.9,Unconfined,6.5,8.92
2025-06-28,Kundapura,13.634943796285823,74.67916361697708,25.06,216.5,25.3,6.7,1369,689,Urban,Silty,16.5,-0.62,10.6,Unconfined,33.8,21.46
2023-01-30,Udupi,13.336913240957166,74.755096860023,37.78,6.5,20.9,6.1,241,358,Forest,Clay,9.7,0.74,0.3,Confined,25.6,38.14
2023-06-10,Mysuru,12.287569124579026,76.64203815909957,7.91,153.5,24.7,5.1,1452,138,Urban,Clay,9.4,0.0,8.9,Unconfined,0.5,5.1
2021-02-08,Badami,15.910288790798374,75.68802734352431,6.79,13.9,29.9,7.7,816,451,Agricultural,Clay,2.1,0.0,5.4,Unconfined,45.8,7.36
2024-03-26,Davanagere,14.44138088411957,75.90153721444871,17.92,36.2,36.3,10.6,1310,23,Urban,Clay,16.7,0.0,3.9,Unconfined,3.4,17.76
2021-08-09,Hassan,13.013727388275528,76.08540496846753,30.79,174.2,25.9,6.5,1265,195,Urban,Silty,14.9,0.0,1.1,Unconfined,0.1,27.63
2020-12-23,Sringeri,13.420870221092768,75.22989942279409,19.14,12.0,21.8,5.7,1016,83,Agricultural,Silty,20.5,0.0,10.9,Confined,48.5,19.67
2022-10-24,Devanahalli,13.228568263251296,77.69887457630504,9.04,36.3,31.8,8.8,1354,299,Agricultural,Sandy,11.9,0.0,12.9,Unconfined,22.7,8.98
2021-05-25,Raichur,16.200934465325574,77.36565477148044,8.7,26.8,34.0,7.3,646,576,Urban,Loam,18.0,0.0,5.2,Confined,3.4,8.56
2021-01-27,Raichur,16.210776046320557,77.35750715770257,22.08,2.5,28.0,8.0,280,388,Urban,Loam,21.2,0.0,12.2,Confined,8.1,22.51
2023-01-01,Hassan,13.010386160754717,76.12223401871114,20.23,3.3,28.0,7.1,1495,792,Urban,Silty,19.3,0.0,1.1,Confined,6.6,20.59
2021-03-22,Karwar,14.798509340194542,74.13249284102403,19.96,19.6,33.1,8.1,828,284,Urban,Clay,20.8,0.46,13.0,Unconfined,8.8,20.02
2022-11-03,Mysuru,12.294711179070479,76.63803048957504,35.57,40.4,29.8,6.4,1233,597,Urban,Loam,19.5,0.0,3.8,Unconfined,2.8,35.11
2020-10-19,Raichur,16.228901397681312,77.34088722974805,18.02,81.5,32.5,8.0,546,542,Urban,Clay,21.8,0.0,10.0,Confined,2.8,16.82
2023-07-30,Doddaballapura,13.293014405204518,77.55469843455629,24.18,233.4,25.7,6.5,1312,558,Agricultural,Silty,3.4,0.0,12.3,Unconfined,57.5,20.41
2021-01-26,Anekal,12.714052009916134,77.70703923649944,34.55,17.7,27.4,6.0,1296,585,Urban,Silty,4.2,0.0,3.5,Confined,7.4,34.57
2022-06-09,Udupi,13.307447582248672,74.73880571894587,13.51,246.7,25.5,6.8,549,580,Forest,Sandy,24.8,-0.69,0.8,Unconfined,35.4,9.34
2021-09-27,Shivamogga,13.941402102912562,75.5773782471527,25.43,54.7,31.9,6.6,1375,688,Urban,Sandy,3.1,0.0,7.9,Unconfined,8.5,24.75
2021-08-26,Davanagere,14.480865900018156,75.91174947253732,29.05,102.2,31.4,8.2,425,723,Urban,Loam,7.5,0.0,11.3,Unconfined,0.2,27.42
2023-07-03,Sagara,14.169940875199375,75.01717843961279,15.18,228.6,27.4,7.6,917,157,Agricultural,Silty,21.1,0.0,10.8,Unconfined,33.8,11.33
2022-11-13,Udupi,13.341019764551236,74.7528172553153,7.3,32.0,25.6,5.3,1401,504,Urban,Sandy,12.2,-0.67,12.1,Confined,37.1,7.36
2024-06-09,Raichur,16.22241456201847,77.37470052174193,17.71,134.4,29.4,5.9,352,100,Urban,Clay,7.6,0.0,9.3,Confined,8.6,15.4
2024-10-23,Chitradurga,14.246488594479784,76.41434499419597,26.05,87.1,30.1,8.8,363,774,Urban,Loam,15.7,0.0,5.2,Unconfined,0.9,24.76
2023-05-19,Sringeri,13.422258481662578,75.26220113695011,20.27,23.3,33.2,9.7,715,545,Agricultural,Sandy,9.1,0.0,0.9,Confined,26.0,20.55
2020-12-02,Karwar,14.800356953232267,74.13320225019537,21.77,8.1,23.2,5.0,698,503,Forest,Loam,21.9,-0.28,12.8,Unconfined,6.5,21.95
2023-07-05,Davanagere,14.456380921452526,75.90866196999002,22.23,227.3,24.4,6.4,935,712,Urban,Clay,2.1,0.0,10.5,Unconfined,7.9,18.08
2022-05-06,Ballari,15.122885919680302,76.92714219855577,26.96,47.3,41.1,9.3,1483,135,Urban,Sandy,14.0,0.0,7.5,Confined,8.5,26.56
2021-12-28,Chitradurga,14.222363608155106,76.39824734438866,23.69,17.6,22.7,6.2,200,485,Urban,Clay,14.1,0.0,11.7,Confined,6.6,23.71
2024-09-17,Udupi,13.319714841084156,74.73828797910491,31.66,185.4,25.7,5.9,985,105,Agricultural,Sandy,9.9,0.53,2.5,Confined,37.4,28.57
2025-03-08,Karwar,14.81193692843325,74.1190948138123,34.19,33.3,30.3,6.1,546,294,Urban,Loam,4.7,0.76,1.1,Confined,15.3,33.91
2022-06-06,Udupi,13.329260201831872,74.7717655099984,26.53,216.0,23.1,5.6,1012,469,Agricultural,Sandy,18.4,-0.28,14.0,Confined,24.0,22.76
2023-05-11,Bagalkote,16.168670667176656,75.69851581309096,17.81,6.4,41.3,11.2,503,29,Urban,Loam,9.1,0.0,9.2,Confined,7.1,18.31
2022-05-22,Davanagere,14.445394754399386,75.92592611422968,24.59,44.3,40.2,10.3,918,99,Urban,Sandy,22.6,0.0,8.0,Confined,0.4,24.22
2020-09-26,Chikkamagaluru,13.319720556982016,75.79873066480016,21.62,113.3,24.5,7.3,1455,625,Agricultural,Sandy,24.3,0.0,2.5,Confined,21.9,19.94
2025-02-10,Puttur,12.745579709795692,75.2157146241809,9.46,13.8,23.2,4.9,1112,350,Urban,Clay,22.3,0.61,8.0,Unconfined,10.5,9.47
2022-10-22,Davanagere,14.445741960786636,75.91657065821191,13.88,91.8,32.6,7.1,313,345,Urban,Sandy,2.5,0.0,1.5,Confined,6.4,12.46
2020-12-16,Hunasuru,12.32634072261599,76.28238972733527,36.96,3.0,25.8,6.7,1086,246,Agricultural,Clay,3.4,0.0,12.4,Confined,23.1,37.47
2022-02-25,Sringeri,13.404007367984025,75.25537424791652,7.54,18.5,27.7,6.9,786,259,Agricultural,Silty,16.5,0.0,13.7,Unconfined,44.1,7.96
2024-05-19,Raichur,16.201147466873017,77.36225083748715,35.33,1.1,37.2,11.0,1345,326,Urban,Loam,21.2,0.0,5.8,Confined,7.8,35.94
2025-05-14,Kolar,13.133461669576146,78.12242837496855,7.6,28.3,29.5,6.4,761,783,Urban,Sandy,18.9,0.0,12.9,Unconfined,2.9,7.38
2022-02-01,Raichur,16.178777934072198,77.35550973424681,11.4,19.6,20.5,4.2,1103,303,Urban,Sandy,5.1,0.0,7.4,Confined,7.9,11.3
2024-07-30,Sirsi,14.628359099483962,74.8456509818896,12.43,94.5,23.0,5.6,1095,196,Agricultural,Sandy,21.7,0.0,2.8,Unconfined,26.9,11.09
2021-09-30,Mysuru,12.303707367899364,76.63624053957508,34.89,111.0,26.5,6.6,819,179,Urban,Silty,5.0,0.0,0.1,Unconfined,1.1,33.01
2022-02-02,Puttur,12.763611499602042,75.21124846155267,18.35,10.8,22.8,6.3,1287,436,Forest,Silty,17.6,-0.6,2.6,Unconfined,36.9,18.88
2020-10-16,Puttur,12.75749073934268,75.21344908252782,12.99,48.3,33.4,10.0,1008,631,Agricultural,Loam,23.2,-0.1,10.3,Unconfined,29.5,12.83
2021-02-07,Tumakuru,13.344680836777837,77.1052278499772,24.13,2.9,29.5,7.6,857,416,Urban,Loam,8.6,0.0,1.6,Confined,2.6,24.48
2024-12-24,Sringeri,13.418462862707148,75.26164092900194,33.48,18.5,26.0,5.5,671,709,Agricultural,Loam,14.1,0.0,9.1,Confined,52.7,33.91
2021-12-08,Udupi,13.318354050557337,74.75595855129833,32.48,19.2,25.5,5.6,1147,529,Urban,Clay,1.1,-0.53,0.2,Confined,21.4,32.64
2025-08-16,Badami,15.920013993315951,75.68494406939408,38.26,167.0,30.1,7.7,1204,569,Agricultural,Sandy,12.2,0.0,13.0,Confined,34.5,35.65
2024-05-11,Anekal,12.69229009414409,77.70278424699708,23.86,15.4,31.0,7.7,470,427,Urban,Clay,21.4,0.0,12.6,Confined,8.3,24.02
2023-07-30,Anekal,12.70058136889842,77.69537810745582,34.41,116.7,23.4,5.7,395,512,Urban,Clay,2.3,0.0,13.9,Confined,9.7,32.46
2022-09-08,Devanahalli,13.23787968934741,77.70722243039148,39.24,238.0,24.1,5.9,572,209,Agricultural,Silty,12.9,0.0,14.4,Confined,27.5,35.05
2021-03-07,Sirsi,14.637834556262526,74.82677243897446,32.61,29.1,32.7,6.7,1486,504,Agricultural,Clay,23.5,0.0,10.2,Confined,43.0,32.79
2023-02-04,Sakleshpura,12.973195107021064,75.76928957600241,28.8,5.7,25.5,6.1,639,365,Agricultural,Clay,22.8,0.0,3.0,Confined,58.9,29.58
2022-12-05,Tumakuru,13.333017323218845,77.1122418223667,10.49,18.6,24.0,6.6,1052,294,Urban,Clay,10.2,0.0,2.2,Confined,6.6,10.51
2022-12-27,Tumakuru,13.351971442064617,77.08236148710715,6.41,11.8,27.2,6.5,1315,290,Urban,Sandy,6.9,0.0,6.9,Unconfined,7.0,6.57
2022-05-22,Doddaballapura,13.292735542685126,77.54219527847268,35.25,10.0,30.9,6.8,856,107,Agricultural,Sandy,12.0,0.0,6.5,Unconfined,38.0,35.77
2025-05-05,Chitradurga,14.220683921239932,76.39193770406997,23.43,0.1,34.1,8.3,501,221,Urban,Clay,1.8,0.0,14.0,Unconfined,8.1,23.92
2024-04-22,Sringeri,13.425930505710447,75.2312498990105,27.31,45.1,31.3,7.4,714,727,Agricultural,Silty,5.3,0.0,3.3,Confined,31.1,27.09
2024-05-26,Sirsi,14.620489213037892,74.85601896953173,28.36,46.7,30.2,7.7,689,704,Agricultural,Clay,10.7,0.0,4.1,Confined,39.6,28.21
2021-10-15,Gokak,16.16839813580666,74.83317346767846,7.42,70.7,24.5,6.0,477,612,Urban,Silty,17.9,0.0,4.4,Unconfined,6.3,6.37
2022-04-18,Bagalkote,16.18823983633284,75.6937983672756,23.45,35.5,29.7,6.4,902,207,Urban,Clay,4.7,0.0,14.4,Confined,9.9,23.16
2022-07-04,Badami,15.932465641787678,75.69365490939681,30.16,53.7,31.5,7.3,278,99,Agricultural,Loam,22.4,0.0,1.8,Unconfined,30.0,29.75
2025-02-07,Chikkamagaluru,13.321155209276988,75.78632115048208,21.8,9.8,23.3,6.2,993,167,Agricultural,Clay,7.4,0.0,14.3,Confined,41.6,22.33
2023-01-23,Shivamogga,13.932489687558421,75.56929766897186,9.04,7.2,26.6,6.9,526,594,Urban,Silty,21.2,0.0,9.7,Unconfined,0.4,9.24
2025-01-28,Hunasuru,12.315311933489467,76.25783744139787,5.8,18.2,26.7,7.8,1386,746,Agricultural,Sandy,20.9,0.0,11.2,Confined,30.0,6.13
2022-03-01,Sagara,14.159693474610103,75.00331523365598,14.59,34.1,31.4,9.1,1136,795,Agricultural,Clay,6.6,0.0,1.8,Confined,54.3,14.91
2022-03-05,Sakleshpura,12.966016334646927,75.785153136037,37.49,14.7,29.4,8.2,1355,715,Agricultural,Sandy,18.7,0.0,1.6,Confined,20.3,37.81
2025-05-09,Ballari,15.127711315801857,76.94138130154863,36.52,44.8,39.4,8.6,585,762,Urban,Loam,9.5,0.0,6.7,Unconfined,7.5,36.13
2022-10-09,Yadgir,16.769478082336697,77.12814284758838,14.56,43.5,24.4,6.2,1235,405,Agricultural,Clay,15.3,0.0,5.0,Unconfined,38.1,14.38
2021-09-27,Sringeri,13.406840513638754,75.26593017881396,31.38,159.8,25.7,5.7,842,249,Agricultural,Silty,15.8,0.0,5.4,Confined,47.3,28.94
2021-10-16,Madikeri,12.438465018954743,75.7315013181507,36.89,20.9,29.5,6.4,188,756,Agricultural,Clay,17.2,0.0,8.1,Confined,46.4,37.26
2023-09-21,Bengaluru North,13.038962278385698,77.59903823729896,35.32,199.9,23.4,5.0,860,189,Urban,Silty,16.7,0.0,5.8,Confined,7.0,31.64
2023-11-06,Kundapura,13.630015153084038,74.68008267750538,38.57,79.3,32.6,8.0,956,648,Urban,Loam,19.1,0.74,10.1,Confined,17.5,37.48
2023-02-10,Kolar,13.142635548057342,78.13934637482797,25.79,1.5,26.8,6.1,320,401,Urban,Loam,18.6,0.0,8.8,Unconfined,3.5,26.1
2022-05-08,Mysuru,12.307178686485125,76.63076364296815,19.52,31.9,28.6,7.4,1183,251,Urban,Sandy,11.4,0.0,14.5,Unconfined,0.3,19.25
2021-05-16,Chikkamagaluru,13.307347479509566,75.7812761402618,26.28,31.0,29.8,6.6,492,404,Agricultural,Clay,24.0,0.0,0.2,Unconfined,47.8,26.47
2023-02-24,Sanduru,15.113283627742502,76.55648116211557,38.55,9.3,20.2,4.2,408,751,Agricultural,Sandy,15.2,0.0,1.5,Confined,53.2,39.11
2022-06-05,Athani,16.719587498968426,75.06351382575137,32.69,240.7,22.9,4.7,1493,780,Agricultural,Clay,23.8,0.0,10.0,Unconfined,47.6,28.59
2024-03-24,Haveri,14.792696115613342,75.39984716069905,30.58,36.9,31.6,8.5,974,394,Agricultural,Silty,23.2,0.0,3.2,Unconfined,53.1,30.8
2024-07-25,Chikkamagaluru,13.314443229601721,75.78196994465299,24.92,155.9,23.7,6.1,602,109,Agricultural,Sandy,20.2,0.0,3.7,Unconfined,52.4,22.63
2024-03-24,Hassan,13.008019856434508,76.11725141897732,36.57,31.9,31.0,7.4,515,455,Urban,Sandy,22.6,0.0,8.6,Confined,7.5,36.38
2020-12-26,Davanagere,14.46978741632333,75.93640389898786,9.13,1.7,22.2,6.3,289,641,Urban,Silty,18.5,0.0,6.2,Confined,7.4,9.48
2023-06-01,Sringeri,13.433040216350438,75.25345538614118,31.36,64.8,28.5,8.5,939,631,Agricultural,Silty,8.4,0.0,0.1,Unconfined,22.0,30.71
2022-10-21,Athani,16.72443360286211,75.07179869858997,36.57,43.9,30.2,6.7,698,698,Agricultural,Sandy,2.2,0.0,14.2,Unconfined,20.9,36.24
2024-08-18,Doddaballapura,13.29996569954594,77.53566674876404,30.49,243.6,31.0,8.7,237,492,Agricultural,Loam,6.1,0.0,8.6,Confined,22.2,26.27
2022-11-25,Shivamogga,13.925942311733039,75.56154678328583,19.06,95.0,27.0,7.3,456,478,Urban,Loam,24.9,0.0,5.8,Unconfined,0.3,17.53
2023-07-17,Ballari,15.142714676090824,76.8962895402607,15.95,87.1,25.1,7.2,181,468,Urban,Silty,17.5,0.0,5.1,Unconfined,3.8,14.61
2022-02-05,Badami,15.906962234551719,75.68539750430924,38.38,14.7,20.1,4.9,1086,296,Agricultural,Sandy,9.7,0.0,3.6,Unconfined,49.5,38.83
2020-11-24,Hassan,13.010103946666288,76.10630105611406,14.01,92.3,31.0,6.3,1470,284,Urban,Silty,2.5,0.0,2.0,Confined,9.5,12.57
2021-09-26,Raichur,16.201431836248716,77.352466690536,7.95,56.8,23.6,5.7,1206,226,Urban,Silty,14.6,0.0,6.4,Unconfined,0.4,7.1
2024-01-24,Kolar,13.139747609177453,78.13351919443181,36.93,10.7,20.4,5.0,1231,284,Urban,Clay,20.0,0.0,12.3,Unconfined,9.1,37.06
2022-02-23,Sagara,14.169301207019913,75.02633255417115,16.12,2.9,27.1,7.4,1343,759,Agricultural,Clay,13.6,0.0,5.1,Confined,38.1,16.81
2025-09-03,Davanagere,14.477659878988089,75.91672670020482,9.22,106.7,30.1,6.7,307,310,Urban,Clay,3.3,0.0,8.9,Unconfined,5.5,7.48
2024-06-12,Kollegala,12.141562912419133,77.11382350354597,7.11,225.8,22.1,5.2,1178,739,Agricultural,Sandy,6.8,0.0,13.8,Confined,53.5,3.39
2022-11-28,Mysuru,12.274493856260012,76.63641732604506,30.44,92.6,30.1,7.3,392,729,Urban,Sandy,10.3,0.0,1.7,Confined,4.3,29.0
2022-10-01,Gokak,16.15261165559138,74.8173183335802,32.15,96.1,28.6,7.6,999,665,Urban,Silty,13.7,0.0,9.4,Confined,1.2,30.62
2024-09-25,Ballari,15.126991758830423,76.91329667877933,5.12,148.1,26.3,6.4,770,283,Urban,Loam,8.2,0.0,13.7,Unconfined,4.0,2.52
2024-10-19,Kolar,13.14042656569017,78.15398296167297,34.74,94.2,33.6,7.1,601,458,Urban,Clay,11.5,0.0,3.5,Confined,5.0,33.26
2024-08-18,Ballari,15.128452628575415,76.91623071675069,25.87,208.3,25.2,7.4,646,530,Urban,Sandy,13.5,0.0,11.8,Unconfined,4.2,22.12
2021-04-14,Hubballi,15.366222512718684,75.12361646550099,39.74,0.1,35.0,10.3,324,574,Urban,Loam,16.2,0.0,9.8,Unconfined,6.3,40.32
2021-12-20,Mysuru,12.28121179386987,76.64344627049987,17.31,19.0,23.7,6.9,1304,58,Urban,Silty,15.6,0.0,12.4,Unconfined,3.5,17.31
2025-04-02,Hunasuru,12.302453195877126,76.27771521964998,16.44,45.6,34.6,7.9,1277,460,Agricultural,Sandy,20.8,0.0,4.6,Unconfined,27.4,16.2
2024-03-28,Ballari,15.137766073014408,76.90857034387318,5.24,1.3,39.8,10.5,442,285,Urban,Loam,1.6,0.0,12.0,Confined,3.1,5.77
2022-02-04,Mysuru,12.302866814284988,76.64653474251739,15.41,0.5,28.0,7.0,1439,209,Urban,Sandy,21.4,0.0,4.8,Unconfined,5.6,15.81
2023-08-01,Mandya,12.515350654869026,76.88777755119337,12.84,114.4,23.7,6.9,1206,42,Agricultural,Loam,10.8,0.0,8.3,Unconfined,44.3,11.34
2024-03-22,Yadgir,16.756823674062225,77.14959600469369,32.18,32.1,29.8,6.6,1453,681,Agricultural,Loam,13.9,0.0,9.0,Confined,22.6,32.09
2021-11-17,Mangaluru,12.915314755371428,74.86955533536951,5.69,81.7,28.4,7.3,1427,612,Urban,Sandy,14.2,0.13,8.1,Confined,20.5,4.61
2023-09-15,Kollegala,12.160875312712,77.12597020651533,35.26,180.2,23.9,6.5,876,13,Agricultural,Clay,15.9,0.0,13.3,Unconfined,21.7,32.2
2023-09-02,Sanduru,15.090599068745895,76.53772531629016,26.98,60.5,27.7,7.4,1500,660,Agricultural,Sandy,10.8,0.0,6.2,Confined,40.8,26.55
2020-11-29,Haveri,14.79793927698208,75.39905849055994,20.98,63.1,24.6,5.2,307,125,Agricultural,Silty,7.8,0.0,4.3,Confined,50.6,20.48
2022-01-28,Puttur,12.753172519519683,75.20399867798423,28.15,13.2,24.6,6.2,1071,686,Urban,Loam,4.0,0.41,14.1,Confined,19.0,28.34
2023-02-17,Chitradurga,14.216088343120466,76.39830401267298,17.21,8.9,28.6,7.4,782,81,Urban,Clay,17.6,0.0,4.3,Unconfined,2.7,17.43
2023-12-16,Mysuru,12.297750342618807,76.63384894983885,29.24,3.7,23.5,5.4,1491,161,Urban,Loam,3.9,0.0,3.1,Unconfined,7.9,29.51
2021-02-02,Kolar,13.138233399974483,78.13956630950594,12.46,17.4,29.4,7.7,141,210,Urban,Sandy,10.1,0.0,10.9,Unconfined,2.3,12.52
2022-05-04,Sringeri,13.427017571167083,75.28161025783427,39.46,49.5,41.5,8.8,808,46,Agricultural,Sandy,4.7,0.0,4.1,Unconfined,40.9,39.32
2024-07-17,Shivamogga,13.926812455523176,75.57610655177824,25.82,90.3,29.6,5.9,1207,558,Urban,Loam,18.1,0.0,5.7,Unconfined,3.5,24.34
2025-05-09,Badami,15.932284688193837,75.6836402070504,8.77,49.8,33.7,6.8,438,253,Agricultural,Clay,21.0,0.0,10.9,Confined,21.1,8.32
2021-06-14,Athani,16.73243300868651,75.0718559747728,8.62,243.4,27.3,6.0,1076,102,Agricultural,Sandy,24.9,0.0,2.4,Confined,54.8,4.6
2024-10-12,Doddaballapura,13.31399783835718,77.55247398003004,16.81,95.1,29.0,7.3,422,418,Agricultural,Loam,9.1,0.0,14.6,Confined,22.9,15.5
2025-03-28,Mangaluru,12.915743289553857,74.85981545699819,5.33,27.4,31.6,7.6,191,467,Urban,Sandy,4.9,0.28,13.1,Unconfined,17.8,5.31
2025-06-18,Mandya,12.513373337850277,76.89915265742054,35.43,246.1,25.1,5.3,1383,153,Agricultural,Loam,8.8,0.0,11.8,Confined,38.8,31.16
2021-02-09,Mysuru,12.28883002531663,76.64346647576231,38.93,18.8,20.3,5.1,256,413,Urban,Silty,18.4,0.0,9.1,Unconfined,4.9,38.86
2022-01-20,Doddaballapura,13.297607607489441,77.53900434312172,12.95,5.2,20.7,5.2,884,234,Agricultural,Loam,22.1,0.0,8.0,Unconfined,55.0,13.66
2023-01-20,Kollegala,12.14850072849997,77.13016380085213,6.44,11.4,27.7,7.4,890,695,Agricultural,Clay,5.0,0.0,8.7,Confined,26.8,6.85
2022-03-27,Chikkamagaluru,13.319436412183181,75.7855419598422,7.76,10.6,30.0,8.0,438,722,Agricultural,Loam,19.5,0.0,8.9,Confined,34.6,8.29
2021-04-09,Davanagere,14.449328962348156,75.92217585344846,15.44,34.5,35.3,8.3,987,265,Urban,Loam,8.2,0.0,10.6,Confined,4.4,15.21
2025-04-14,Ballari,15.138353318406995,76.91925140258147,29.62,9.9,32.7,9.6,625,116,Urban,Clay,13.3,0.0,9.7,Unconfined,1.4,29.92
2022-08-24,Shivamogga,13.94571613562333,75.56217080450998,33.72,247.5,25.9,5.8,538,677,Urban,Silty,7.7,0.0,11.6,Unconfined,7.8,29.14
2024-02-09,Yadgir,16.771770607859803,77.15880536107672,29.06,11.5,27.1,7.5,722,306,Agricultural,Sandy,4.8,0.0,7.6,Unconfined,47.3,29.68
2025-05-16,Mangaluru,12.925968014442237,74.86636996161309,23.48,37.0,34.6,7.3,1429,500,Agricultural,Silty,3.7,-0.52,7.3,Unconfined,18.1,23.34
2022-03-25,Hubballi,15.373552242433485,75.1008498634824,28.2,11.5,39.7,11.4,614,94,Urban,Loam,18.4,0.0,1.1,Confined,9.9,28.64
2022-08-31,Chikkamagaluru,13.317295532087574,75.76254566709586,29.49,126.8,25.3,5.3,931,569,Agricultural,Clay,22.2,0.0,0.1,Confined,56.7,27.79
2025-05-20,Madikeri,12.432796084880954,75.73757735777035,16.41,43.2,32.1,7.8,1092,95,Agricultural,Clay,15.1,0.0,12.9,Confined,30.4,16.24
2021-03-13,Badami,15.928596163777378,75.68766737159712,15.88,16.8,31.1,8.9,867,536,Agricultural,Clay,7.0,0.0,2.9,Confined,46.7,16.46
2024-05-18,Mysuru,12.299160873054317,76.6394535588819,6.14,3.6,41.6,11.2,626,307,Urban,Sandy,17.5,0.0,7.3,Confined,1.9,6.65
2023-09-07,Kundapura,13.626018341837522,74.7040036867024,38.01,242.2,24.3,6.0,857,631,Urban,Clay,8.2,-0.65,5.1,Unconfined,16.1,33.69
2023-11-28,Devanahalli,13.252805326783474,77.68527326832358,10.29,33.3,30.9,6.9,246,411,Agricultural,Clay,8.1,0.0,7.1,Unconfined,43.8,10.41
2025-04-19,Devanahalli,13.240872591728097,77.69636335542877,6.87,4.8,37.0,7.7,1269,458,Agricultural,Silty,10.9,0.0,13.9,Confined,27.0,7.43
2022-10-16,Athani,16.715638507209714,75.06983753699409,22.59,52.6,25.1,5.8,1320,102,Agricultural,Sandy,16.8,0.0,4.8,Unconfined,31.2,22.14
2023-10-01,Bengaluru North,13.047125252233913,77.5996256380475,10.87,49.6,24.4,5.8,1475,164,Urban,Loam,24.3,0.0,13.5,Unconfined,4.8,10.22
2025-02-13,Kolar,13.141164228871675,78.12649870965923,29.47,11.4,28.3,7.7,862,758,Urban,Clay,2.4,0.0,2.2,Unconfined,10.0,29.73
2023-04-18,Kolar,13.12770878095832,78.13001167702716,7.82,46.4,34.2,9.2,1284,375,Urban,Loam,21.9,0.0,14.1,Unconfined,0.3,7.36
2022-08-30,Davanagere,14.487506936801104,75.9182195846379,35.68,208.4,28.4,7.7,207,577,Urban,Loam,17.9,0.0,2.1,Unconfined,9.9,32.0
2024-07-30,Sringeri,13.406693034446265,75.243537951153,19.55,92.1,28.7,8.3,175,276,Agricultural,Clay,3.3,0.0,10.3,Confined,32.8,18.45
2022-02-01,Puttur,12.748227815865892,75.20369664127513,27.12,13.2,28.8,7.4,1140,28,Agricultural,Loam,20.2,0.57,11.7,Unconfined,31.4,27.48
2022-05-30,Sirsi,14.645160289720325,74.82998960462598,12.32,7.6,35.7,7.7,388,706,Agricultural,Clay,1.6,0.0,13.5,Confined,48.6,13.04
2022-05-10,Kolar,13.146061113528358,78.14123421251782,38.9,8.6,39.3,11.8,348,218,Urban,Sandy,14.5,0.0,4.5,Unconfined,0.1,39.32
2022-08-18,Athani,16.707115316988506,75.06780432594434,36.29,219.7,24.7,6.5,981,517,Agricultural,Silty,20.3,0.0,13.0,Confined,29.4,32.52
2025-02-04,Hassan,13.023337285379322,76.0975444464977,32.11,14.2,21.9,6.5,494,45,Urban,Clay,4.2,0.0,4.3,Confined,2.9,32.18
2021-01-11,Badami,15.896826881157818,75.66402307120082,13.49,12.6,26.7,5.4,1347,552,Agricultural,Clay,10.5,0.0,9.0,Unconfined,51.1,14.02
2021-01-25,Sagara,14.152394604032368,75.03246853272236,19.72,15.6,22.0,6.4,134,460,Agricultural,Sandy,24.8,0.0,3.0,Confined,24.5,19.97
2023-11-24,Sringeri,13.40977471158281,75.24670970509574,32.7,39.4,25.6,5.1,246,31,Agricultural,Loam,6.5,0.0,1.8,Confined,52.6,32.69
2023-01-25,Hunasuru,12.313641914551205,76.30076892721668,10.94,18.7,28.9,6.5,1403,557,Agricultural,Sandy,1.0,0.0,0.5,Unconfined,35.9,11.25
2024-10-28,Raichur,16.20778997029541,77.34848742470722,35.39,22.4,30.9,9.2,838,541,Urban,Sandy,11.8,0.0,6.6,Confined,0.6,35.41
2023-09-17,Shivamogga,13.916205133857224,75.57502117208907,17.67,177.5,22.3,5.7,407,614,Urban,Silty,17.8,0.0,14.7,Unconfined,2.2,14.43
2023-11-27,Athani,16.7322840103204,75.07507991502449,37.18,25.9,33.0,8.3,774,174,Agricultural,Silty,22.4,0.0,6.1,Confined,28.0,37.36
2020-11-23,Mysuru,12.294748397208686,76.64360272252466,30.06,24.7,27.6,6.1,1211,538,Urban,Sandy,11.3,0.0,3.0,Unconfined,5.1,29.92
2025-03-13,Doddaballapura,13.269367489687971,77.54144837143733,33.55,33.8,41.0,10.8,936,49,Agricultural,Sandy,7.6,0.0,13.0,Confined,42.5,33.84
2023-02-11,Gokak,16.166136624406167,74.84345498740976,36.37,12.4,28.4,6.2,1112,688,Urban,Silty,17.0,0.0,13.5,Confined,0.9,36.44
2022-03-22,Ballari,15.135791052734943,76.92468264630048,16.67,2.2,35.9,10.3,223,355,Urban,Sandy,9.8,0.0,7.9,Confined,7.7,17.22
2023-10-07,Doddaballapura,13.309856342676756,77.53986202705231,33.3,91.9,30.0,8.7,1176,225,Agricultural,Clay,2.9,0.0,10.4,Unconfined,30.3,32.2
2022-08-27,Chitradurga,14.225663226289926,76.39187742558217,24.31,167.8,27.3,6.8,1428,524,Urban,Clay,3.4,0.0,2.1,Confined,1.4,21.31
2021-04-25,Davanagere,14.492510824176033,75.93002897882117,13.29,11.6,41.6,11.5,630,675,Urban,Sandy,23.8,0.0,2.1,Confined,5.2,13.68
2022-11-24,Ballari,15.150318575387649,76.92053316841483,8.97,80.3,29.6,7.9,1321,230,Urban,Silty,7.2,0.0,14.3,Unconfined,9.0,7.85
2024-08-29,Chitradurga,14.224842499763389,76.41922607677078,19.8,57.4,27.2,6.0,308,98,Urban,Sandy,17.4,0.0,13.8,Unconfined,1.2,18.96
2022-02-05,Mangaluru,12.913702444724638,74.85740296957226,15.73,2.9,28.2,7.3,211,618,Agricultural,Clay,2.9,-0.54,1.4,Confined,9.9,16.19
2024-04-15,Hunasuru,12.313691529774983,76.27981741983322,12.38,36.0,38.1,9.2,549,264,Agricultural,Sandy,3.2,0.0,6.3,Unconfined,53.5,12.66
2021-08-22,Sringeri,13.414223174815236,75.24466336105783,32.53,188.0,29.0,8.3,346,354,Agricultural,Clay,13.2,0.0,0.4,Unconfined,44.3,29.63
2021-04-23,Mandya,12.511199582280724,76.88124587278078,19.66,20.5,40.8,10.3,668,229,Agricultural,Silty,9.3,0.0,6.4,Confined,33.0,20.09
2021-06-19,Sirsi,14.627585041718735,74.84322144759244,38.75,125.2,22.4,5.7,375,138,Agricultural,Sandy,13.6,0.0,12.7,Unconfined,54.7,37.08
2024-07-03,Kolar,13.134441224070835,78.12587069214791,20.4,114.2,26.7,6.0,1074,741,Urban,Silty,8.9,0.0,4.4,Confined,0.3,18.42
2021-06-04,Sanduru,15.090377638427869,76.5425375703692,14.47,145.8,23.2,6.6,724,149,Agricultural,Loam,1.6,0.0,5.7,Confined,37.8,12.26
2022-10-15,Badami,15.914236854686608,75.67393482496192,21.08,95.2,27.3,6.5,1390,369,Agricultural,Clay,14.5,0.0,5.3,Unconfined,49.6,20.0
2021-05-15,Sagara,14.173051604650674,75.0186864779435,14.33,49.7,29.2,8.0,677,668,Agricultural,Clay,1.7,0.0,5.0,Unconfined,53.1,14.27
2025-07-19,Devanahalli,13.256617709431103,77.71489929269768,32.11,147.7,28.7,7.0,1446,762,Agricultural,Sandy,14.2,0.0,11.2,Unconfined,56.7,30.07
2020-12-10,Tumakuru,13.334242292587094,77.09702854530559,8.74,3.0,22.1,4.9,1295,225,Urban,Clay,11.6,0.0,4.2,Unconfined,4.1,8.97
2025-01-26,Yadgir,16.75518296599706,77.15456517677315,13.07,4.2,25.4,6.5,1410,73,Agricultural,Silty,2.1,0.0,3.3,Unconfined,47.0,13.78
2022-05-28,Gokak,16.18482454952292,74.81294628178333,37.1,6.4,37.0,8.6,167,779,Urban,Loam,2.2,0.0,4.9,Confined,1.9,37.42
2022-08-28,Hubballi,15.386915169501535,75.12169768472761,10.73,117.0,23.2,5.9,379,603,Urban,Sandy,16.4,0.0,10.6,Unconfined,9.6,8.78
2022-07-23,Tumakuru,13.342071285007437,77.09541491587274,37.83,175.2,23.9,6.6,1233,675,Urban,Sandy,13.8,0.0,4.0,Unconfined,2.5,34.68
2021-07-19,Haveri,14.804805559048141,75.42315093083714,10.07,102.8,22.6,6.3,495,648,Agricultural,Loam,17.5,0.0,0.3,Confined,56.5,8.89
2021-09-02,Ballari,15.13637759662798,76.91562010674954,30.69,89.9,29.7,8.0,1225,738,Urban,Silty,19.3,0.0,13.4,Confined,0.8,29.3
2022-02-15,Hunasuru,12.289224125157373,76.29031556615037,14.31,8.4,24.3,5.2,1499,109,Agricultural,Sandy,22.0,0.0,5.3,Unconfined,33.0,14.73
2025-07-10,Chitradurga,14.222144353252434,76.40262862315367,9.95,192.8,30.3,7.8,1260,285,Urban,Sandy,22.5,0.0,14.6,Confined,5.0,6.53
2021-02-24,Sirsi,14.610193065629375,74.82958693019613,25.54,5.1,28.1,6.5,817,555,Agricultural,Silty,6.7,0.0,0.6,Confined,32.8,26.09
2024-06-25,Hubballi,15.362709226563615,75.11327765417735,14.1,127.4,31.9,7.9,388,540,Urban,Loam,23.3,0.0,4.9,Confined,3.6,11.98
2022-12-10,Doddaballapura,13.291023971390127,77.55430691326261,31.32,7.9,25.8,6.3,116,776,Agricultural,Loam,14.4,0.0,4.0,Unconfined,47.4,31.95
2021-03-12,Kollegala,12.1555206121538,77.12500635518133,11.97,32.8,31.6,9.2,979,743,Agricultural,Sandy,5.3,0.0,11.5,Confined,48.6,12.26
2022-02-12,Udupi,13.334837504920117,74.7585086036188,9.46,19.1,26.3,6.6,286,103,Urban,Silty,19.4,-0.41,13.9,Unconfined,35.7,9.81
2025-05-29,Sringeri,13.410247340350697,75.24656973613641,12.41,30.3,34.8,7.7,1203,648,Agricultural,Sandy,6.6,0.0,8.6,Confined,25.0,12.44
2021-10-27,Chitradurga,14.222497000354494,76.40059068886552,17.5,45.5,30.7,6.3,1117,194,Urban,Sandy,24.1,0.0,8.9,Unconfined,7.0,16.98
2022-12-05,Chitradurga,14.229920230383998,76.39398653888823,27.53,7.3,23.0,4.9,596,505,Urban,Clay,16.5,0.0,3.8,Confined,2.9,27.66
2021-02-05,Chitradurga,14.224553040431344,76.39640292462965,37.03,10.3,22.7,6.6,563,408,Urban,Silty,20.9,0.0,8.3,Confined,5.5,37.21
2021-06-03,Puttur,12.757497029144087,75.20621511857041,26.16,213.9,30.9,6.2,440,640,Forest,Sandy,7.1,0.0,5.9,Confined,21.9,22.41
2022-09-16,Mandya,12.522999712833283,76.91392267653534,23.65,205.9,26.6,5.7,372,552,Agricultural,Silty,20.1,0.0,0.6,Confined,55.0,20.37
2023-05-12,Hunasuru,12.309813411992625,76.28337303484881,20.55,46.8,29.6,8.2,978,521,Agricultural,Loam,14.6,0.0,1.3,Confined,43.0,20.45
2025-09-05,Kolar,13.141142016104183,78.13617279249867,27.95,218.0,27.7,7.1,432,34,Urban,Loam,21.8,0.0,0.6,Confined,1.6,23.96
2022-04-10,Badami,15.921824817243508,75.67709643971614,29.26,46.8,38.4,11.1,436,526,Agricultural,Loam,21.7,0.0,3.9,Confined,25.3,29.13
2021-11-18,Athani,16.72801546017681,75.05737477147026,39.44,44.5,26.4,7.6,1067,197,Agricultural,Silty,10.5,0.0,4.6,Confined,43.1,39.36
2023-09-28,Sanduru,15.070826979969063,76.5494135549476,24.33,97.1,30.0,6.9,411,16,Agricultural,Silty,9.8,0.0,9.9,Confined,41.4,23.15
2024-07-22,Tumakuru,13.350419256464818,77.11363367006547,5.27,125.0,25.0,5.3,1495,542,Urban,Loam,5.4,0.0,6.9,Confined,4.2,3.08
2025-02-14,Karwar,14.825009512035631,74.13830786032476,11.46,15.3,22.1,5.6,442,653,Agricultural,Clay,6.0,-0.7,8.5,Unconfined,31.7,11.82
2023-08-05,Sringeri,13.41617056620029,75.2450075629062,14.45,71.8,25.4,5.7,369,650,Agricultural,Clay,13.1,0.0,12.0,Confined,48.8,13.79
2025-02-24,Doddaballapura,13.283958888389403,77.54052696916638,17.85,4.4,23.2,4.9,154,709,Agricultural,Clay,12.8,0.0,7.1,Unconfined,45.6,18.46
2025-06-28,Mysuru,12.302103248136213,76.62579017441217,17.3,111.8,31.0,7.6,1409,182,Urban,Loam,19.5,0.0,0.9,Unconfined,6.9,15.51
2024-05-05,Gokak,16.178708497100892,74.84758446782726,37.28,11.6,40.4,11.9,851,742,Urban,Loam,16.9,0.0,7.4,Confined,4.8,37.69
2024-12-26,Badami,15.923384550603746,75.67492739263038,13.29,1.9,25.6,5.3,594,377,Agricultural,Silty,16.8,0.0,13.3,Unconfined,27.0,13.79
2022-06-25,Sanduru,15.097613505788868,76.54386765461851,12.44,74.6,30.9,8.1,1072,124,Agricultural,Silty,7.6,0.0,13.7,Unconfined,40.1,11.75
2022-10-07,Sakleshpura,12.988269401076675,75.78985751445131,30.75,27.9,30.8,6.3,710,640,Agricultural,Loam,21.4,0.0,5.5,Unconfined,39.3,30.9
2025-07-18,Sirsi,14.620562343047842,74.8467390565453,37.77,191.1,22.0,6.3,667,790,Agricultural,Loam,21.6,0.0,9.2,Confined,46.2,34.73
2021-01-03,Doddaballapura,13.299852265273596,77.55807459129039,35.43,1.8,23.9,5.2,1288,175,Agricultural,Silty,23.2,0.0,14.0,Confined,28.6,35.94
2024-04-02,Badami,15.901730141749631,75.6733998325049,10.17,4.9,40.3,11.0,309,249,Agricultural,Loam,19.4,0.0,0.4,Confined,56.0,11.18
2020-11-26,Tumakuru,13.359081291369742,77.09538523134843,14.99,94.5,26.3,7.7,709,204,Urban,Sandy,11.5,0.0,5.3,Unconfined,1.2,13.5
2022-08-02,Haveri,14.773043429123886,75.38831158214154,17.09,224.3,28.2,6.8,1131,459,Agricultural,Clay,12.4,0.0,11.9,Unconfined,35.7,13.3
2021-03-05,Kundapura,13.620748344729433,74.69297580241947,35.82,49.7,38.1,8.1,1253,327,Agricultural,Clay,19.2,0.82,3.2,Confined,28.6,35.44
2020-11-28,Sirsi,14.606707002176972,74.83508731734989,34.09,85.1,30.0,6.4,1423,386,Agricultural,Loam,24.7,0.0,13.9,Confined,42.1,33.13
2021-01-10,Hassan,13.013808369599413,76.10372945697206,22.58,17.5,23.9,6.8,731,461,Urban,Silty,8.2,0.0,7.8,Confined,10.0,22.67
2025-08-08,Hunasuru,12.306504048084546,76.27074714094793,30.82,52.0,23.5,5.7,571,146,Agricultural,Silty,13.5,0.0,9.9,Unconfined,59.7,30.66
2022-10-22,Puttur,12.74324428815137,75.22301143957142,11.84,58.3,25.8,6.7,306,257,Agricultural,Sandy,20.5,-0.33,0.6,Unconfined,19.1,11.23
2021-10-15,Doddaballapura,13.30026451824715,77.54004935774411,16.74,92.7,30.8,7.7,1445,492,Agricultural,Silty,1.7,0.0,3.7,Unconfined,59.8,15.87
2020-10-09,Doddaballapura,13.291924203739399,77.5388687250799,39.65,36.6,28.9,6.4,1038,436,Agricultural,Clay,14.2,0.0,6.6,Confined,53.0,39.77
2021-04-17,Mangaluru,12.914479962770903,74.85271115733724,18.0,14.2,39.9,11.8,1497,630,Forest,Loam,19.0,-0.35,10.6,Confined,39.2,18.73
2021-10-05,Udupi,13.324685572145825,74.7488296953852,37.52,49.8,25.8,7.6,1264,654,Agricultural,Silty,16.7,0.84,9.1,Confined,7.0,36.89
2024-01-19,Sirsi,14.623210925421953,74.80858943420205,32.26,6.2,26.0,5.5,433,28,Agricultural,Sandy,4.6,0.0,2.6,Unconfined,58.0,32.99
2022-04-25,Bagalkote,16.198099311073957,75.6965967681864,16.72,47.9,39.3,9.3,503,486,Urban,Sandy,22.4,0.0,3.0,Confined,7.7,16.3
2023-03-02,Hubballi,15.343412044824992,75.13424371430325,24.8,1.7,36.8,10.6,1298,615,Urban,Sandy,14.3,0.0,6.2,Confined,8.2,25.38
2022-03-22,Chikkamagaluru,13.331647941621835,75.77824138241361,5.19,3.7,35.0,10.4,589,55,Agricultural,Silty,11.6,0.0,12.3,Confined,33.4,5.97
2023-05-14,Sringeri,13.406071626401923,75.25198374054142,15.21,35.9,29.2,6.9,699,412,Agricultural,Loam,21.6,0.0,8.7,Confined,28.4,15.12
2022-08-19,Chikkamagaluru,13.326007460842991,75.79198737125257,39.8,161.6,29.6,7.9,1105,334,Agricultural,Clay,7.0,0.0,5.0,Confined,38.8,37.35
2022-12-14,Hubballi,15.351127162350469,75.12234485418915,36.78,9.9,23.4,7.0,226,656,Urban,Silty,16.5,0.0,5.9,Confined,3.1,36.96
2024-11-09,Shivamogga,13.931831318742411,75.58357731370305,20.06,84.8,25.1,5.7,558,550,Urban,Loam,20.5,0.0,9.4,Confined,3.9,18.69
2025-03-27,Davanagere,14.462820231592113,75.91915915796054,12.91,43.1,39.1,9.0,778,125,Urban,Loam,24.1,0.0,9.8,Unconfined,2.0,12.52
2021-08-21,Gokak,16.167299837717003,74.83401988908251,25.08,77.1,27.6,5.6,903,526,Urban,Silty,19.5,0.0,5.4,Unconfined,9.8,23.92
2025-01-18,Athani,16.733636976779607,75.07622217413765,12.49,5.7,25.5,5.8,570,622,Agricultural,Loam,23.2,0.0,9.7,Unconfined,49.6,13.16
2025-07-04,Kollegala,12.140664175710937,77.12950489161892,12.07,135.8,27.8,6.3,157,376,Agricultural,Clay,10.2,0.0,2.5,Confined,41.3,10.08
2021-08-14,Puttur,12.760301414358562,75.19019783507059,39.25,248.9,30.2,7.7,806,303,Agricultural,Loam,13.5,0.97,0.8,Unconfined,8.7,34.65
2025-07-20,Gokak,16.16701329109743,74.81942937710038,9.36,210.6,25.0,7.3,1253,201,Urban,Silty,10.9,0.0,1.1,Confined,7.6,5.59
2021-01-01,Devanahalli,13.232959642713126,77.70819338488468,18.22,2.6,29.1,8.6,484,109,Agricultural,Clay,12.1,0.0,9.7,Confined,31.1,18.91
2021-10-08,Haveri,14.781002677714735,75.40262190987796,16.43,97.1,31.0,9.1,1261,580,Agricultural,Loam,15.7,0.0,9.7,Confined,41.4,15.36
2021-09-05,Chitradurga,14.21239475389935,76.40138238331039,27.24,174.7,29.2,6.0,229,400,Urban,Silty,20.5,0.0,14.5,Unconfined,2.7,24.07
2023-04-12,Haveri,14.7943346116036,75.40721992846534,11.73,8.0,40.1,9.3,1422,357,Agricultural,Clay,14.7,0.0,1.6,Confined,26.5,12.3
2024-12-05,Sirsi,14.617354309537307,74.82133664698925,26.76,18.3,27.4,6.6,927,767,Agricultural,Silty,15.4,0.0,10.4,Unconfined,48.7,27.21
2023-07-10,Athani,16.72134554259837,75.05604578109612,28.83,246.5,25.7,7.2,913,215,Agricultural,Loam,7.3,0.0,4.1,Unconfined,31.4,24.57
2025-05-27,Sakleshpura,12.960594160789347,75.78553311605107,20.4,29.5,38.5,11.0,135,421,Agricultural,Sandy,9.2,0.0,11.8,Confined,33.9,20.7
2023-01-27,Ballari,15.141939363001633,76.91439572901554,17.06,16.1,29.5,8.6,1472,220,Urban,Sandy,24.0,0.0,11.0,Confined,5.4,17.22
2025-09-18,Doddaballapura,13.30895629253533,77.54489502590867,20.74,141.4,27.0,6.3,1178,200,Agricultural,Sandy,13.7,0.0,2.2,Unconfined,30.6,18.53
2022-04-19,Sirsi,14.623415325002918,74.83433533674341,31.86,12.4,41.9,11.3,958,109,Agricultural,Silty,6.5,0.0,3.2,Confined,57.7,32.75
2025-05-26,Badami,15.936162088326181,75.684733377425,30.1,11.9,32.8,9.3,809,102,Agricultural,Loam,24.7,0.0,5.2,Unconfined,47.3,30.8
2023-07-27,Anekal,12.701533050236502,77.69100846539177,23.93,96.1,23.9,6.8,600,151,Urban,Sandy,23.0,0.0,3.4,Confined,9.8,22.45
2025-01-09,Anekal,12.722782113316061,77.69994169735804,27.33,19.6,21.3,5.2,1111,480,Urban,Clay,22.3,0.0,7.0,Confined,7.4,27.27
2025-04-08,Devanahalli,13.240489210256714,77.69780376984319,36.56,11.5,30.4,7.7,759,775,Agricultural,Silty,12.8,0.0,14.0,Unconfined,39.3,37.11
2022-03-20,Raichur,16.195687138147026,77.34824410398254,38.64,37.7,30.1,7.1,454,471,Urban,Loam,7.7,0.0,13.0,Unconfined,6.1,38.3
2021-04-01,Mandya,12.527846301113792,76.90995309208816,32.87,34.3,35.9,9.7,1387,478,Agricultural,Silty,20.9,0.0,2.4,Confined,21.8,32.89
2022-07-13,Puttur,12.748628382100694,75.2202911794017,15.19,101.3,28.7,8.5,1292,620,Forest,Loam,22.8,0.35,2.2,Unconfined,23.3,13.79
2022-04-10,Devanahalli,13.246209860224814,77.69632711127709,28.88,3.3,41.3,10.8,1473,40,Agricultural,Clay,2.8,0.0,0.2,Unconfined,58.2,29.94
2024-07-31,Karwar,14.798332244924017,74.12129483025852,6.4,65.1,29.9,7.0,273,716,Forest,Loam,14.6,-0.08,3.3,Confined,11.5,5.57
2021-11-26,Kollegala,12.152056854381549,77.12295957771886,21.67,76.7,30.4,6.1,1061,692,Agricultural,Clay,16.3,0.0,4.3,Confined,37.4,20.82
2024-02-29,Anekal,12.7196078013642,77.69723121788235,24.21,4.1,21.4,6.4,1234,318,Urban,Sandy,7.4,0.0,5.6,Unconfined,8.1,24.53
2025-05-13,Madikeri,12.431084870371672,75.7394528825634,39.12,0.7,41.8,11.6,698,495,Agricultural,Loam,22.1,0.0,3.9,Unconfined,52.9,40.21
2025-02-03,Sringeri,13.441199502159973,75.25364977128908,29.47,15.1,29.5,6.8,369,798,Agricultural,Silty,21.9,0.0,13.7,Unconfined,57.0,30.08
2024-03-06,Karwar,14.813558750042153,74.12486087439672,11.01,41.9,30.2,6.7,511,295,Agricultural,Sandy,12.0,-0.73,12.4,Confined,34.7,10.93
2021-06-14,Devanahalli,13.234470709579075,77.7123255868553,18.47,203.5,25.4,6.2,1271,687,Agricultural,Clay,12.6,0.0,11.1,Confined,38.0,15.09
2021-08-04,Karwar,14.80019112232605,74.11321566083046,21.9,66.3,24.7,7.2,1219,352,Forest,Loam,22.8,0.57,6.4,Unconfined,5.1,20.93
2022-02-02,Bengaluru North,13.030937249743888,77.59864742454586,7.07,0.4,25.3,5.4,1017,654,Urban,Loam,6.2,0.0,5.0,Confined,8.0,7.41
2024-10-13,Badami,15.914962155192622,75.67295306697112,27.02,64.1,30.8,8.4,1049,581,Agricultural,Silty,24.0,0.0,11.2,Confined,44.8,26.61
2025-09-07,Sanduru,15.092620308271645,76.53772207812227,35.99,127.2,25.5,6.6,1135,681,Agricultural,Loam,17.8,0.0,5.8,Confined,58.4,34.36
2022-03-27,Chitradurga,14.22437650613914,76.39158654897673,12.11,32.9,40.3,10.8,1140,727,Urban,Silty,15.0,0.0,9.7,Unconfined,8.9,12.08
2025-05-23,Sanduru,15.107074568453571,76.54250835617368,38.13,1.6,28.0,7.3,553,514,Agricultural,Silty,1.9,0.0,14.2,Confined,58.4,39.05
2021-10-31,Sanduru,15.101173499380268,76.53923212855393,21.68,82.1,26.8,6.1,687,735,Agricultural,Clay,21.8,0.0,14.6,Unconfined,42.5,20.77
2022-08-10,Sirsi,14.611142627371185,74.84078439865041,17.28,137.8,24.1,6.1,413,21,Agricultural,Sandy,21.3,0.0,11.2,Unconfined,36.3,15.19
2025-04-03,Athani,16.719962088720365,75.07306381991421,28.01,26.4,36.3,9.0,987,72,Agricultural,Silty,23.9,0.0,7.0,Unconfined,20.4,28.14
2021-02-04,Mangaluru,12.911839769490607,74.8359922231091,18.23,10.1,29.7,7.6,444,220,Urban,Silty,12.5,-0.86,1.2,Unconfined,9.1,18.58
2020-10-14,Devanahalli,13.246296525766489,77.70152015317969,29.97,28.0,33.1,9.8,448,647,Agricultural,Clay,21.7,0.0,7.0,Unconfined,22.0,30.12
2025-09-08,Bengaluru North,13.04402678660775,77.58225373611174,19.83,86.4,23.4,5.0,991,640,Urban,Clay,23.6,0.0,12.2,Unconfined,4.4,18.4
2023-03-28,Udupi,13.326223391453906,74.75790620499296,13.79,28.0,30.6,8.8,201,490,Urban,Clay,11.9,0.6,6.6,Confined,10.6,13.72
2025-01-22,Bagalkote,16.191764646276344,75.67754413784233,21.88,10.6,25.4,5.5,270,75,Urban,Sandy,18.6,0.0,4.9,Confined,7.5,22.02
2024-01-16,Mysuru,12.31141145785489,76.64075049273089,37.87,15.7,28.8,7.6,1404,750,Urban,Silty,12.2,0.0,3.9,Confined,5.8,37.99
2021-08-06,Madikeri,12.421696912315449,75.74838134153785,13.53,60.8,25.5,5.3,846,176,Agricultural,Loam,6.3,0.0,14.8,Unconfined,40.0,12.98
2020-09-29,Sanduru,15.083241509204928,76.55730462962818,10.96,79.5,22.9,4.7,1221,346,Agricultural,Clay,11.3,0.0,12.6,Unconfined,37.3,9.98
2024-02-05,Udupi,13.332913183473448,74.75688274671836,21.33,3.0,27.4,7.0,1211,259,Agricultural,Clay,5.5,0.34,6.9,Unconfined,13.7,21.72
2024-08-27,Anekal,12.709725081754438,77.69461253432316,25.64,64.4,24.2,5.3,613,54,Urban,Clay,6.9,0.0,12.4,Confined,2.0,24.64
2024-07-24,Doddaballapura,13.291883349205923,77.54031447877243,8.02,165.8,22.5,5.2,1043,769,Agricultural,Silty,17.3,0.0,5.3,Confined,35.8,5.32
2023-10-26,Mandya,12.541137076873861,76.88591259425358,20.71,94.3,28.0,8.1,702,778,Agricultural,Silty,17.2,0.0,2.3,Confined,39.2,19.62
2024-04-10,Doddaballapura,13.296090557751299,77.55258295126525,31.88,4.6,38.1,10.2,614,33,Agricultural,Sandy,19.7,0.0,4.2,Unconfined,52.3,32.82
2025-02-07,Udupi,13.335721917868847,74.74663166544798,23.81,9.0,29.2,7.4,138,744,Agricultural,Sandy,23.3,0.11,0.2,Unconfined,14.0,24.13
2022-07-16,Mangaluru,12.913227317030293,74.85598587238316,8.44,220.6,30.5,8.3,384,64,Forest,Silty,1.2,0.51,10.2,Unconfined,22.7,4.62
2021-06-30,Karwar,14.802352984958727,74.13244402666496,30.67,71.8,25.4,6.0,451,571,Forest,Silty,18.6,-0.57,1.7,Confined,33.8,29.93
2021-10-21,Bengaluru North,13.043738355678766,77.60061888938587,13.71,69.0,30.4,9.0,1491,567,Urban,Clay,1.2,0.0,1.1,Unconfined,0.1,12.78
2024-04-29,Kollegala,12.15800160084051,77.12802212198491,27.66,20.6,32.6,9.3,106,416,Agricultural,Loam,11.6,0.0,9.0,Confined,43.6,28.15
2024-05-07,Kolar,13.127042628259023,78.12089746219748,35.75,9.8,30.8,7.9,1096,314,Urban,Loam,4.2,0.0,0.4,Confined,4.3,35.99
2023-04-16,Bagalkote,16.177725373462103,75.70529532333427,5.67,36.1,33.3,7.9,1479,347,Urban,Clay,12.4,0.0,6.3,Confined,7.8,5.42
2025-03-04,Anekal,12.704135368515166,77.71386153066622,18.88,44.0,36.0,8.5,698,189,Urban,Loam,3.6,0.0,2.0,Confined,3.0,18.46
2022-07-22,Chikkamagaluru,13.309018607463123,75.77933753858359,26.15,123.1,22.1,5.9,1191,569,Agricultural,Loam,9.8,0.0,3.9,Confined,22.8,24.21
2021-12-29,Sakleshpura,12.97017531572501,75.78186035847207,33.79,18.0,23.6,5.7,916,334,Agricultural,Sandy,3.1,0.0,13.7,Unconfined,57.8,34.29
2022-09-02,Anekal,12.710839666796343,77.69421384264078,20.29,177.5,30.4,8.0,527,53,Urban,Sandy,11.8,0.0,1.4,Unconfined,6.5,17.2
2025-02-03,Gokak,16.169439717355562,74.83459058124512,38.82,18.1,27.7,6.7,1302,118,Urban,Silty,18.1,0.0,7.9,Unconfined,0.9,38.8
2023-03-31,Hubballi,15.376820088846124,75.10925839248952,36.33,38.5,33.3,7.6,834,485,Urban,Sandy,25.0,0.0,11.8,Confined,5.1,35.99
2021-04-16,Hassan,13.000784240502236,76.09862572937877,35.1,15.5,37.6,8.0,316,782,Urban,Silty,15.2,0.0,3.3,Unconfined,9.0,35.28
2024-08-22,Anekal,12.69552037794664,77.67292263778903,14.38,53.3,31.2,6.9,488,553,Urban,Loam,6.7,0.0,7.2,Confined,0.8,13.67
2025-03-12,Anekal,12.718454839835402,77.7191739036939,17.63,17.5,38.9,9.9,1037,368,Urban,Silty,21.9,0.0,9.5,Unconfined,4.4,17.82
2025-01-04,Sakleshpura,12.968653013958983,75.78862095484573,32.89,5.9,21.8,5.9,603,241,Agricultural,Silty,2.2,0.0,4.9,Unconfined,59.6,33.66
2024-09-08,Davanagere,14.478523076813437,75.90574668260425,38.91,173.0,22.6,4.9,1266,50,Urban,Loam,9.4,0.0,7.5,Unconfined,2.4,35.72
2021-09-15,Raichur,16.194338630496365,77.35661495828425,32.8,142.2,31.0,8.8,770,330,Urban,Sandy,6.0,0.0,5.3,Unconfined,8.6,30.48
2025-05-01,Sringeri,13.432539716669632,75.23653495684583,25.1,32.6,28.8,6.8,517,675,Agricultural,Sandy,5.6,0.0,0.9,Confined,58.7,25.38
2025-06-27,Badami,15.916786547726101,75.68179571212012,34.64,69.8,26.2,5.3,613,171,Agricultural,Silty,22.7,0.0,10.1,Unconfined,55.2,34.06
2024-06-20,Doddaballapura,13.295679881522013,77.5424209139198,31.21,71.9,30.2,6.1,378,798,Agricultural,Silty,14.4,0.0,10.1,Confined,37.1,30.45
2021-12-05,Haveri,14.800845411732396,75.40592995208209,17.36,6.9,26.6,6.4,209,317,Agricultural,Sandy,17.4,0.0,3.4,Confined,46.1,18.0
2024-04-23,Shivamogga,13.92948250205368,75.5615253013951,38.73,33.1,40.6,10.1,338,55,Urban,Sandy,5.3,0.0,4.3,Confined,5.1,38.62
2021-03-09,Athani,16.742284426237195,75.0748253159339,28.92,24.0,30.1,8.3,1446,92,Agricultural,Sandy,21.7,0.0,14.2,Unconfined,22.1,29.08
2024-11-23,Gokak,16.186724519405235,74.83289790407655,23.3,69.3,33.2,9.6,1117,661,Urban,Silty,23.9,0.0,14.0,Confined,8.9,22.48
2025-04-03,Chikkamagaluru,13.32622512568543,75.77805958648034,22.25,25.4,40.9,11.9,948,272,Agricultural,Loam,17.5,0.0,14.7,Confined,24.7,22.58
2024-02-27,Raichur,16.213483710932614,77.36551611394576,11.33,18.2,20.7,4.5,794,443,Urban,Loam,16.0,0.0,14.5,Confined,1.8,11.21
2024-05-12,Mandya,12.521468898004827,76.90036844901876,35.3,44.3,40.8,12.0,1313,712,Agricultural,Loam,11.4,0.0,0.4,Confined,40.8,35.42
2023-09-20,Bengaluru North,13.020526427481881,77.59370990406497,29.22,84.5,23.9,6.4,428,312,Urban,Loam,22.8,0.0,6.6,Unconfined,0.4,27.85
2022-05-18,Hubballi,15.363595645154225,75.13637425066442,19.32,8.6,37.2,10.8,613,326,Urban,Clay,22.9,0.0,4.4,Confined,8.9,19.78
2025-03-18,Shivamogga,13.929920652405196,75.554383949648,22.32,39.2,29.2,7.7,1147,495,Urban,Clay,6.2,0.0,13.0,Unconfined,3.9,21.96
2021-11-04,Raichur,16.238519333604877,77.37158485523966,26.82,98.0,28.6,8.5,580,263,Urban,Sandy,20.0,0.0,14.9,Confined,3.8,25.32
2024-10-28,Bengaluru North,13.021861273141017,77.58495454699663,22.62,55.4,28.5,5.7,1204,691,Urban,Silty,5.3,0.0,13.0,Unconfined,6.8,21.87
2023-02-11,Yadgir,16.770551944241628,77.14144281835787,31.59,11.6,26.7,7.5,107,347,Agricultural,Sandy,7.3,0.0,10.4,Unconfined,29.6,32.03
2025-01-05,Hunasuru,12.30785684837476,76.30508835582565,11.93,10.1,20.9,6.2,1104,278,Agricultural,Sandy,2.3,0.0,2.4,Confined,26.8,12.31
2024-01-21,Sirsi,14.623466209789017,74.82707544245211,28.18,12.5,24.1,5.8,196,496,Agricultural,Clay,7.6,0.0,13.0,Confined,40.0,28.62
2022-04-04,Udupi,13.341642878988278,74.72560857637866,20.04,42.1,31.9,9.3,793,796,Urban,Clay,5.3,0.02,7.0,Unconfined,5.1,19.71
2024-08-17,Badami,15.919081038974845,75.68457852982066,20.08,92.6,22.8,4.8,949,252,Agricultural,Silty,14.9,0.0,14.8,Confined,57.5,19.04
2024-06-21,Tumakuru,13.345636292470248,77.09456986800716,31.34,71.6,23.5,6.3,1158,154,Urban,Loam,3.1,0.0,11.2,Unconfined,6.9,30.29
2021-04-04,Sagara,14.179316829050846,75.03227176901576,31.15,28.7,29.7,7.4,1392,92,Agricultural,Loam,1.0,0.0,4.9,Unconfined,57.3,31.52
2021-01-02,Gokak,16.162678394233566,74.84316506325865,34.43,10.7,28.6,7.6,414,167,Urban,Silty,7.8,0.0,0.3,Confined,8.3,34.68
2022-04-21,Davanagere,14.470622954618598,75.93900662703626,8.99,30.5,31.1,7.6,1486,695,Urban,Silty,9.4,0.0,2.7,Confined,3.8,8.8
2022-06-15,Davanagere,14.458749809990858,75.92981919622004,27.69,62.6,29.4,7.8,517,433,Urban,Clay,14.3,0.0,6.7,Confined,9.5,26.92
2020-12-20,Madikeri,12.423749886635974,75.72805642596589,35.07,9.2,25.3,6.5,964,92,Agricultural,Silty,22.4,0.0,7.6,Confined,20.4,35.42
2025-07-07,Udupi,13.325956434267736,74.7302120828898,8.68,177.9,25.8,6.4,555,579,Agricultural,Sandy,23.9,0.88,7.7,Unconfined,26.7,5.62
2021-09-05,Kollegala,12.139839101951772,77.10468362009605,15.46,200.9,25.4,7.5,1481,254,Agricultural,Loam,13.1,0.0,2.6,Unconfined,25.5,12.07
2024-06-06,Yadgir,16.77495901373866,77.13162319333239,13.53,241.6,23.9,5.9,687,568,Agricultural,Clay,18.2,0.0,8.6,Confined,40.8,9.4
2022-12-27,Karwar,14.82420446758296,74.13804914913419,18.42,14.4,22.1,5.5,957,369,Forest,Clay,13.8,0.74,12.3,Unconfined,7.6,18.41
2025-02-08,Mangaluru,12.915681767598285,74.87009805685187,25.71,3.4,27.0,6.1,405,579,Forest,Sandy,23.7,0.51,8.0,Confined,36.4,26.26
2025-04-03,Davanagere,14.467483337953917,75.92123036960939,12.85,25.6,28.1,6.2,224,632,Urban,Silty,24.1,0.0,2.2,Unconfined,1.1,12.66
2025-03-02,Madikeri,12.42157198695158,75.73997023848065,16.59,1.4,41.6,11.8,1132,401,Agricultural,Loam,6.9,0.0,1.0,Confined,35.0,17.5
2025-08-06,Devanahalli,13.248585045928186,77.70140100061394,22.98,197.2,28.3,6.5,475,489,Agricultural,Silty,14.2,0.0,11.8,Unconfined,26.2,19.62
2024-09-24,Haveri,14.787515072211587,75.39736300246362,10.59,218.6,31.8,8.2,711,73,Agricultural,Sandy,13.3,0.0,4.2,Unconfined,53.9,7.17
2023-11-20,Kundapura,13.618065003073289,74.68992738072093,34.75,70.0,29.2,6.4,256,800,Forest,Loam,23.5,-0.6,4.3,Confined,31.8,34.05
2023-08-09,Sringeri,13.421206005304004,75.26093933700335,9.01,137.6,31.7,9.0,905,73,Agricultural,Sandy,2.7,0.0,7.7,Unconfined,40.1,7.11
2024-02-05,Hubballi,15.359704497902277,75.12315916851021,30.18,5.2,29.5,8.5,1399,331,Urban,Silty,18.1,0.0,2.4,Confined,6.0,30.56
2023-08-01,Chitradurga,14.202630029711797,76.396443897981,8.3,71.3,26.9,7.0,431,701,Urban,Sandy,11.7,0.0,2.9,Unconfined,4.6,7.27
2021-07-01,Gokak,16.165801830190237,74.83267188297742,29.67,75.4,24.3,5.1,984,774,Urban,Clay,21.2,0.0,12.7,Confined,2.1,28.44
2025-03-04,Gokak,16.182603103077334,74.8345536276435,21.04,39.1,34.1,8.5,1046,576,Urban,Sandy,12.8,0.0,7.2,Confined,2.3,20.71
2021-05-13,Kundapura,13.633290193267573,74.67004984885229,30.16,35.9,29.0,6.5,1282,761,Forest,Silty,10.3,0.79,2.0,Confined,24.7,29.93
2025-07-09,Anekal,12.701132886558693,77.71052620794673,20.39,204.5,31.2,6.7,110,630,Urban,Silty,22.3,0.0,14.8,Unconfined,9.7,16.73
2025-08-01,Bengaluru North,13.030356607951393,77.59254082634264,34.75,226.5,24.7,6.5,1087,774,Urban,Sandy,21.4,0.0,4.6,Confined,8.9,30.63
2022-03-10,Sirsi,14.616238555229005,74.84862201824389,39.33,30.4,34.1,7.3,110,554,Agricultural,Sandy,20.6,0.0,0.3,Confined,48.9,39.58
2023-09-26,Puttur,12.77119868702676,75.22695943127147,16.1,125.7,28.1,8.2,638,450,Forest,Sandy,24.1,-0.46,14.2,Unconfined,36.4,14.41
2021-05-11,Kollegala,12.152997905383282,77.11709513894431,10.86,30.2,39.9,10.2,737,308,Agricultural,Silty,20.2,0.0,8.9,Unconfined,55.2,11.32
2022-01-03,Sanduru,15.076317380480694,76.54098289875893,35.47,0.5,24.6,6.7,1379,128,Agricultural,Sandy,17.4,0.0,9.8,Confined,33.3,36.13
2024-12-05,Mandya,12.522287353708055,76.87825024549976,19.73,7.1,24.9,6.1,229,385,Agricultural,Sandy,2.6,0.0,8.3,Confined,21.9,20.11
2025-07-01,Sanduru,15.07994926998261,76.55592218611294,30.88,127.4,31.4,8.5,117,579,Agricultural,Loam,23.7,0.0,6.5,Unconfined,43.6,29.19
2022-08-11,Mysuru,12.27652547510089,76.63061306183457,37.43,71.5,26.3,6.4,1490,432,Urban,Loam,17.0,0.0,11.2,Unconfined,8.7,36.41
2024-04-05,Raichur,16.20846598643407,77.34937442644043,34.47,47.3,38.6,9.3,1221,274,Urban,Loam,13.4,0.0,1.8,Confined,0.3,33.99
2025-02-15,Athani,16.721930379592763,75.08149216156217,30.32,12.9,28.6,8.3,435,435,Agricultural,Clay,24.0,0.0,11.7,Unconfined,48.4,30.96
2023-02-25,Doddaballapura,13.293710849085313,77.55131180996253,35.81,11.1,21.7,5.6,664,88,Agricultural,Silty,5.0,0.0,6.2,Confined,54.3,36.41
2024-04-10,Bagalkote,16.191063132736264,75.69416802134756,22.82,35.3,34.3,9.4,1471,570,Urban,Loam,2.6,0.0,3.3,Confined,5.8,22.64
2023-01-23,Mangaluru,12.927157965181193,74.86321905076704,22.56,19.9,27.2,7.9,288,160,Agricultural,Loam,1.7,0.72,4.3,Unconfined,36.2,22.85
2024-04-01,Puttur,12.7646796486367,75.22612014421452,29.83,8.0,33.0,8.8,1144,33,Forest,Loam,1.4,-0.55,13.7,Confined,20.2,30.37
2023-04-14,Anekal,12.704093312932505,77.68793277756531,36.87,26.4,32.1,9.3,1186,681,Urban,Sandy,14.5,0.0,3.7,Confined,4.4,36.85
2023-03-29,Kolar,13.142787940272118,78.14260710567177,31.04,3.4,40.9,9.8,654,41,Urban,Clay,13.4,0.0,6.8,Confined,6.2,31.52
2022-09-16,Sagara,14.162711539525976,75.0298929852284,14.44,219.9,22.0,4.6,339,164,Agricultural,Sandy,12.7,0.0,13.5,Unconfined,36.3,10.63
2024-11-04,Shivamogga,13.930114950035273,75.5408883377049,35.68,56.2,27.8,6.7,507,248,Urban,Silty,3.4,0.0,4.8,Confined,6.0,34.95
2023-06-18,Haveri,14.802603281076832,75.41213357122716,32.17,222.0,29.2,7.1,1449,69,Agricultural,Sandy,19.9,0.0,12.5,Unconfined,55.1,28.64
2025-04-11,Mysuru,12.26762196933393,76.64891743945348,20.63,44.9,32.8,7.3,1367,383,Urban,Sandy,6.8,0.0,9.7,Unconfined,7.3,20.17
2021-02-15,Mandya,12.529724032465309,76.88164736883812,21.38,9.9,29.4,8.8,410,705,Agricultural,Clay,12.6,0.0,3.5,Confined,27.2,21.89
2025-02-22,Kolar,13.135045802469392,78.13489705774961,7.99,18.5,26.3,7.4,183,133,Urban,Loam,13.6,0.0,11.7,Confined,2.1,8.01
2022-07-24,Sagara,14.179181070535021,75.03870852667963,39.27,241.5,26.0,6.0,628,14,Agricultural,Sandy,10.3,0.0,1.5,Unconfined,30.8,35.05
2023-04-30,Kundapura,13.611883188808498,74.69837878602489,34.93,27.0,36.4,9.3,1311,434,Urban,Sandy,12.4,0.33,13.4,Confined,13.1,34.95
2024-06-28,Athani,16.72648619505611,75.07263696905503,10.37,238.0,25.6,5.2,356,100,Agricultural,Silty,19.1,0.0,4.4,Confined,26.2,6.13
2025-02-12,Sagara,14.155461123342711,75.03331423976324,25.03,19.2,27.5,7.5,530,356,Agricultural,Silty,24.8,0.0,1.9,Unconfined,32.3,25.34
2022-09-12,Puttur,12.74521977399297,75.19974102975831,22.81,50.8,29.4,6.8,1245,56,Agricultural,Sandy,9.5,-0.49,9.7,Confined,19.9,22.38
2020-10-13,Bagalkote,16.174793797956244,75.68576967939839,14.97,85.9,30.7,7.8,1446,235,Urban,Clay,23.2,0.0,2.6,Unconfined,4.6,13.69
2022-03-07,Karwar,14.821578701022855,74.14395832210094,14.03,49.6,35.6,8.4,948,381,Urban,Loam,18.2,-0.78,7.3,Confined,36.3,13.9
2024-04-11,Chitradurga,14.225872673499987,76.39824510408857,18.73,24.0,35.9,9.6,427,763,Urban,Silty,12.5,0.0,12.2,Confined,2.0,18.75
2021-03-10,Karwar,14.797911807443121,74.12265501848994,11.41,1.5,29.8,7.1,404,312,Urban,Clay,19.0,-0.9,12.9,Unconfined,5.9,11.88
2024-06-30,Badami,15.919439119414696,75.6661898330636,23.91,64.5,22.7,6.4,1316,731,Agricultural,Clay,22.8,0.0,11.3,Confined,32.0,23.26
2022-11-10,Tumakuru,13.332511625498949,77.10359169618826,5.27,51.1,31.5,7.0,1149,104,Urban,Clay,22.6,0.0,2.3,Confined,10.0,4.7
2021-06-14,Bengaluru North,13.034954351092471,77.60138719546951,9.55,56.9,31.2,6.9,517,562,Urban,Silty,18.5,0.0,8.6,Unconfined,0.6,8.76
2021-09-08,Gokak,16.17667567613094,74.83026964316122,35.04,107.0,29.3,8.6,1244,547,Urban,Loam,1.4,0.0,4.8,Unconfined,2.4,33.35
2023-02-10,Karwar,14.813123129940566,74.1285890062399,27.08,14.2,26.2,7.8,571,671,Agricultural,Sandy,11.7,-0.83,12.2,Unconfined,26.4,27.53
2021-09-30,Karwar,14.814268278154724,74.12343600071753,18.01,160.3,31.9,8.5,540,316,Agricultural,Sandy,22.0,-0.64,1.1,Confined,35.1,15.64
2022-04-06,Doddaballapura,13.291540981925406,77.54234271667465,11.52,8.6,37.3,8.9,312,174,Agricultural,Sandy,8.6,0.0,5.8,Confined,26.9,12.06
2021-10-15,Sakleshpura,12.972186092728561,75.78576654995763,7.98,83.4,29.5,6.7,428,255,Agricultural,Loam,17.3,0.0,10.4,Unconfined,52.3,7.17
2023-12-02,Athani,16.740443808325242,75.07321052854745,26.91,19.8,22.2,4.7,331,594,Agricultural,Silty,14.0,0.0,6.0,Unconfined,50.1,27.25
2022-12-27,Tumakuru,13.334026050199556,77.0957231431163,28.33,18.4,23.1,6.0,1349,301,Urban,Clay,21.9,0.0,9.0,Unconfined,5.3,28.32
2024-10-20,Doddaballapura,13.293095943353233,77.53927390500293,12.28,80.4,26.6,5.7,836,409,Agricultural,Silty,17.9,0.0,10.5,Unconfined,57.6,11.53
2021-06-14,Davanagere,14.46249678684145,75.89820332577796,34.56,224.3,23.6,5.6,182,318,Urban,Loam,15.5,0.0,11.0,Confined,6.5,30.42
2024-03-01,Sakleshpura,12.965593129985693,75.79773081217716,8.89,49.1,41.6,10.6,276,433,Agricultural,Silty,10.6,0.0,9.4,Confined,23.8,8.68
2022-03-04,Mandya,12.521072301688305,76.88472575415949,10.02,23.4,31.8,8.7,1171,637,Agricultural,Clay,16.2,0.0,2.6,Unconfined,23.4,10.22
2023-03-13,Haveri,14.794112494441308,75.41640635825148,18.62,21.6,28.9,7.5,1408,371,Agricultural,Silty,5.7,0.0,13.4,Unconfined,53.4,19.1
2024-07-15,Sakleshpura,12.953008092809391,75.7878727222378,36.85,74.5,24.3,6.7,649,15,Agricultural,Loam,12.7,0.0,5.0,Confined,38.9,36.08
2024-08-28,Madikeri,12.429212557495527,75.73991443390122,30.19,116.6,23.6,5.2,133,288,Agricultural,Clay,1.4,0.0,14.5,Confined,58.9,28.71
2024-09-15,Devanahalli,13.214830199903336,77.69870903711235,23.67,173.6,27.1,7.0,984,79,Agricultural,Loam,1.6,0.0,2.1,Confined,29.9,20.85
2022-10-25,Raichur,16.2215772966887,77.35388163735657,20.22,36.2,31.9,7.9,498,352,Urban,Loam,16.8,0.0,8.3,Unconfined,1.9,19.91
2022-01-20,Sagara,14.157419688127746,75.02975072163879,13.32,16.7,22.0,5.7,367,720,Agricultural,Sandy,21.8,0.0,1.4,Unconfined,23.7,13.51
2024-05-08,Haveri,14.79194410703224,75.43006676227004,18.68,44.9,32.3,8.4,1141,367,Agricultural,Sandy,9.5,0.0,6.7,Unconfined,38.1,18.58
2020-11-28,Kolar,13.122198030328466,78.12567772404951,19.08,69.4,33.3,8.4,663,396,Urban,Sandy,20.1,0.0,2.1,Confined,9.1,18.2
2024-03-03,Davanagere,14.453772897962091,75.93546496105586,22.68,48.4,39.1,9.0,1296,350,Urban,Sandy,14.4,0.0,5.0,Unconfined,3.9,22.2
2021-06-19,Anekal,12.710082025213525,77.68806547038926,36.12,65.4,29.1,8.7,178,672,Urban,Sandy,16.6,0.0,10.6,Confined,0.7,35.25
2024-06-11,Tumakuru,13.340943991066462,77.08924941482138,14.48,169.0,23.1,4.6,1316,652,Urban,Clay,14.3,0.0,11.3,Unconfined,6.5,11.4
2024-07-24,Bengaluru North,13.026034046362064,77.60112032495954,38.95,221.8,31.1,7.1,114,25,Urban,Sandy,16.7,0.0,9.3,Confined,3.4,34.9
2025-01-11,Sringeri,13.449879660206618,75.25229119529436,5.68,3.5,21.5,5.7,1390,698,Agricultural,Loam,24.6,0.0,10.9,Unconfined,53.4,6.43
2025-09-06,Kundapura,13.619295966250528,74.68063859984647,30.64,116.7,30.7,6.2,1026,161,Forest,Silty,19.8,-0.54,2.8,Confined,34.3,29.01
2025-05-26,Athani,16.734321975748294,75.06922449992135,8.09,28.1,33.7,9.3,145,535,Agricultural,Sandy,18.6,0.0,4.9,Unconfined,38.1,8.37
2023-08-04,Gokak,16.172980191611593,74.81890886283902,35.07,186.2,27.1,7.1,111,368,Urban,Loam,5.2,0.0,8.8,Unconfined,2.1,31.72
2023-07-26,Kollegala,12.162380465663151,77.11604426573867,26.17,135.2,29.8,6.7,711,533,Agricultural,Loam,3.2,0.0,10.1,Confined,53.3,24.33
2021-07-08,Kollegala,12.161040360999861,77.10947093143706,18.53,95.2,25.7,6.6,359,356,Agricultural,Loam,15.2,0.0,4.0,Unconfined,31.4,17.27
2025-01-18,Sirsi,14.608843407292547,74.83226848953593,35.37,2.3,28.7,6.9,1491,763,Agricultural,Silty,14.9,0.0,9.7,Unconfined,32.5,35.99
2021-11-08,Sirsi,14.617460393226859,74.83740387304525,39.49,62.3,33.1,9.4,1404,204,Agricultural,Loam,19.7,0.0,12.0,Unconfined,42.4,39.14
2024-10-06,Doddaballapura,13.292887667485894,77.5389645488168,33.15,55.3,32.7,7.8,355,164,Agricultural,Clay,1.4,0.0,14.0,Unconfined,57.6,33.01
2021-05-20,Mangaluru,12.92144296985593,74.86088721416355,20.15,47.7,41.1,8.6,1414,351,Urban,Clay,2.5,0.93,12.1,Unconfined,7.5,19.61
2022-03-28,Karwar,14.81985142796799,74.12683978865172,32.98,43.6,30.1,7.1,1261,650,Urban,Loam,8.2,0.45,3.6,Unconfined,15.9,32.58
2023-09-26,Devanahalli,13.23786533907721,77.69426676222497,24.55,198.1,24.7,6.8,823,683,Agricultural,Silty,7.0,0.0,4.1,Unconfined,42.9,21.36
2022-02-01,Sringeri,13.440943110585124,75.23732890022647,39.84,19.4,24.4,5.0,624,744,Agricultural,Loam,8.7,0.0,6.9,Confined,37.6,40.08
2021-06-03,Badami,15.918665006236884,75.67183488017815,19.66,122.1,30.4,6.6,835,329,Agricultural,Clay,1.2,0.0,6.2,Unconfined,29.0,17.84
2022-03-06,Mandya,12.533643225208904,76.8797313183145,39.98,20.8,32.9,7.1,1335,92,Agricultural,Silty,12.1,0.0,12.2,Unconfined,54.2,40.46
2025-05-06,Bagalkote,16.189115978594735,75.69812988708996,27.23,33.3,36.1,9.0,325,248,Urban,Silty,22.9,0.0,5.3,Unconfined,2.6,27.04
2021-12-25,Chitradurga,14.238515746434336,76.38876755668528,30.99,4.3,29.7,6.0,112,681,Urban,Clay,17.1,0.0,4.4,Confined,8.3,31.29
2021-09-13,Puttur,12.752196177163617,75.2193963970234,28.67,64.6,23.7,6.6,849,83,Agricultural,Clay,21.1,-0.36,10.0,Unconfined,7.7,27.82
2023-03-25,Chikkamagaluru,13.313706300156456,75.79641009269527,24.03,46.9,33.2,9.6,1172,294,Agricultural,Silty,22.0,0.0,1.3,Confined,56.8,24.14
2025-01-22,Mysuru,12.279851884576326,76.65083107455555,20.75,19.7,27.0,6.9,1284,570,Urban,Sandy,12.7,0.0,10.3,Unconfined,8.1,20.78
2023-09-30,Kollegala,12.142015864793509,77.1114706380237,37.34,248.2,27.6,5.6,417,539,Agricultural,Clay,20.3,0.0,12.4,Confined,40.0,33.06
2024-08-03,Ballari,15.123383490495343,76.92587096110309,20.19,214.9,29.1,7.8,1092,295,Urban,Sandy,14.5,0.0,10.4,Confined,8.9,16.37
2025-06-22,Kollegala,12.144701799447226,77.10867012930952,35.19,142.0,24.4,6.6,996,413,Agricultural,Sandy,11.2,0.0,3.4,Confined,53.0,33.21
2022-12-05,Sakleshpura,12.979165576591685,75.777194562554,8.16,16.4,27.4,6.9,1274,739,Agricultural,Clay,12.4,0.0,9.6,Unconfined,21.6,8.39
2024-05-14,Tumakuru,13.34350604502241,77.10992546923613,23.37,40.5,35.4,7.4,175,110,Urban,Silty,3.6,0.0,5.1,Unconfined,1.1,22.94
2023-10-04,Chitradurga,14.216043689984145,76.40631260667826,21.97,31.3,32.1,7.7,511,382,Urban,Silty,19.3,0.0,11.0,Confined,7.4,21.8
2021-09-12,Sringeri,13.419529937277794,75.24419799051424,22.45,132.1,26.0,7.3,1421,756,Agricultural,Silty,23.9,0.0,0.3,Confined,28.0,20.45
2022-02-11,Anekal,12.69257662165907,77.6787746123165,21.93,12.0,21.6,5.1,443,532,Urban,Sandy,5.2,0.0,6.5,Unconfined,3.3,21.98
2024-03-06,Hubballi,15.36620041665402,75.12693165776665,27.26,7.5,31.0,8.1,909,793,Urban,Sandy,1.8,0.0,11.7,Unconfined,1.7,27.53
2023-04-16,Anekal,12.679795336070416,77.68381928700776,19.78,28.8,40.8,10.1,284,254,Urban,Sandy,5.9,0.0,12.5,Confined,8.5,19.79
2022-03-09,Doddaballapura,13.289358473897884,77.55032828786929,10.47,36.8,40.9,11.1,231,557,Agricultural,Loam,14.6,0.0,3.8,Confined,44.1,10.73
2021-03-08,Raichur,16.204453340623157,77.34013105823459,27.82,21.0,41.6,11.8,758,621,Urban,Clay,8.3,0.0,6.6,Confined,8.8,28.08
2023-12-16,Kundapura,13.621078446424356,74.6790631963276,6.66,13.9,28.5,7.7,1360,707,Forest,Sandy,21.6,0.79,6.3,Unconfined,19.1,6.88
2024-07-26,Tumakuru,13.329844592365713,77.10683072063892,35.6,192.8,31.8,7.2,339,717,Urban,Loam,11.1,0.0,10.0,Confined,0.8,32.11
2021-11-23,Yadgir,16.771691898344038,77.12828671161438,38.97,25.5,25.7,6.4,495,407,Agricultural,Clay,2.5,0.0,2.6,Confined,42.4,39.2
2023-11-06,Yadgir,16.76859324639121,77.1341506927096,38.13,44.6,29.3,8.7,1003,396,Agricultural,Sandy,24.4,0.0,6.4,Confined,35.0,38.02
2024-02-15,Anekal,12.717022810900437,77.69356473444844,35.63,6.9,23.7,5.3,459,785,Urban,Sandy,12.4,0.0,5.3,Confined,8.1,35.84
2023-04-12,Hubballi,15.368347856649446,75.11871704949162,27.69,32.4,29.2,7.8,818,302,Urban,Clay,7.8,0.0,12.7,Confined,7.6,27.51
2022-05-05,Haveri,14.804864997246568,75.3992655394417,28.74,32.8,41.8,8.6,1084,298,Agricultural,Clay,22.2,0.0,8.7,Confined,34.6,28.86
2022-01-30,Gokak,16.17009312835377,74.84232808210137,33.04,17.0,27.3,7.5,1352,531,Urban,Loam,9.8,0.0,1.8,Confined,6.5,33.14
2021-08-25,Ballari,15.136108884112693,76.91453324044141,30.69,221.6,26.5,5.3,996,306,Urban,Sandy,12.2,0.0,1.8,Unconfined,6.0,26.58
2023-05-09,Gokak,16.16044777940002,74.8352257171711,12.53,16.9,30.4,8.0,115,210,Urban,Clay,4.6,0.0,11.2,Confined,4.9,12.64
2023-11-25,Davanagere,14.45581630116003,75.92265471666002,18.15,66.4,25.0,7.1,1239,782,Urban,Clay,6.2,0.0,6.8,Unconfined,2.4,17.2
2021-07-19,Anekal,12.69048326383706,77.68559414982711,7.3,87.3,24.7,6.8,1017,200,Urban,Clay,22.9,0.0,8.5,Unconfined,7.6,5.97
2021-05-12,Ballari,15.145804723639525,76.91491918314193,27.9,13.5,41.2,10.6,1243,389,Urban,Clay,8.4,0.0,2.5,Confined,4.1,28.2
2023-04-20,Chitradurga,14.208911511447731,76.38867872305121,12.14,15.5,40.2,11.6,192,303,Urban,Sandy,7.5,0.0,11.0,Unconfined,4.2,12.45
2024-02-18,Hassan,13.01334206320511,76.09385970002035,5.55,17.7,24.1,5.1,681,514,Urban,Loam,8.0,0.0,9.8,Confined,1.3,5.46
2024-08-19,Raichur,16.207356277501745,77.34875466895868,16.67,61.8,29.9,8.5,1212,121,Urban,Clay,3.5,0.0,4.5,Unconfined,8.6,15.95
2024-04-16,Sagara,14.152324744567526,75.03954067203685,15.85,44.5,39.0,9.3,828,81,Agricultural,Sandy,12.1,0.0,1.6,Unconfined,32.9,15.75
2025-06-06,Haveri,14.77544183624406,75.40051508668527,13.07,115.3,30.5,9.1,145,249,Agricultural,Sandy,8.6,0.0,6.6,Confined,33.0,11.55
2023-12-06,Hunasuru,12.309644239029195,76.29362972939663,16.54,14.2,28.1,6.5,1217,550,Agricultural,Silty,3.3,0.0,5.9,Confined,54.5,17.13
2025-09-22,Kolar,13.145131012555575,78.13177629639594,38.91,181.5,26.9,7.0,1327,337,Urban,Silty,24.3,0.0,6.2,Confined,7.5,35.7
2022-01-04,Raichur,16.219472254731247,77.37155093750893,26.48,1.5,25.8,7.6,1313,64,Urban,Loam,24.1,0.0,2.4,Confined,6.5,26.89
2021-08-02,Shivamogga,13.915541695138142,75.56241965559059,12.88,161.2,24.8,5.9,517,373,Urban,Clay,10.8,0.0,12.8,Unconfined,7.4,10.03
2021-09-20,Raichur,16.201869249732205,77.34668961187745,21.33,175.3,23.3,5.4,294,58,Urban,Silty,13.3,0.0,3.4,Confined,2.5,18.12
2025-08-25,Gokak,16.178405988120403,74.8324317639246,34.01,130.3,22.9,5.0,353,532,Urban,Clay,19.3,0.0,0.2,Unconfined,8.1,31.73
2021-07-27,Karwar,14.799201099525625,74.12805495293182,9.1,125.4,31.1,6.9,1481,419,Agricultural,Clay,20.1,0.73,14.9,Confined,29.7,7.16
2021-11-02,Puttur,12.76035572154311,75.20011096997325,16.64,45.7,28.8,7.4,214,719,Forest,Sandy,17.6,0.14,2.1,Unconfined,31.5,16.4
2022-04-10,Mysuru,12.311331580650098,76.62443991747885,9.52,10.9,36.6,10.5,734,611,Urban,Clay,8.7,0.0,1.4,Unconfined,6.6,9.89
2022-10-12,Doddaballapura,13.298286339419526,77.54808784092971,14.69,82.2,25.6,7.4,195,180,Agricultural,Clay,10.5,0.0,2.7,Unconfined,46.0,13.88
2022-03-06,Udupi,13.331738064793129,74.73627095926075,33.04,9.6,35.3,9.0,459,80,Urban,Clay,19.6,-0.85,13.4,Confined,20.2,33.59
2023-01-23,Haveri,14.804455730418004,75.41916767665717,5.02,14.7,29.3,7.3,1300,431,Agricultural,Clay,23.2,0.0,7.1,Unconfined,34.5,5.44
2025-07-11,Sringeri,13.413464740342299,75.26003410144422,14.79,219.3,30.5,7.6,822,224,Agricultural,Silty,24.4,0.0,1.1,Confined,58.8,11.37
2024-01-05,Doddaballapura,13.301164007182509,77.53547238631347,26.04,8.2,20.6,4.5,183,599,Agricultural,Sandy,9.4,0.0,7.9,Confined,23.5,26.34
2020-11-04,Madikeri,12.427696813062616,75.73499445475338,7.14,70.4,27.2,7.7,1115,441,Agricultural,Silty,19.1,0.0,3.6,Confined,43.5,6.55
2025-04-04,Tumakuru,13.359354807395817,77.10375953435963,14.15,20.7,41.1,11.7,896,619,Urban,Silty,22.1,0.0,10.1,Unconfined,6.3,14.38
2022-04-29,Hassan,13.0103287354124,76.08880802087216,8.01,7.7,33.9,9.7,369,209,Urban,Loam,12.6,0.0,11.4,Confined,5.3,8.39
2025-06-07,Chikkamagaluru,13.312513748285864,75.78150118240848,10.16,77.1,29.0,8.7,200,311,Agricultural,Loam,20.4,0.0,4.4,Confined,52.5,9.58
2025-08-30,Mandya,12.51295854329262,76.9081730924925,17.85,150.3,22.9,5.8,1367,72,Agricultural,Sandy,10.4,0.0,7.4,Unconfined,24.8,15.38
2021-03-24,Shivamogga,13.932997616926956,75.5587167194387,34.9,35.3,40.8,10.8,1163,690,Urban,Clay,21.8,0.0,12.8,Unconfined,6.4,34.8
2023-01-03,Udupi,13.335366699331937,74.75606398150201,34.99,16.2,21.4,6.1,1134,308,Forest,Sandy,6.8,0.95,12.9,Confined,11.0,34.99
2024-11-01,Chitradurga,14.241598403820461,76.40969593698317,34.52,97.3,25.9,5.5,132,645,Urban,Silty,14.3,0.0,2.1,Unconfined,4.6,32.9
2023-07-19,Kundapura,13.610413353512511,74.69398080884817,31.56,122.9,30.1,6.5,1057,707,Urban,Loam,12.5,0.11,6.1,Unconfined,28.5,29.7
2022-04-17,Anekal,12.716992587748717,77.69191779944033,5.98,16.9,30.0,8.9,575,36,Urban,Loam,24.5,0.0,10.9,Unconfined,7.8,6.17
2022-04-04,Anekal,12.697230890306408,77.69534766948247,32.07,19.7,37.7,11.1,557,737,Urban,Clay,18.1,0.0,13.7,Confined,2.4,32.26
2022-08-11,Raichur,16.2118676829201,77.34458182993426,38.2,241.1,22.9,6.5,845,606,Urban,Clay,4.7,0.0,3.3,Unconfined,4.9,33.75
2024-10-27,Chikkamagaluru,13.332945446303759,75.77122226349775,18.92,78.5,33.6,7.0,408,93,Agricultural,Clay,22.4,0.0,11.9,Confined,22.4,17.92
2024-08-28,Hubballi,15.360229893188109,75.13628870096967,36.98,139.6,22.9,5.3,491,139,Urban,Clay,17.5,0.0,7.1,Unconfined,7.2,34.52
2020-10-06,Sirsi,14.619436950276045,74.83803611153346,32.76,73.3,30.3,9.0,1071,151,Agricultural,Silty,3.9,0.0,3.4,Confined,38.2,32.13
2025-09-04,Madikeri,12.42269341466532,75.73633880310868,36.35,154.1,25.9,6.6,821,247,Agricultural,Loam,7.4,0.0,1.3,Unconfined,59.5,34.19
2024-02-01,Kundapura,13.65106222423155,74.69123425404621,29.09,13.7,23.0,5.5,941,540,Agricultural,Clay,7.8,-0.74,12.9,Unconfined,38.7,29.55
2021-09-28,Ballari,15.135134977778502,76.92581268775899,38.06,105.4,27.5,6.3,462,639,Urban,Loam,13.5,0.0,10.9,Confined,1.9,36.29
2022-06-27,Hubballi,15.348924467167219,75.11924861458282,38.4,161.7,25.8,7.7,1368,736,Urban,Loam,2.1,0.0,2.5,Unconfined,2.8,35.58
2024-09-13,Kundapura,13.630287076333351,74.6914715253847,30.49,101.0,31.5,8.1,822,397,Urban,Silty,11.4,0.49,0.8,Unconfined,24.9,29.07
2024-12-20,Mysuru,12.313605026738399,76.63293382888163,37.99,10.0,29.6,6.4,737,359,Urban,Sandy,24.3,0.0,10.4,Confined,4.7,38.16
2023-01-18,Udupi,13.345954702798334,74.76233055250738,23.24,0.7,22.1,5.4,1151,545,Urban,Clay,16.4,-0.99,7.2,Unconfined,32.0,23.91
2021-11-09,Davanagere,14.460188215827676,75.92875661114661,32.32,65.9,26.4,6.2,876,497,Urban,Silty,15.3,0.0,11.1,Confined,9.9,31.41
2021-12-02,Mangaluru,12.921176010093163,74.85312756145504,35.25,13.2,23.8,6.7,411,687,Agricultural,Clay,7.3,0.9,10.7,Confined,7.6,35.31
2020-10-29,Athani,16.725888945649125,75.04723428933862,31.96,54.8,29.4,7.3,1354,72,Agricultural,Sandy,3.7,0.0,7.2,Confined,29.3,31.52
2022-06-15,Haveri,14.776981218322526,75.39543241325327,6.43,137.6,26.9,7.4,109,612,Agricultural,Clay,11.1,0.0,12.5,Unconfined,42.3,4.47
2020-12-29,Raichur,16.20581623173725,77.34624930177206,39.04,4.6,25.2,6.5,1263,334,Urban,Loam,21.6,0.0,12.1,Confined,1.8,39.29
2024-12-10,Chikkamagaluru,13.312751473047705,75.78522521432747,20.81,17.7,29.4,7.1,1105,718,Agricultural,Silty,15.0,0.0,2.1,Unconfined,52.1,21.33
2023-03-08,Raichur,16.22237061200055,77.34520442888666,11.96,27.0,41.8,10.5,161,518,Urban,Silty,7.0,0.0,9.6,Unconfined,2.2,11.97
2024-02-05,Puttur,12.764763343119201,75.20545151708176,13.18,1.8,24.0,6.3,239,703,Forest,Sandy,1.2,0.6,4.6,Confined,25.6,13.65
2024-09-04,Doddaballapura,13.298774378597482,77.53658939491245,28.32,100.8,28.8,8.3,630,152,Agricultural,Loam,17.3,0.0,12.6,Unconfined,48.2,27.2
2022-08-18,Madikeri,12.418289198138742,75.72870935316115,9.29,231.3,27.5,5.7,1362,58,Agricultural,Sandy,21.1,0.0,14.3,Confined,53.1,5.48
2024-01-30,Raichur,16.18838477778949,77.33609859045727,19.03,5.1,24.1,5.0,1072,249,Urban,Silty,5.4,0.0,8.4,Confined,5.4,19.23
2025-03-06,Ballari,15.136567215962591,76.91527992414018,16.52,28.6,28.5,5.8,727,94,Urban,Silty,19.5,0.0,5.7,Confined,1.6,16.25
2023-10-29,Devanahalli,13.238430744070659,77.70405175591785,23.3,39.4,31.4,7.0,467,324,Agricultural,Loam,15.0,0.0,8.6,Confined,56.4,23.43
2025-08-13,Hassan,13.020504140456525,76.09416606836817,12.73,67.4,24.4,6.8,198,138,Urban,Clay,23.3,0.0,1.7,Confined,6.2,11.78
2021-08-15,Mysuru,12.306557137544079,76.63345013713031,22.5,92.9,23.7,6.6,1081,482,Urban,Silty,6.4,0.0,2.4,Confined,4.0,21.01
2023-07-19,Puttur,12.749991969739403,75.20822741428708,13.05,121.0,23.1,5.6,1498,207,Forest,Sandy,9.0,0.35,1.7,Unconfined,37.1,11.25
2023-10-16,Hubballi,15.383456551947921,75.11974136097598,33.23,35.7,28.6,6.2,1083,461,Urban,Sandy,9.8,0.0,10.9,Confined,4.1,32.87
2021-06-22,Sanduru,15.097031541628615,76.57149675363867,33.81,193.1,28.6,7.4,161,39,Agricultural,Sandy,3.5,0.0,2.2,Confined,36.2,30.68
2021-09-11,Ballari,15.143301536251137,76.91419878106022,5.4,75.5,26.2,5.7,219,352,Urban,Silty,7.8,0.0,6.3,Unconfined,5.5,4.23
2021-11-04,Sakleshpura,12.964655973960225,75.79824576039083,25.72,82.2,30.8,7.5,430,783,Agricultural,Loam,4.2,0.0,5.5,Confined,40.8,24.86
2023-03-26,Athani,16.7289959686124,75.07158600705306,13.54,6.8,35.1,10.5,1171,528,Agricultural,Sandy,5.5,0.0,5.0,Confined,47.8,14.41
2022-02-06,Doddaballapura,13.295841047270121,77.53984206544371,23.58,6.6,25.4,7.1,1354,475,Agricultural,Sandy,12.6,0.0,7.9,Confined,59.6,24.4
2024-05-02,Sirsi,14.61311972622964,74.85296797297826,22.23,43.2,34.1,8.9,385,276,Agricultural,Silty,4.3,0.0,9.3,Unconfined,56.2,22.37
2024-08-18,Bengaluru North,13.059811862581412,77.59318865601547,31.47,212.5,25.8,7.6,879,688,Urban,Clay,7.7,0.0,4.8,Confined,2.0,27.62
2021-10-27,Hassan,12.9960325261083,76.11145436769458,38.75,99.2,28.7,8.0,526,632,Urban,Clay,19.0,0.0,14.4,Unconfined,4.8,37.21
2021-07-23,Hunasuru,12.301723520769546,76.29407559901567,19.54,215.1,31.9,8.2,640,122,Agricultural,Silty,17.2,0.0,13.4,Unconfined,59.6,16.24
2022-11-02,Mysuru,12.303755812584793,76.61965465272013,36.82,77.1,26.5,7.0,1450,251,Urban,Loam,11.1,0.0,8.6,Unconfined,8.9,35.72
2025-04-17,Haveri,14.792292923455946,75.39962248217098,15.67,36.8,37.8,11.0,126,785,Agricultural,Sandy,3.2,0.0,4.8,Confined,55.0,16.03
2024-08-30,Bengaluru North,13.04316525668803,77.58461618225682,26.64,220.2,31.3,6.4,1347,182,Urban,Sandy,24.0,0.0,0.7,Confined,2.2,22.58
2021-01-02,Hunasuru,12.327312872027017,76.28036717694431,37.8,3.2,25.5,6.1,432,613,Agricultural,Clay,9.4,0.0,8.5,Unconfined,43.6,38.48
2024-04-22,Shivamogga,13.934741365442923,75.57641326267205,21.71,38.8,30.3,7.6,1072,625,Urban,Silty,2.2,0.0,9.1,Confined,4.0,21.35
2025-04-23,Tumakuru,13.340421467816018,77.11844387332603,12.48,42.1,29.7,6.5,1213,522,Urban,Loam,4.8,0.0,7.3,Unconfined,1.8,11.98
2021-09-02,Gokak,16.163045593365233,74.83299088712272,14.53,97.0,26.9,6.8,718,579,Urban,Loam,13.0,0.0,13.9,Unconfined,9.3,13.02
2022-04-02,Sanduru,15.086497829355139,76.53239520747236,37.43,7.6,33.6,7.0,107,210,Agricultural,Loam,20.4,0.0,13.6,Unconfined,26.6,37.89
2024-01-06,Devanahalli,13.230222650248153,77.70294934376467,8.01,6.8,24.4,5.3,952,755,Agricultural,Sandy,24.1,0.0,14.9,Confined,56.1,8.7
2020-11-13,Hubballi,15.375480223038354,75.12913270418188,15.99,23.4,32.4,9.6,1320,69,Urban,Loam,8.0,0.0,0.3,Unconfined,4.7,16.05
2025-05-12,Puttur,12.762829577211152,75.2142675170037,19.96,34.7,31.8,8.4,814,160,Urban,Sandy,18.0,0.26,3.3,Confined,13.4,19.79
2023-02-28,Sakleshpura,12.968394683373836,75.78021643818155,22.08,3.9,28.9,6.5,634,313,Agricultural,Clay,2.3,0.0,13.7,Unconfined,48.8,22.81
2021-12-27,Ballari,15.158483180758264,76.9244708698543,19.57,4.2,22.4,6.5,1323,615,Urban,Silty,20.3,0.0,14.5,Unconfined,6.4,19.88
2023-09-07,Hassan,13.016974270794416,76.09467823256475,14.87,244.0,28.6,7.5,1316,514,Urban,Sandy,24.7,0.0,8.0,Confined,2.0,10.38
2021-01-23,Kollegala,12.15803697030517,77.11318613686832,23.45,8.9,24.9,6.3,1466,242,Agricultural,Clay,6.1,0.0,1.6,Unconfined,42.6,24.01
2024-02-06,Hunasuru,12.315244955794107,76.28117849209683,39.06,10.4,26.4,5.8,517,516,Agricultural,Silty,4.3,0.0,6.6,Confined,55.6,39.7
2021-09-04,Mangaluru,12.920936267205878,74.8627028370435,22.41,184.8,24.1,6.0,946,679,Agricultural,Sandy,11.5,0.16,14.6,Confined,36.0,19.36
2022-03-16,Sagara,14.198442592231027,75.03911541380485,19.31,35.7,30.7,6.2,1323,116,Agricultural,Loam,10.0,0.0,4.4,Unconfined,55.4,19.46
2025-03-19,Gokak,16.182928046340994,74.82366694519858,28.15,37.8,40.3,8.8,418,84,Urban,Clay,11.4,0.0,7.4,Confined,0.3,27.84
2022-09-10,Madikeri,12.424846574087871,75.72850866228731,22.88,141.3,26.5,7.6,1437,517,Agricultural,Sandy,23.8,0.0,10.9,Unconfined,42.1,20.85
2024-12-29,Raichur,16.217706586772675,77.34381037923153,29.79,13.6,29.0,7.3,1460,130,Urban,Loam,10.0,0.0,3.3,Unconfined,0.2,29.88
2025-04-24,Tumakuru,13.362121979453375,77.10410722641588,38.88,8.2,32.1,7.4,224,265,Urban,Loam,21.1,0.0,3.1,Unconfined,2.5,39.11
2024-05-09,Puttur,12.767388886306783,75.22046800832115,10.54,3.4,34.5,8.4,118,614,Urban,Silty,22.5,-0.76,9.0,Confined,32.5,11.29
2022-07-09,Kollegala,12.160282397725702,77.10337931032547,38.15,85.5,31.7,6.5,175,408,Agricultural,Silty,3.4,0.0,2.9,Unconfined,33.7,37.1
2022-09-25,Tumakuru,13.334597960788,77.08824684573744,11.44,185.2,22.2,4.6,938,138,Urban,Sandy,5.5,0.0,2.9,Confined,4.0,8.01
2022-11-26,Mysuru,12.291453623080685,76.64604685136074,31.42,35.9,27.0,6.7,1151,41,Urban,Loam,21.4,0.0,7.4,Confined,1.0,31.05
2023-12-12,Bengaluru North,13.045287289823255,77.58992110276542,14.44,5.7,21.4,5.4,1375,644,Urban,Silty,6.9,0.0,4.1,Unconfined,1.4,14.61
2020-11-15,Badami,15.911930216206159,75.67011662996131,20.07,68.6,27.6,6.1,732,510,Agricultural,Silty,6.5,0.0,14.5,Confined,42.4,19.43
2024-12-25,Davanagere,14.461804504624611,75.91164392483022,16.15,17.3,22.1,5.5,1386,72,Urban,Silty,3.6,0.0,6.3,Confined,4.3,16.12
2025-05-08,Sanduru,15.10631885914874,76.55113343280422,32.05,32.5,36.0,7.8,394,106,Agricultural,Clay,13.5,0.0,8.7,Unconfined,36.0,32.15
2023-05-18,Anekal,12.700049789150444,77.70931409412638,15.8,32.7,28.8,8.5,361,425,Urban,Loam,23.2,0.0,13.7,Confined,4.8,15.62
2024-08-05,Kollegala,12.152335552501421,77.10144688395448,11.48,107.3,31.4,8.3,131,25,Agricultural,Silty,2.8,0.0,4.5,Unconfined,55.8,10.31
2025-05-13,Davanagere,14.455105935578047,75.92194944773894,12.13,7.5,41.3,9.0,916,753,Urban,Clay,14.6,0.0,2.3,Unconfined,1.0,12.44
2022-11-11,Tumakuru,13.336188283829701,77.10360910434527,28.28,80.0,28.9,6.0,951,131,Urban,Loam,9.5,0.0,3.6,Unconfined,8.3,27.06
2022-04-03,Sagara,14.159600139044862,75.04098979691385,36.36,40.5,37.3,7.8,1463,325,Agricultural,Clay,9.0,0.0,4.1,Confined,42.2,36.36
2025-03-05,Sagara,14.152881756845664,75.04020602399235,13.32,3.7,40.5,11.9,317,263,Agricultural,Loam,16.3,0.0,1.9,Confined,58.5,14.43
2022-03-14,Sringeri,13.42442072633558,75.26133296312956,10.27,12.3,29.7,7.3,921,59,Agricultural,Loam,15.5,0.0,2.1,Confined,41.4,10.8
2023-04-18,Sakleshpura,12.962368262527168,75.77898401466884,29.15,22.7,30.1,8.1,724,347,Agricultural,Clay,12.2,0.0,5.2,Confined,40.5,29.51
2023-07-24,Karwar,14.782581675716393,74.1315676783318,7.39,161.8,27.1,5.7,697,24,Urban,Clay,11.7,-0.5,9.7,Unconfined,36.0,4.85
2023-06-10,Kolar,13.149146309732858,78.12456536747095,27.57,120.2,23.4,6.5,894,522,Urban,Silty,21.9,0.0,0.8,Confined,7.3,25.56
2022-11-08,Puttur,12.759790609778644,75.22955477451885,7.18,70.3,31.2,6.4,1198,553,Urban,Silty,4.0,0.12,6.1,Confined,21.3,6.3
2024-05-01,Hassan,13.015200193304024,76.09666303802598,7.35,13.2,39.9,11.5,684,691,Urban,Silty,8.6,0.0,5.8,Unconfined,5.5,7.72
2024-11-10,Mangaluru,12.911718911766393,74.84540171539831,9.01,25.1,29.4,8.4,712,332,Forest,Loam,19.6,0.86,2.1,Confined,17.1,9.01
2020-12-12,Sakleshpura,12.965800908404411,75.76906585775441,14.55,11.1,22.8,6.1,365,189,Agricultural,Clay,6.1,0.0,6.6,Unconfined,51.3,15.15
2025-01-15,Hubballi,15.376122558443498,75.13016479795814,34.69,0.2,29.6,8.4,1047,408,Urban,Sandy,21.8,0.0,8.4,Unconfined,4.9,35.16
2024-04-30,Chitradurga,14.23522936708969,76.39249552909155,31.54,40.0,30.6,6.2,633,572,Urban,Sandy,22.6,0.0,3.8,Confined,4.1,31.09
2024-08-06,Mysuru,12.287608040836993,76.63289091107681,17.18,105.3,31.5,9.0,688,276,Urban,Silty,10.7,0.0,14.4,Confined,1.4,15.54
2024-04-21,Mysuru,12.293839479337478,76.6439564379454,9.41,40.4,38.8,8.8,1252,367,Urban,Clay,5.7,0.0,1.4,Unconfined,6.8,9.11
2023-09-29,Kolar,13.141585280623781,78.12587091315639,27.14,98.5,29.4,7.1,853,644,Urban,Silty,24.7,0.0,6.4,Unconfined,8.2,25.61
2025-01-14,Mangaluru,12.912353309460212,74.86984475101708,27.71,17.0,23.1,6.9,884,663,Forest,Sandy,3.7,0.61,12.3,Confined,22.7,27.88
2021-10-07,Ballari,15.140426866878354,76.9411609592291,17.53,66.0,32.4,6.8,816,733,Urban,Sandy,18.6,0.0,8.3,Confined,8.9,16.64
2024-05-07,Chikkamagaluru,13.30491744955848,75.76680156827437,8.99,6.2,34.3,9.6,535,168,Agricultural,Clay,9.2,0.0,5.4,Unconfined,55.2,9.9
2023-11-02,Gokak,16.163467523009107,74.83727641447835,25.5,74.8,24.5,7.1,608,338,Urban,Sandy,23.4,0.0,8.3,Confined,3.8,24.4
2023-04-16,Mysuru,12.30929352203154,76.64529058509754,25.65,46.6,30.6,6.2,1393,611,Urban,Clay,18.1,0.0,0.8,Unconfined,7.7,25.11
2023-01-17,Davanagere,14.479015439470668,75.93389111395079,31.59,8.7,25.8,5.5,1032,393,Urban,Clay,24.2,0.0,2.1,Confined,8.6,31.78
2022-10-15,Mandya,12.540415160190161,76.90239761862247,20.9,63.6,29.9,7.2,163,111,Agricultural,Clay,17.8,0.0,7.5,Confined,26.9,20.26
2023-06-24,Doddaballapura,13.296288859854586,77.53329610825419,32.65,64.6,28.6,5.9,1061,387,Agricultural,Clay,17.3,0.0,13.0,Unconfined,43.8,32.09
2024-06-20,Madikeri,12.441718967592688,75.7419279490049,39.32,50.2,23.8,6.2,366,553,Agricultural,Clay,19.6,0.0,13.0,Confined,55.3,39.18
2025-04-28,Raichur,16.17985145524452,77.35556382464584,20.23,44.7,32.5,6.6,1333,167,Urban,Loam,18.4,0.0,4.2,Unconfined,0.1,19.67
2021-07-22,Bagalkote,16.16641698310426,75.69706742985473,24.1,200.4,25.0,6.2,1229,179,Urban,Sandy,22.8,0.0,5.7,Confined,4.3,20.45
2023-10-08,Yadgir,16.75889765703215,77.13838575873949,20.8,66.1,24.1,5.4,1126,745,Agricultural,Sandy,2.1,0.0,5.2,Confined,57.2,20.32
2022-05-05,Athani,16.74197820079549,75.07638705048178,5.33,45.4,29.1,7.8,249,294,Agricultural,Silty,22.5,0.0,7.2,Confined,52.3,5.33
2023-04-27,Anekal,12.699192222752636,77.67843549694956,12.19,42.2,38.5,9.1,1273,175,Urban,Silty,11.1,0.0,5.1,Confined,4.0,11.84
2023-12-06,Puttur,12.7575758438987,75.19930368518703,22.87,7.2,26.0,6.2,1307,254,Agricultural,Silty,9.4,0.94,1.5,Unconfined,20.9,23.15
2021-03-30,Doddaballapura,13.297945463840778,77.55507095887181,15.23,2.6,29.7,6.1,466,604,Agricultural,Sandy,14.8,0.0,10.2,Unconfined,56.7,16.05
2024-02-27,Raichur,16.19748079728118,77.34721063169461,5.06,14.7,23.8,7.1,976,571,Urban,Silty,20.2,0.0,4.0,Confined,6.9,5.19
2025-02-10,Chitradurga,14.22556336987201,76.38623153467483,33.46,1.2,29.1,8.1,876,576,Urban,Sandy,7.7,0.0,13.4,Unconfined,4.5,33.89
2021-06-26,Hunasuru,12.30421334257567,76.27459818546163,33.48,199.5,26.0,6.6,942,490,Agricultural,Sandy,6.1,0.0,6.7,Confined,43.2,30.25
2022-07-02,Athani,16.73387788331059,75.0807964370928,8.67,176.6,26.0,7.7,1500,651,Agricultural,Silty,20.2,0.0,8.4,Unconfined,43.6,5.96
2022-03-02,Athani,16.7127225337963,75.05666401136287,28.03,22.6,41.6,12.4,346,537,Agricultural,Clay,10.3,0.0,9.4,Unconfined,51.1,28.71
2022-05-09,Sringeri,13.401880416668046,75.23523482703985,8.87,9.8,34.6,7.2,909,562,Agricultural,Loam,14.6,0.0,9.2,Confined,39.5,9.43
2022-08-16,Ballari,15.11988040557559,76.92212556090657,29.6,54.1,22.8,5.3,596,384,Urban,Clay,23.5,0.0,14.1,Unconfined,5.7,28.84
2022-05-10,Doddaballapura,13.293802899677672,77.54528899408626,34.16,48.3,31.4,8.6,1449,278,Agricultural,Clay,16.0,0.0,8.0,Confined,53.0,34.15
2021-05-23,Yadgir,16.763078775140766,77.12083987535989,10.66,41.8,32.8,9.2,1402,83,Agricultural,Loam,2.9,0.0,7.3,Confined,55.0,10.83
2022-09-15,Sanduru,15.09971804912511,76.57407707180747,32.6,248.0,26.7,7.2,686,602,Agricultural,Sandy,11.0,0.0,0.9,Confined,53.4,28.53
2025-02-15,Chikkamagaluru,13.312184065009061,75.78388352555875,6.86,19.4,25.9,7.0,806,677,Agricultural,Silty,9.5,0.0,14.3,Unconfined,26.6,7.09
2022-07-12,Badami,15.90831800400847,75.67770405988016,19.74,171.5,24.1,6.9,734,122,Agricultural,Sandy,24.3,0.0,5.6,Confined,52.7,17.18
2022-05-23,Udupi,13.325319395171446,74.746123385478,19.06,37.3,42.0,11.0,870,49,Urban,Silty,1.1,0.59,10.0,Unconfined,21.7,19.02
2024-08-21,Haveri,14.80259031654257,75.40384077963097,20.76,229.3,25.0,7.2,307,60,Agricultural,Sandy,21.1,0.0,3.3,Unconfined,47.7,17.01
2022-01-20,Devanahalli,13.242285992182193,77.70059401716944,26.69,15.9,25.1,6.3,560,295,Agricultural,Loam,2.4,0.0,6.6,Confined,39.1,27.08
2024-07-24,Badami,15.923827976268617,75.67544601256093,14.56,110.8,28.3,7.8,250,503,Agricultural,Silty,23.5,0.0,6.9,Unconfined,53.4,13.27
2022-02-05,Bagalkote,16.19872473658995,75.6883613210516,34.06,19.2,21.5,4.8,782,200,Urban,Silty,20.0,0.0,6.9,Unconfined,5.8,33.97
2024-09-06,Hunasuru,12.299200755295304,76.27979886426402,30.33,154.7,26.2,6.8,1232,580,Agricultural,Loam,14.7,0.0,2.8,Unconfined,40.5,27.98
2022-12-23,Gokak,16.160721088106055,74.84149467394718,31.08,1.7,29.0,8.0,632,314,Urban,Silty,5.8,0.0,1.8,Confined,8.6,31.53
2020-11-22,Tumakuru,13.339820969248677,77.11881390867545,33.92,30.1,30.7,8.8,919,318,Urban,Clay,10.9,0.0,13.5,Confined,3.1,33.79
2024-09-08,Bengaluru North,13.040127106508352,77.60490699852211,13.35,59.2,30.0,7.0,908,216,Urban,Clay,12.8,0.0,11.4,Unconfined,9.7,12.61
2025-03-22,Bagalkote,16.176059727231117,75.68361890045159,38.56,12.2,31.9,6.6,679,398,Urban,Loam,22.3,0.0,13.4,Unconfined,2.5,38.67
2023-08-12,Chikkamagaluru,13.311652308631249,75.78050296930003,36.67,159.4,24.3,6.9,1395,78,Agricultural,Clay,13.6,0.0,9.2,Unconfined,26.0,34.09
2022-03-18,Devanahalli,13.235696546170585,77.69554161297357,9.71,14.0,38.4,11.1,1082,591,Agricultural,Sandy,22.1,0.0,0.7,Confined,45.5,10.44
2022-04-19,Doddaballapura,13.293213782464628,77.5349899478585,6.48,38.7,31.7,7.5,1135,102,Agricultural,Silty,11.6,0.0,12.2,Confined,20.4,6.29
2024-09-27,Gokak,16.164736560149397,74.83889664717117,16.3,233.2,24.2,4.8,926,499,Urban,Silty,20.4,0.0,10.2,Unconfined,2.8,11.9
2025-03-05,Chikkamagaluru,13.326505245637078,75.78404959936633,10.62,46.6,28.3,6.1,178,290,Agricultural,Silty,1.3,0.0,14.3,Unconfined,25.3,10.25
2022-12-21,Madikeri,12.431824044776963,75.74551583522714,26.46,6.1,28.7,6.7,822,353,Agricultural,Loam,9.8,0.0,7.7,Unconfined,32.5,27.0
2022-03-13,Anekal,12.70565600428078,77.70229044882053,39.27,47.5,37.8,9.6,1404,25,Urban,Silty,9.5,0.0,7.7,Unconfined,7.5,38.88
2022-09-11,Mysuru,12.285965210516485,76.65116177288947,34.29,89.0,29.2,7.8,478,341,Urban,Clay,15.3,0.0,11.8,Confined,6.9,32.97
2022-12-17,Kundapura,13.635663049558838,74.702361249534,34.31,19.9,26.2,7.7,745,106,Forest,Loam,14.3,-0.01,10.6,Confined,17.2,34.47
2024-01-21,Sakleshpura,12.959929746987566,75.77608373826963,22.99,12.4,27.6,8.1,1041,255,Agricultural,Clay,10.3,0.0,10.9,Unconfined,21.0,23.36
2023-03-25,Mysuru,12.293035402038761,76.64710172053178,31.29,37.6,32.9,8.0,221,616,Urban,Clay,2.8,0.0,1.2,Confined,3.3,30.97
2023-10-04,Sirsi,14.613182261016423,74.83282982651116,12.08,48.7,24.6,7.2,222,20,Agricultural,Silty,13.4,0.0,11.3,Confined,20.3,11.67
2022-07-06,Karwar,14.806403870582574,74.13105092940407,30.28,230.6,25.4,7.2,1031,258,Forest,Loam,19.5,-0.01,8.7,Confined,31.2,26.34
2023-12-19,Kollegala,12.146692941022678,77.12469260679923,16.95,0.6,21.9,6.4,989,407,Agricultural,Silty,20.2,0.0,2.8,Confined,41.4,17.67
2023-11-23,Sirsi,14.623948935714283,74.83826836811818,5.18,65.2,29.5,7.3,1179,361,Agricultural,Clay,2.2,0.0,3.7,Confined,58.4,4.82
2024-02-05,Hassan,13.01597593664043,76.09917981538965,17.22,0.3,25.9,5.5,757,149,Urban,Loam,11.3,0.0,13.4,Unconfined,8.0,17.57
2023-10-10,Karwar,14.799832216199793,74.11551003322002,22.52,66.9,28.9,6.5,1486,635,Urban,Sandy,7.1,-0.72,8.3,Confined,24.7,21.83
2024-07-25,Yadgir,16.762870392518415,77.1300092106985,39.24,142.5,27.3,7.9,1106,207,Agricultural,Silty,24.9,0.0,3.2,Unconfined,41.6,37.2
2023-05-09,Puttur,12.751676424236772,75.2222437815029,23.4,41.6,33.9,8.6,476,178,Urban,Silty,7.3,-0.15,8.6,Unconfined,24.1,23.25
2023-04-15,Sirsi,14.629678872605224,74.82625764694852,22.14,3.5,30.7,8.7,1484,665,Agricultural,Clay,22.1,0.0,2.1,Confined,36.4,22.87
2021-04-29,Hunasuru,12.29650321969933,76.28937969890428,10.61,34.0,30.4,8.7,1090,529,Agricultural,Clay,9.4,0.0,2.5,Unconfined,47.1,10.84
2022-02-09,Kundapura,13.630376177859523,74.70239119569149,17.71,11.8,26.9,8.0,168,83,Forest,Silty,11.0,0.24,5.6,Unconfined,14.9,18.0
2023-03-12,Ballari,15.160291534850003,76.9158279763213,40.0,8.4,36.4,9.6,965,570,Urban,Silty,3.6,0.0,7.5,Unconfined,5.5,40.37
2023-03-04,Kundapura,13.618946279854963,74.67629845617407,9.79,36.8,38.1,10.3,293,627,Forest,Silty,24.1,-0.55,14.1,Unconfined,22.7,9.85
2025-08-30,Sringeri,13.421860644330591,75.24978941290757,17.01,152.7,30.2,7.4,211,36,Agricultural,Loam,13.9,0.0,13.3,Confined,59.9,14.93
2025-06-07,Madikeri,12.412576617553986,75.74730647537851,32.3,119.8,26.5,6.6,406,153,Agricultural,Sandy,5.9,0.0,4.0,Confined,28.9,30.52
2025-05-03,Sanduru,15.108704232450645,76.54598885173439,20.57,49.8,41.5,10.3,568,708,Agricultural,Clay,24.0,0.0,3.6,Unconfined,48.8,20.58
2025-09-05,Anekal,12.68426331444874,77.68737406239177,26.95,192.5,24.0,6.2,371,184,Urban,Sandy,12.8,0.0,2.2,Unconfined,7.5,23.48
2022-07-11,Hassan,12.999210120593007,76.10638059726034,7.35,200.7,24.1,6.1,972,132,Urban,Silty,21.1,0.0,14.5,Confined,8.2,3.72
2022-02-18,Anekal,12.70998143847872,77.71520086770742,31.98,1.7,27.5,7.5,1449,290,Urban,Sandy,13.0,0.0,12.7,Confined,2.5,32.35
2022-11-10,Madikeri,12.413621364899413,75.72786561907117,17.42,28.9,31.9,8.2,134,166,Agricultural,Loam,12.7,0.0,4.7,Unconfined,39.3,17.65
2021-02-01,Hubballi,15.35206582323773,75.10752966919335,16.45,4.8,29.5,7.0,1249,309,Urban,Clay,2.8,0.0,1.2,Confined,3.7,16.74
2022-04-15,Karwar,14.798644572595894,74.13298222220313,29.53,40.5,32.0,7.9,1130,575,Agricultural,Sandy,21.5,-0.39,13.4,Confined,29.5,29.45
2021-01-13,Gokak,16.150516386063888,74.82536806912347,21.84,11.5,24.4,5.5,1404,799,Urban,Silty,19.5,0.0,12.1,Unconfined,7.9,21.96
2022-08-10,Davanagere,14.461122186411624,75.92305332585713,37.31,169.5,24.6,6.1,1424,456,Urban,Sandy,23.5,0.0,9.7,Confined,2.9,34.25
2022-06-05,Ballari,15.143708905775869,76.9194698262235,31.25,159.4,23.5,5.0,321,547,Urban,Silty,3.3,0.0,2.5,Unconfined,1.8,28.33
2025-08-23,Tumakuru,13.35638860611023,77.11667022152382,11.55,226.9,23.0,5.7,818,317,Urban,Clay,19.7,0.0,5.2,Unconfined,4.3,7.34
2021-11-14,Puttur,12.761017640722176,75.20494952353704,16.11,62.4,27.9,7.4,1496,598,Urban,Sandy,15.9,0.47,1.2,Unconfined,19.9,15.38
2024-02-09,Yadgir,16.774433829741113,77.15194092009561,10.96,13.2,22.5,4.8,1240,419,Agricultural,Silty,11.4,0.0,0.7,Unconfined,51.6,11.45
2023-10-11,Hassan,13.021807895267887,76.09768228630948,38.79,52.1,25.9,5.5,1023,466,Urban,Clay,19.7,0.0,4.2,Unconfined,1.8,38.04
2024-06-19,Davanagere,14.461156508633561,75.91663152454542,26.39,178.1,32.0,7.1,1410,304,Urban,Silty,17.8,0.0,8.4,Confined,7.9,23.26
2021-10-09,Athani,16.734084299844188,75.07058676208182,20.65,82.7,31.6,9.1,1166,799,Agricultural,Loam,16.0,0.0,6.1,Confined,43.5,19.89
2021-01-19,Shivamogga,13.913149531156868,75.57270001731447,34.79,12.2,20.5,5.8,737,199,Urban,Clay,5.2,0.0,14.6,Unconfined,8.3,34.92
2022-05-05,Haveri,14.795994483688663,75.39891440237032,22.24,41.4,41.4,9.1,1068,187,Agricultural,Clay,22.4,0.0,4.0,Confined,37.0,22.24
2022-01-04,Devanahalli,13.223557799343904,77.7130251155214,37.8,19.8,25.9,6.3,1095,688,Agricultural,Silty,12.6,0.0,4.7,Confined,55.8,38.28
2021-02-07,Tumakuru,13.336209534894154,77.09772220503827,11.43,7.2,20.1,4.0,1500,441,Urban,Loam,19.9,0.0,10.3,Unconfined,7.0,11.56
2025-08-06,Gokak,16.16299033288173,74.83935165711226,14.44,191.4,27.1,6.6,1402,262,Urban,Silty,16.3,0.0,9.4,Unconfined,0.8,10.95
2022-11-03,Devanahalli,13.2402257413948,77.698820593694,35.35,60.5,29.9,8.9,123,365,Agricultural,Clay,15.7,0.0,7.4,Confined,24.0,34.83
2025-05-13,Kundapura,13.636736595906035,74.69956167725404,39.69,33.2,38.0,9.0,1162,392,Forest,Silty,17.2,0.36,3.2,Confined,35.0,39.79
2023-10-15,Doddaballapura,13.28800030805524,77.54964339357522,21.11,85.7,31.2,7.7,116,753,Agricultural,Clay,24.5,0.0,13.7,Unconfined,34.3,20.12
2024-01-07,Puttur,12.767355704088752,75.20304606041229,24.31,0.7,25.1,6.3,492,314,Urban,Sandy,13.9,0.56,13.7,Confined,7.4,24.63
2023-09-20,Kundapura,13.622593633029208,74.69046777383701,14.71,85.4,29.7,8.8,321,442,Forest,Clay,13.0,-0.28,12.9,Unconfined,23.0,13.7
2020-11-07,Athani,16.741727990691516,75.05670378329424,23.65,51.2,25.6,6.6,170,126,Agricultural,Sandy,4.9,0.0,1.9,Unconfined,57.5,23.53
2021-11-01,Badami,15.932460735465218,75.69048120771757,34.92,58.9,33.4,7.0,1268,515,Agricultural,Sandy,24.9,0.0,3.7,Confined,57.2,34.66
2025-04-25,Mangaluru,12.909341711018891,74.87158705053784,37.37,20.9,33.3,6.9,798,15,Urban,Sandy,10.9,0.65,12.5,Unconfined,17.4,37.41
2024-08-20,Sagara,14.167339682755754,75.04028739952548,16.34,226.3,28.9,7.7,788,63,Agricultural,Loam,24.8,0.0,6.7,Unconfined,55.4,12.75
2025-03-10,Hubballi,15.361849193664789,75.11212447289739,25.24,6.6,38.8,10.5,143,53,Urban,Loam,4.2,0.0,1.6,Unconfined,8.2,25.71
2023-01-28,Sirsi,14.618730424480074,74.84399987233513,7.96,18.3,27.9,8.0,940,89,Agricultural,Sandy,21.5,0.0,9.4,Confined,42.2,8.42
2025-08-05,Davanagere,14.461920122178931,75.9286033843037,14.08,114.8,25.3,5.7,1003,138,Urban,Sandy,24.7,0.0,13.4,Confined,5.5,12.12
2022-06-29,Sagara,14.163549560483071,75.06203575917088,34.62,106.6,30.6,7.7,364,493,Agricultural,Sandy,23.2,0.0,3.7,Unconfined,37.4,33.25
2024-04-30,Kolar,13.125985518798025,78.13237154133759,24.76,5.8,39.8,10.1,708,637,Urban,Clay,24.5,0.0,12.2,Confined,6.7,25.22
2020-10-21,Sakleshpura,12.9831319499429,75.77685482081405,20.56,31.9,31.2,6.9,190,296,Agricultural,Silty,14.4,0.0,14.4,Unconfined,29.5,20.56
2022-05-03,Bengaluru North,13.046855896764049,77.61098372259264,14.03,26.6,28.4,7.6,785,252,Urban,Clay,24.3,0.0,8.1,Unconfined,4.4,13.92
2021-03-12,Gokak,16.151146116834237,74.8320820856125,13.09,46.1,37.0,9.7,1368,17,Urban,Clay,13.2,0.0,10.1,Unconfined,2.1,12.67
2021-01-31,Gokak,16.171431059175116,74.84465517652083,7.64,2.5,27.7,5.8,671,586,Urban,Silty,2.4,0.0,13.0,Confined,6.5,7.95
2024-11-21,Mangaluru,12.95739770883574,74.85696933061138,11.62,97.6,31.8,7.5,1174,159,Urban,Silty,3.2,0.55,4.9,Confined,5.9,10.05
2021-01-23,Anekal,12.703831977544652,77.6807939323885,8.12,13.1,26.5,7.9,887,254,Urban,Clay,9.9,0.0,6.7,Unconfined,4.6,8.3
2024-11-28,Athani,16.72635364568641,75.05910416016869,13.25,72.6,32.4,9.4,234,183,Agricultural,Sandy,16.4,0.0,7.6,Unconfined,30.3,12.57
2024-12-17,Shivamogga,13.917451383736669,75.56092402406827,6.74,15.7,22.2,5.0,1384,737,Urban,Clay,1.3,0.0,3.6,Unconfined,0.0,6.68
2022-11-12,Athani,16.745431161768924,75.06974203478957,8.57,51.3,32.2,8.5,930,782,Agricultural,Sandy,2.9,0.0,8.3,Unconfined,32.2,8.29
2021-08-05,Hubballi,15.36440086162567,75.12731979722577,18.85,246.2,28.9,5.9,362,414,Urban,Silty,23.0,0.0,9.8,Unconfined,8.1,14.3
2023-10-06,Hunasuru,12.300144613432098,76.28264937092068,18.44,61.5,24.1,4.9,1012,132,Agricultural,Silty,11.9,0.0,0.5,Unconfined,44.5,17.9
2024-08-31,Bengaluru North,13.030851858395707,77.60783530280862,5.79,69.1,32.0,8.6,401,25,Urban,Silty,11.8,0.0,5.1,Confined,5.3,4.89
2025-08-26,Anekal,12.698065608094584,77.69153200229307,8.67,59.8,23.1,6.8,973,733,Urban,Silty,8.9,0.0,14.4,Unconfined,0.9,7.82
2022-07-01,Yadgir,16.779730908948324,77.13056932017422,33.65,233.7,26.1,7.7,406,580,Agricultural,Clay,3.3,0.0,13.7,Confined,47.8,29.84
2021-05-09,Mandya,12.50226755084292,76.89074261955496,5.59,43.0,40.6,11.9,1439,600,Agricultural,Sandy,1.5,0.0,14.6,Confined,35.9,5.68
2025-09-15,Gokak,16.16005910122859,74.82333773903596,9.56,237.8,25.7,7.5,168,423,Urban,Loam,4.7,0.0,14.8,Unconfined,0.2,5.18
2022-01-09,Yadgir,16.774178812108744,77.15681043812403,11.35,12.8,22.6,6.8,714,606,Agricultural,Silty,10.1,0.0,4.6,Unconfined,28.9,11.72
2022-03-03,Hubballi,15.370766972286132,75.12865750121873,25.88,32.4,39.5,10.9,434,504,Urban,Silty,16.8,0.0,11.9,Unconfined,3.0,25.81
2023-04-18,Hassan,13.025701275622023,76.10520068414141,10.87,31.4,33.0,9.3,1124,697,Urban,Loam,1.2,0.0,11.5,Confined,7.6,10.78
2022-04-08,Mysuru,12.290797195685148,76.6413032510938,25.77,41.0,31.4,7.0,1393,769,Urban,Silty,18.5,0.0,9.9,Confined,4.0,25.34
2025-08-17,Kollegala,12.140223330951901,77.11078268113054,27.43,229.8,25.8,6.2,558,599,Agricultural,Silty,5.6,0.0,14.7,Unconfined,26.0,23.4
2025-08-08,Tumakuru,13.334051475897581,77.0960280438612,7.92,100.8,24.9,7.3,185,119,Urban,Sandy,3.2,0.0,2.7,Confined,1.8,6.29
2021-09-08,Athani,16.734742051944675,75.06360949608384,24.27,122.7,25.1,6.7,879,369,Agricultural,Clay,24.2,0.0,4.8,Unconfined,45.7,22.61
2025-09-16,Karwar,14.822372254132318,74.12968928521826,30.55,123.3,27.0,7.7,157,91,Urban,Loam,5.9,-0.27,1.9,Unconfined,29.5,28.79
2025-08-02,Karwar,14.813815883764986,74.13945930784143,18.64,108.9,23.6,6.5,288,302,Urban,Sandy,9.6,-0.36,8.5,Confined,32.6,17.15
2024-06-06,Hunasuru,12.32106176526469,76.2945591092724,29.03,84.7,30.9,7.1,656,116,Agricultural,Loam,17.8,0.0,12.6,Confined,22.8,27.92
2021-04-28,Hassan,13.007047708677307,76.11632137859559,17.56,33.3,36.0,9.3,1305,592,Urban,Silty,3.9,0.0,5.8,Unconfined,6.4,17.42
2023-04-16,Chitradurga,14.243926885745118,76.39689856370013,8.63,46.9,39.5,11.1,427,173,Urban,Loam,5.2,0.0,5.4,Confined,8.1,8.33
2023-04-09,Sakleshpura,12.962183856148892,75.77891931536861,32.56,22.7,35.5,10.2,896,78,Agricultural,Clay,11.9,0.0,6.9,Confined,49.1,33.11
2024-05-12,Bagalkote,16.18374667248572,75.69586647253921,14.78,24.5,36.0,8.4,845,157,Urban,Clay,11.9,0.0,11.8,Confined,4.7,14.76
2023-12-16,Kolar,13.150470767835591,78.13168749662265,30.97,5.0,23.3,6.4,157,778,Urban,Loam,23.5,0.0,6.1,Confined,4.2,31.23
2022-10-26,Mysuru,12.313025578582723,76.64937421215028,18.11,69.9,29.9,7.0,822,602,Urban,Loam,7.9,0.0,1.7,Unconfined,1.5,17.08
2021-03-14,Yadgir,16.755099425507805,77.15399922810266,16.89,23.7,37.5,10.7,1392,373,Agricultural,Sandy,10.5,0.0,5.0,Unconfined,34.3,17.29
2022-10-24,Sringeri,13.433901088894862,75.25491829373728,37.48,53.7,29.0,6.3,471,707,Agricultural,Silty,15.4,0.0,7.3,Unconfined,54.7,37.27
2021-09-03,Chikkamagaluru,13.328093321229414,75.76825641913399,9.92,245.9,24.3,5.2,803,616,Agricultural,Loam,22.1,0.0,14.7,Unconfined,29.2,5.55
2023-08-21,Doddaballapura,13.291578102443255,77.55978364559633,13.4,56.5,25.7,6.7,162,482,Agricultural,Silty,8.0,0.0,11.0,Unconfined,26.5,12.87
2024-09-20,Tumakuru,13.326277322006142,77.09936528469161,29.81,171.2,27.9,6.3,692,355,Urban,Silty,13.3,0.0,12.6,Confined,8.1,26.78
2024-12-02,Sakleshpura,12.955275498750044,75.78393352753976,15.07,10.8,25.8,7.3,1172,565,Agricultural,Silty,24.6,0.0,6.1,Unconfined,42.6,15.65
2021-11-02,Hassan,13.004972555355971,76.08270774433572,35.57,32.0,30.5,7.3,1460,565,Urban,Silty,15.5,0.0,0.8,Confined,9.7,35.39
2025-04-18,Mandya,12.506176663077213,76.89105125121316,9.17,36.4,36.8,8.1,500,540,Agricultural,Silty,22.8,0.0,10.1,Confined,50.0,9.35
2025-05-29,Chikkamagaluru,13.31871952646251,75.77770580382669,39.04,4.6,33.7,8.6,1495,692,Agricultural,Sandy,1.8,0.0,3.0,Unconfined,21.1,39.59
2024-09-26,Hubballi,15.356225649968783,75.11614052764276,20.5,216.4,28.5,6.3,916,726,Urban,Silty,16.4,0.0,7.0,Unconfined,1.1,16.5
2022-10-11,Kollegala,12.143132953292387,77.11143348195529,32.4,28.4,27.2,7.4,909,82,Agricultural,Silty,1.6,0.0,13.6,Unconfined,28.1,32.48
2022-12-29,Kundapura,13.614896490655083,74.66697943266104,30.12,12.2,27.9,6.5,1383,493,Agricultural,Silty,23.7,-0.43,9.2,Unconfined,35.9,30.6
2023-05-29,Sanduru,15.124088428287001,76.54549080274919,17.99,5.2,31.7,8.5,833,310,Agricultural,Clay,18.5,0.0,1.8,Confined,58.7,18.9
2023-10-29,Ballari,15.136979111599626,76.93659792708225,18.46,20.5,26.9,5.8,783,512,Urban,Loam,20.2,0.0,4.0,Confined,4.3,18.38
2024-03-28,Sakleshpura,12.97032376608864,75.7812574861037,28.25,1.9,33.8,6.8,109,225,Agricultural,Sandy,24.5,0.0,7.7,Confined,23.7,28.79
2024-10-19,Yadgir,16.772550809713124,77.153079430984,30.26,46.9,25.5,5.1,817,376,Agricultural,Loam,18.0,0.0,13.7,Unconfined,49.3,30.07
2023-07-28,Mandya,12.534708898566672,76.89960599671973,31.48,79.8,30.9,7.7,104,27,Agricultural,Sandy,14.7,0.0,9.0,Confined,58.7,30.86
2023-07-21,Sakleshpura,12.980616472807434,75.76647668866124,6.03,97.3,28.3,6.8,757,246,Agricultural,Clay,6.1,0.0,4.7,Unconfined,24.4,4.67
2021-09-23,Yadgir,16.76655346317733,77.14009866414995,24.18,136.0,26.0,6.3,771,25,Agricultural,Clay,17.4,0.0,4.1,Unconfined,45.8,22.23
2022-06-10,Hubballi,15.370686109554583,75.12307449408739,32.7,125.0,28.1,6.3,658,154,Urban,Sandy,3.7,0.0,0.8,Confined,9.4,30.61
2022-12-25,Sringeri,13.43224039163048,75.25244676595253,30.51,1.1,20.7,4.2,594,790,Agricultural,Loam,18.3,0.0,1.6,Confined,24.5,30.94
2022-08-15,Udupi,13.313928009443647,74.76576280013069,18.64,158.0,28.7,7.4,272,787,Forest,Loam,9.1,-0.17,5.5,Unconfined,35.3,16.22
2025-03-05,Chitradurga,14.212325270383904,76.3971182880791,10.95,34.8,34.8,7.1,1113,145,Urban,Loam,23.3,0.0,9.8,Confined,9.4,10.7
2021-08-15,Athani,16.732034710583847,75.05128996600948,19.09,98.6,26.4,6.7,762,36,Agricultural,Silty,24.3,0.0,2.6,Unconfined,46.2,17.91
2021-12-25,Sringeri,13.408684727302006,75.25732421586773,5.0,9.1,25.5,6.3,860,166,Agricultural,Silty,24.3,0.0,0.9,Unconfined,55.4,5.69
2021-04-03,Bagalkote,16.167540618746234,75.70746078918452,10.15,44.4,36.0,7.6,1302,86,Urban,Silty,14.8,0.0,10.9,Confined,0.7,9.65
2021-12-22,Kolar,13.136277855014653,78.12822744358003,13.29,0.0,22.2,4.6,197,622,Urban,Clay,22.0,0.0,11.7,Unconfined,8.0,13.6
2024-07-20,Sagara,14.171261697623356,75.034356833463,7.56,89.2,26.5,6.4,564,229,Agricultural,Silty,7.6,0.0,12.7,Confined,25.5,6.35
2021-06-27,Gokak,16.14911990006951,74.84410900106631,10.25,67.1,26.3,6.8,685,39,Urban,Silty,1.4,0.0,3.5,Unconfined,7.7,9.32
2025-04-26,Mysuru,12.29736993630733,76.63733917004613,11.96,45.6,35.6,9.1,296,557,Urban,Clay,2.4,0.0,12.2,Confined,8.4,11.59
2023-05-11,Tumakuru,13.350973779819709,77.09195516761481,36.02,42.2,34.7,9.9,550,198,Urban,Clay,15.0,0.0,3.2,Unconfined,7.8,35.75
2023-04-29,Bengaluru North,13.026588146933788,77.59239584500426,12.36,21.3,30.2,7.2,734,533,Urban,Clay,3.6,0.0,11.2,Confined,1.8,12.31
2022-06-14,Kundapura,13.624872564969696,74.6942674883529,13.2,138.6,26.8,5.7,1181,298,Agricultural,Loam,22.6,0.99,2.6,Confined,33.4,10.95
2025-02-19,Doddaballapura,13.290636490299324,77.56009034021274,16.86,14.3,22.4,5.7,903,588,Agricultural,Silty,5.8,0.0,1.8,Confined,40.4,17.26
2022-09-04,Chikkamagaluru,13.30860814464645,75.77123934985396,23.02,158.7,26.7,5.7,197,165,Agricultural,Silty,11.8,0.0,4.5,Confined,29.6,20.43
2022-03-31,Mysuru,12.29132735240909,76.6340366835501,31.87,21.8,32.1,6.7,340,251,Urban,Loam,8.5,0.0,13.8,Unconfined,4.9,31.82
2022-05-30,Shivamogga,13.933546885268186,75.54470491476125,31.38,23.0,37.5,10.3,1310,672,Urban,Sandy,16.2,0.0,14.2,Confined,8.5,31.52
2021-09-09,Doddaballapura,13.277001709445463,77.54703597358262,9.01,52.2,30.4,7.3,427,317,Agricultural,Clay,2.4,0.0,6.8,Unconfined,52.5,8.86
2022-11-11,Hubballi,15.362142273051992,75.14233349731045,31.39,66.3,24.6,6.2,464,393,Urban,Sandy,12.6,0.0,4.0,Unconfined,0.9,30.38
2021-01-11,Bengaluru North,13.03408706074148,77.5955029967236,11.36,3.0,26.4,7.2,1028,444,Urban,Sandy,5.4,0.0,6.8,Confined,5.3,11.71
2023-11-15,Hubballi,15.361468369194684,75.11910130153097,21.44,71.5,24.8,5.2,890,349,Urban,Sandy,6.5,0.0,14.9,Unconfined,4.3,20.31
2022-03-04,Udupi,13.349430698011393,74.73613706256833,38.74,20.6,31.6,8.5,424,600,Forest,Sandy,15.3,-0.7,9.7,Unconfined,31.0,39.13
2022-03-04,Yadgir,16.770361614584758,77.14710364194626,26.02,5.2,38.2,9.9,1234,704,Agricultural,Silty,24.7,0.0,10.1,Confined,25.9,26.67
2025-07-24,Tumakuru,13.342668809707629,77.10328968705831,25.12,120.2,25.5,5.8,130,451,Urban,Loam,23.4,0.0,8.0,Confined,6.1,23.07
2025-05-21,Sirsi,14.624157795892186,74.83623202431293,35.81,39.0,30.7,8.7,1030,307,Agricultural,Loam,23.1,0.0,0.4,Confined,50.9,35.97
2021-12-22,Gokak,16.153283413180393,74.84997407317948,10.91,17.9,27.5,6.4,1207,289,Urban,Silty,7.2,0.0,0.7,Confined,8.1,10.95
2022-02-26,Doddaballapura,13.290469112941542,77.53332485550428,17.88,13.2,22.3,5.7,960,315,Agricultural,Silty,10.1,0.0,10.7,Confined,51.3,18.41
2025-07-25,Hassan,13.02437685930197,76.09125234183742,24.6,110.7,27.1,6.6,980,209,Urban,Loam,22.5,0.0,11.6,Confined,9.9,22.82
2022-02-27,Anekal,12.702202905490404,77.6892878887481,27.42,4.9,24.6,5.1,877,725,Urban,Clay,18.3,0.0,3.3,Confined,2.6,27.6
2021-02-02,Mysuru,12.296923854406074,76.64609324004427,15.43,12.8,26.5,5.8,396,275,Urban,Silty,10.9,0.0,14.5,Confined,3.2,15.5
2021-09-11,Badami,15.905713010906727,75.6806109036951,24.0,151.9,30.9,9.2,504,536,Agricultural,Sandy,17.3,0.0,9.2,Confined,54.6,21.97
2021-07-11,Sanduru,15.08179602446225,76.54814721224903,13.39,191.8,23.4,6.6,778,500,Agricultural,Clay,13.5,0.0,4.9,Unconfined,27.5,10.16
2021-11-06,Mysuru,12.299661643825198,76.62755612545097,29.44,78.6,33.1,7.5,752,470,Urban,Loam,19.1,0.0,7.4,Confined,7.0,28.31
2023-12-12,Mysuru,12.301470072068255,76.63466721936237,24.86,17.5,26.2,6.0,1107,684,Urban,Clay,8.5,0.0,1.1,Confined,3.0,24.84
2024-06-26,Kollegala,12.137535404406258,77.11874656819712,7.67,111.8,28.3,6.5,984,247,Agricultural,Loam,20.5,0.0,0.3,Confined,31.1,6.07
2020-10-16,Sringeri,13.427858193448131,75.22732205442044,27.42,42.6,29.5,8.8,601,675,Agricultural,Clay,5.5,0.0,14.1,Unconfined,38.4,27.39
2024-01-23,Sringeri,13.421467923096312,75.23713678889244,25.31,16.1,23.1,6.3,600,553,Agricultural,Silty,22.6,0.0,13.9,Unconfined,56.7,25.87
2025-05-16,Kollegala,12.141763346536301,77.10251117407319,29.88,43.4,41.4,11.2,1163,39,Agricultural,Sandy,3.2,0.0,6.4,Confined,54.2,30.11
2025-03-16,Sirsi,14.60241015058459,74.83831281965534,21.74,41.8,28.8,6.6,664,607,Agricultural,Clay,6.9,0.0,12.8,Confined,24.7,21.48
2025-06-20,Davanagere,14.447308980435295,75.91230410102621,32.35,197.8,31.4,8.9,398,173,Urban,Clay,5.1,0.0,11.2,Unconfined,6.0,28.9
2024-04-28,Chikkamagaluru,13.300694878995177,75.78713466309499,9.4,7.9,40.0,8.9,358,396,Agricultural,Clay,22.5,0.0,14.1,Unconfined,36.3,10.05
2023-08-15,Devanahalli,13.225763088787716,77.69883022299679,36.61,241.2,31.1,6.4,1379,562,Agricultural,Loam,16.9,0.0,3.9,Unconfined,46.1,32.57
2024-01-17,Udupi,13.31736025585535,74.76487414438198,13.1,19.9,26.8,6.1,166,302,Agricultural,Silty,11.8,0.87,1.0,Unconfined,39.4,13.31
2020-10-09,Chikkamagaluru,13.335544854910664,75.79861573451419,38.37,64.5,28.2,7.2,1439,697,Agricultural,Loam,1.4,0.0,10.7,Unconfined,54.3,37.98
2023-01-09,Sringeri,13.402415279463776,75.27742479949117,20.04,19.4,20.4,5.6,694,386,Agricultural,Sandy,5.0,0.0,14.3,Confined,28.6,20.22
2023-07-12,Raichur,16.19767268462808,77.36217407351812,31.22,204.6,24.2,6.9,1197,332,Urban,Silty,16.0,0.0,9.9,Unconfined,5.2,27.52
2021-08-14,Tumakuru,13.353669510168336,77.0830640047761,31.95,127.9,25.6,5.9,1270,375,Urban,Loam,24.6,0.0,14.0,Unconfined,9.9,29.79
2025-06-23,Badami,15.935291726163465,75.6653371449409,17.39,122.5,26.4,6.8,618,148,Agricultural,Clay,23.8,0.0,14.9,Confined,32.0,15.6
2023-11-18,Sakleshpura,12.98710019125313,75.78329203778267,27.73,74.4,33.0,7.7,633,685,Agricultural,Sandy,12.2,0.0,11.0,Unconfined,43.9,27.07
2022-01-23,Udupi,13.342452760573932,74.7605503793658,21.22,18.9,20.4,4.1,797,512,Urban,Silty,18.8,-0.18,11.3,Confined,34.4,21.41
2023-03-13,Mangaluru,12.903240428440393,74.84568047846646,9.56,44.5,31.5,8.7,1474,744,Forest,Clay,16.7,0.5,4.3,Confined,29.5,9.35
2023-09-06,Raichur,16.19516570161754,77.35095313614052,35.13,121.9,25.6,5.5,775,634,Urban,Clay,11.7,0.0,2.1,Confined,1.9,32.99
2021-12-17,Hubballi,15.36936339223762,75.11629181650115,5.35,9.3,26.0,6.0,941,295,Urban,Loam,2.8,0.0,12.7,Unconfined,5.5,5.52
2023-10-07,Yadgir,16.7503486619571,77.13234344162095,14.43,40.5,27.5,6.7,319,18,Agricultural,Loam,4.9,0.0,1.5,Unconfined,45.4,14.41
2021-08-08,Hassan,13.022704711863929,76.114873934545,36.3,172.9,29.3,7.6,1128,275,Urban,Silty,16.2,0.0,6.6,Confined,4.0,33.26
2021-02-11,Sakleshpura,12.965761812073959,75.78434915788294,15.8,9.7,20.2,4.8,1025,340,Agricultural,Sandy,13.8,0.0,3.0,Confined,45.0,16.3
2023-03-16,Anekal,12.70052323364373,77.71207756228979,17.37,12.6,34.0,8.4,699,511,Urban,Clay,2.7,0.0,4.3,Confined,3.1,17.57
2021-06-09,Anekal,12.708053550479853,77.70888338743912,6.76,215.4,29.7,6.6,547,447,Urban,Loam,6.0,0.0,4.1,Confined,2.6,2.81
2022-11-05,Karwar,14.803393649118494,74.13077169774505,22.86,76.6,31.0,7.1,1488,708,Forest,Sandy,7.8,-0.03,14.5,Unconfined,6.7,21.75
2024-11-06,Gokak,16.175277349434477,74.82901068365324,19.14,29.1,29.3,6.2,1245,133,Urban,Clay,24.9,0.0,14.2,Confined,6.6,18.93
2023-05-01,Athani,16.72807572047021,75.05945886661144,29.08,43.7,40.4,11.4,724,498,Agricultural,Clay,20.7,0.0,6.2,Unconfined,29.7,29.07
2024-03-30,Mysuru,12.291819602541375,76.63695843264985,12.69,18.3,35.8,8.5,1384,792,Urban,Loam,14.4,0.0,9.4,Confined,2.1,12.77
2021-06-29,Mysuru,12.29410447807372,76.62920870218612,13.52,90.5,26.3,7.8,566,510,Urban,Sandy,5.7,0.0,11.6,Confined,4.6,12.15
2025-05-16,Mysuru,12.306431898941646,76.63995138550077,19.73,22.1,41.7,11.3,1017,188,Urban,Silty,16.5,0.0,14.5,Unconfined,8.0,19.93
2025-02-14,Sanduru,15.091445562083267,76.55047227936448,13.57,0.1,30.0,8.5,1282,452,Agricultural,Clay,19.4,0.0,7.4,Unconfined,37.1,14.36
2022-01-20,Ballari,15.143477914503087,76.90407195550074,17.97,4.5,23.7,5.8,190,659,Urban,Clay,17.6,0.0,11.8,Unconfined,9.4,18.26
2022-09-21,Mandya,12.53876215760415,76.897360306926,19.25,68.1,24.9,7.4,1380,431,Agricultural,Silty,4.3,0.0,5.0,Unconfined,40.2,18.66
2020-11-20,Haveri,14.793608887850468,75.40057720208951,25.47,95.4,28.8,6.3,442,152,Agricultural,Sandy,17.4,0.0,1.9,Unconfined,25.2,24.13
2024-09-18,Chikkamagaluru,13.30442053082183,75.7879261672421,29.37,80.5,25.8,5.8,351,254,Agricultural,Sandy,23.4,0.0,4.3,Unconfined,57.6,28.63
2025-03-02,Gokak,16.176114121075233,74.80513374970941,19.02,21.2,32.3,9.0,229,706,Urban,Loam,13.9,0.0,4.0,Unconfined,5.5,19.1
2023-12-14,Shivamogga,13.927730010645075,75.57876871947582,7.04,9.0,28.9,7.0,685,713,Urban,Silty,11.0,0.0,11.5,Unconfined,7.2,7.28
2023-02-04,Badami,15.926664429402681,75.69420119666388,21.14,1.5,26.8,6.9,1483,239,Agricultural,Sandy,15.2,0.0,8.3,Unconfined,51.1,21.97
2024-10-22,Kolar,13.142799155670211,78.15182631452622,31.35,77.0,29.2,8.1,1252,659,Urban,Clay,24.0,0.0,11.4,Confined,9.4,30.31
2023-03-01,Kundapura,13.636191720417557,74.69571249844746,29.05,32.9,32.7,8.8,1353,763,Urban,Silty,6.4,0.16,14.8,Unconfined,34.9,29.17
2025-03-02,Devanahalli,13.232674761682349,77.71467631889035,30.9,10.8,33.5,9.2,541,168,Agricultural,Sandy,16.8,0.0,5.1,Confined,24.0,31.38
2022-11-28,Tumakuru,13.332787837707016,77.1060186284412,6.22,55.9,25.9,6.1,490,783,Urban,Sandy,10.1,0.0,14.9,Unconfined,8.6,5.49
2023-09-18,Karwar,14.82428760578318,74.13390759584912,19.61,140.5,31.0,9.2,158,728,Agricultural,Loam,22.0,0.86,13.7,Confined,14.8,17.32
2022-07-10,Kollegala,12.143591750650605,77.08997784488042,28.64,165.7,25.0,7.0,329,748,Agricultural,Sandy,19.0,0.0,2.1,Unconfined,49.6,26.17
2023-03-29,Anekal,12.701382331535205,77.7334923475383,26.29,38.3,35.3,7.1,343,125,Urban,Clay,13.9,0.0,14.6,Unconfined,4.7,25.93
2023-09-07,Devanahalli,13.229205664795632,77.68592088975419,14.87,223.8,23.9,6.5,1429,642,Agricultural,Silty,13.1,0.0,14.4,Unconfined,35.4,11.07
2025-01-05,Madikeri,12.432493192416297,75.74300748696521,34.51,6.7,22.6,5.6,157,95,Agricultural,Clay,23.2,0.0,1.3,Unconfined,42.7,35.08
2022-03-10,Hassan,12.999036784295953,76.11201076798656,10.27,37.3,36.0,8.3,1370,430,Urban,Sandy,23.5,0.0,6.3,Confined,0.4,9.94
2023-08-25,Badami,15.91764357309697,75.6870706142816,37.86,62.5,30.3,7.5,387,303,Agricultural,Sandy,1.6,0.0,7.2,Confined,59.8,37.58
2023-10-06,Kolar,13.156165558051558,78.13117150934181,8.51,99.1,25.4,7.5,230,26,Urban,Sandy,10.3,0.0,11.9,Confined,9.8,7.0
2022-11-27,Tumakuru,13.34155647545313,77.10161346384014,29.94,92.1,28.7,8.3,184,664,Urban,Clay,8.5,0.0,14.1,Confined,1.5,28.53
2023-11-22,Ballari,15.131712053030608,76.92308975974657,37.68,58.4,28.3,7.5,731,664,Urban,Clay,8.7,0.0,15.0,Confined,3.1,36.92
2024-10-03,Kundapura,13.627706371988157,74.69438591835437,14.29,34.4,31.0,8.1,1443,683,Agricultural,Silty,3.0,0.25,9.7,Confined,35.5,14.34
2024-05-16,Shivamogga,13.917150187558537,75.57290850855264,6.74,24.7,32.5,7.2,376,718,Urban,Clay,14.0,0.0,8.3,Unconfined,8.8,6.69
2022-07-29,Sagara,14.163170855442623,75.03931368523621,37.91,221.5,25.8,6.8,679,674,Agricultural,Clay,22.6,0.0,1.5,Confined,39.4,34.21
2025-05-21,Puttur,12.782541499943093,75.2062914954234,38.34,37.4,36.0,7.5,466,363,Urban,Loam,17.6,-0.71,12.7,Confined,18.9,38.23
2021-05-09,Shivamogga,13.917024610571177,75.56399758431216,37.1,21.4,32.7,6.9,593,656,Urban,Silty,2.0,0.0,10.3,Unconfined,3.8,37.05
2025-04-04,Shivamogga,13.906482304928057,75.56123442335092,15.13,44.9,34.9,9.9,779,377,Urban,Silty,17.3,0.0,11.8,Confined,0.7,14.73
2023-08-24,Gokak,16.166119158822553,74.83230949808966,30.32,56.7,29.1,6.0,191,501,Urban,Loam,19.9,0.0,9.2,Unconfined,9.3,29.58
2022-06-30,Yadgir,16.774939701463108,77.15113267180169,38.61,152.1,26.9,7.7,882,745,Agricultural,Silty,22.1,0.0,7.6,Unconfined,49.3,36.45
2022-08-06,Mysuru,12.294211634761819,76.62865963754243,17.69,78.7,24.2,5.5,352,744,Urban,Silty,22.0,0.0,12.1,Unconfined,0.5,16.4
2021-04-23,Ballari,15.131410494629035,76.92814292052824,37.34,41.4,30.6,8.9,589,413,Urban,Sandy,8.4,0.0,6.8,Unconfined,8.0,37.04
2023-02-15,Hubballi,15.357706491454,75.12994014126218,27.37,19.8,24.1,5.4,112,727,Urban,Loam,23.1,0.0,10.4,Unconfined,3.8,27.28
2022-06-04,Devanahalli,13.226748613041272,77.71208630898609,7.74,107.9,25.2,5.1,423,303,Agricultural,Clay,12.9,0.0,14.5,Unconfined,21.3,6.05
2022-11-29,Haveri,14.80161871260844,75.40331715140377,36.24,48.4,24.0,6.2,334,788,Agricultural,Silty,3.1,0.0,4.4,Unconfined,33.6,35.92
2022-04-14,Mangaluru,12.920400989492485,74.84752731209026,11.99,9.2,33.9,8.7,1359,748,Agricultural,Loam,10.7,-0.67,14.2,Unconfined,14.1,12.45
2024-06-09,Mangaluru,12.91877096276762,74.86999040117732,17.32,167.0,23.6,4.8,1307,113,Agricultural,Loam,11.8,-0.46,5.7,Confined,23.8,14.5
2022-08-09,Anekal,12.695846854649025,77.69252127230111,34.43,227.4,29.0,8.1,122,398,Urban,Silty,1.3,0.0,11.6,Unconfined,8.6,30.37
2021-12-23,Mysuru,12.306510842362835,76.6177091135316,5.6,18.1,24.4,5.9,650,665,Urban,Silty,7.3,0.0,14.0,Confined,4.0,5.57
2024-09-16,Tumakuru,13.336933318834497,77.10693060388687,15.06,214.2,29.4,6.8,642,659,Urban,Silty,11.0,0.0,2.5,Confined,7.5,11.19
2023-04-12,Doddaballapura,13.277435660408395,77.55301830357119,23.88,0.1,34.3,10.2,1451,512,Agricultural,Clay,5.2,0.0,4.0,Confined,56.8,24.96
2024-06-03,Udupi,13.339789858069064,74.76779623652797,28.73,244.4,22.5,4.6,311,560,Urban,Silty,22.6,0.09,5.3,Unconfined,10.1,24.16
2024-09-14,Hubballi,15.37867431167498,75.11260698282875,33.46,94.3,28.1,7.3,417,114,Urban,Sandy,22.4,0.0,6.4,Unconfined,5.8,32.0
2023-12-21,Raichur,16.207185366091295,77.35639925500723,36.04,7.6,21.9,5.7,579,210,Urban,Loam,24.6,0.0,11.1,Confined,2.4,36.2
2024-04-14,Mysuru,12.277595165460314,76.63436389261037,23.3,45.3,30.8,9.0,1155,81,Urban,Loam,8.6,0.0,6.1,Unconfined,4.4,22.89
2022-12-28,Hunasuru,12.280735411691776,76.30351059787672,24.83,15.7,22.6,6.6,1081,466,Agricultural,Silty,14.4,0.0,7.0,Unconfined,32.8,25.17
2022-04-06,Gokak,16.175128301373523,74.83922155928654,39.2,1.5,33.2,9.4,1414,133,Urban,Silty,9.8,0.0,1.5,Confined,8.9,39.73
2022-11-27,Chikkamagaluru,13.297982389160616,75.78717064704712,32.11,99.7,33.0,7.6,1492,269,Agricultural,Sandy,3.8,0.0,0.6,Confined,29.6,30.79
2025-09-07,Chitradurga,14.23935551196333,76.4007639360949,20.24,224.3,23.1,6.6,424,471,Urban,Sandy,16.0,0.0,2.9,Confined,2.7,16.11
2022-01-12,Karwar,14.805196520383685,74.13337584082973,31.18,15.9,30.0,7.3,754,497,Urban,Silty,23.0,0.13,4.3,Unconfined,13.4,31.35
2023-12-30,Sagara,14.182174248357494,75.02906428624948,12.87,10.4,29.3,7.7,239,179,Agricultural,Clay,23.5,0.0,4.3,Confined,37.6,13.42
2021-06-14,Sagara,14.176025516099521,75.03034847129813,12.8,236.1,25.4,5.9,939,261,Agricultural,Clay,1.4,0.0,11.1,Confined,21.7,8.59
2024-01-14,Anekal,12.683235426174148,77.7154494536532,11.94,9.6,29.8,8.6,189,727,Urban,Clay,8.2,0.0,14.4,Confined,1.6,12.19
2022-11-29,Yadgir,16.74346369226076,77.12867403867996,20.07,65.1,33.2,8.5,560,251,Agricultural,Loam,24.8,0.0,12.0,Confined,55.5,19.75
2022-07-04,Raichur,16.194207138949505,77.34603812345513,31.89,189.0,30.5,6.6,1411,318,Urban,Sandy,9.2,0.0,2.9,Unconfined,4.0,28.48
2023-10-20,Sagara,14.156483959652947,75.02046931989088,7.7,95.5,27.8,7.9,1277,649,Agricultural,Loam,1.7,0.0,6.7,Unconfined,56.6,6.75
2022-11-20,Ballari,15.11916841402089,76.93118326281265,10.97,78.6,31.3,8.8,886,223,Urban,Sandy,6.7,0.0,7.5,Confined,3.3,9.87
2025-01-26,Hunasuru,12.30408779574913,76.29890433154169,6.96,12.4,25.7,6.4,251,662,Agricultural,Silty,10.0,0.0,8.8,Unconfined,49.0,7.52
2021-08-02,Sanduru,15.076398275029105,76.55060002649408,22.17,174.7,26.5,6.0,922,127,Agricultural,Clay,14.5,0.0,7.0,Unconfined,41.3,19.39
2023-08-07,Doddaballapura,13.269552726195425,77.54072415589614,38.15,63.2,28.6,5.8,595,538,Agricultural,Loam,1.4,0.0,5.9,Confined,52.9,37.7
2023-03-23,Udupi,13.329236226288268,74.73270859734099,34.83,27.9,40.6,11.5,1202,599,Urban,Silty,21.6,0.82,5.3,Unconfined,17.2,34.94
2024-08-21,Mandya,12.530629749122113,76.88713221922139,6.41,241.3,24.2,6.6,304,337,Agricultural,Silty,8.1,0.0,13.1,Unconfined,31.0,2.22
2020-12-14,Bengaluru North,13.045921338383687,77.60680095856691,7.68,13.1,29.1,6.7,226,101,Urban,Sandy,9.8,0.0,4.9,Confined,2.9,7.78
2024-01-27,Hubballi,15.380115741453158,75.11454888012273,34.97,12.8,23.3,4.9,1097,57,Urban,Loam,5.3,0.0,3.7,Unconfined,1.9,34.98
2025-08-29,Kundapura,13.633896549056198,74.69778518112751,20.44,94.7,22.0,4.9,394,797,Forest,Loam,14.3,0.42,9.1,Unconfined,39.2,19.14
2021-12-09,Haveri,14.793507399037493,75.40114746427622,18.51,9.2,20.6,4.6,818,117,Agricultural,Sandy,7.4,0.0,5.5,Unconfined,37.3,18.93
2023-04-25,Madikeri,12.423010536747634,75.73593871438919,33.34,27.9,32.3,7.2,801,460,Agricultural,Loam,3.0,0.0,11.6,Confined,34.3,33.48
2023-04-26,Sirsi,14.620364720430269,74.8334142248587,36.72,1.3,41.4,10.5,347,765,Agricultural,Clay,15.0,0.0,2.7,Confined,38.1,37.6
2023-02-16,Ballari,15.147037227364704,76.91748508931416,38.57,8.5,29.3,7.4,764,418,Urban,Silty,10.1,0.0,12.7,Confined,9.3,38.86
2023-12-22,Bagalkote,16.193681276472525,75.68428371338058,20.99,6.3,23.2,5.7,717,600,Urban,Sandy,24.3,0.0,7.0,Unconfined,6.3,21.21
2024-03-06,Davanagere,14.48168348450406,75.90337010855227,15.49,20.2,31.8,8.1,253,258,Urban,Sandy,7.0,0.0,10.3,Unconfined,1.9,15.51
2022-08-06,Ballari,15.136089611118452,76.91908190509841,36.68,129.0,30.7,8.8,299,571,Urban,Sandy,14.3,0.0,13.0,Confined,4.7,34.59
2024-05-17,Doddaballapura,13.283945574813627,77.55638185736898,9.42,1.0,37.8,8.1,770,401,Agricultural,Sandy,1.6,0.0,10.0,Confined,35.0,10.15
2022-09-30,Badami,15.920077960711794,75.67176215908465,39.78,215.5,25.2,7.0,1224,168,Agricultural,Clay,15.9,0.0,1.3,Unconfined,51.7,36.34
2023-05-16,Raichur,16.21122298913773,77.35406737390157,25.52,22.7,33.0,8.7,531,730,Urban,Clay,17.6,0.0,11.8,Confined,0.4,25.5
2024-02-18,Kundapura,13.635068154838148,74.66303480890139,20.63,11.4,24.6,5.0,258,678,Agricultural,Loam,13.1,0.65,5.3,Unconfined,15.4,20.74
2025-03-15,Puttur,12.749221852194385,75.21083415428049,20.28,9.8,33.7,8.2,573,555,Agricultural,Clay,19.3,-0.59,7.0,Confined,34.2,20.89
2022-05-24,Mandya,12.520890277874972,76.89389549524202,30.19,49.2,35.5,7.2,1161,796,Agricultural,Sandy,20.7,0.0,9.4,Unconfined,27.8,29.84
2022-04-30,Kundapura,13.622869264865987,74.69528741109447,23.79,13.3,29.6,7.8,710,310,Agricultural,Silty,2.3,-0.78,4.2,Unconfined,11.9,24.11
2024-01-02,Sringeri,13.405909387372676,75.25754335625811,21.11,13.3,24.7,6.3,420,636,Agricultural,Loam,2.9,0.0,3.5,Confined,53.1,21.69
2025-03-20,Madikeri,12.435866865383568,75.71580366982383,30.87,36.2,30.2,8.2,166,453,Agricultural,Silty,20.7,0.0,3.3,Unconfined,34.2,30.9
2023-04-19,Anekal,12.709096608698296,77.67701476063498,10.7,21.3,35.1,7.6,273,134,Urban,Clay,7.1,0.0,2.4,Unconfined,4.6,10.7
2024-12-27,Devanahalli,13.225141443231708,77.68825889095382,39.79,3.5,20.2,5.1,1281,118,Agricultural,Silty,23.7,0.0,13.4,Unconfined,42.9,40.4
2024-07-15,Gokak,16.153914060363434,74.85338470014435,27.54,193.9,30.6,8.6,840,749,Urban,Clay,24.5,0.0,0.2,Confined,8.4,24.18
2023-07-30,Sakleshpura,12.96961565261189,75.78575228982547,37.08,231.2,22.2,6.2,1402,557,Agricultural,Sandy,12.6,0.0,0.9,Confined,30.9,33.07
2024-12-02,Chikkamagaluru,13.322644299159744,75.76666793021231,15.01,2.9,26.6,5.6,438,395,Agricultural,Silty,19.2,0.0,7.1,Confined,55.2,15.78
2023-03-26,Madikeri,12.43331758259977,75.73861464633545,9.38,7.9,41.1,11.3,611,295,Agricultural,Clay,17.5,0.0,5.8,Confined,49.5,10.28
2025-05-20,Hubballi,15.375567337641161,75.13951849216902,25.18,31.2,34.8,8.6,1321,262,Urban,Silty,19.3,0.0,0.6,Confined,8.2,25.07
2022-09-20,Madikeri,12.44766284313927,75.72638466013937,35.46,172.1,31.7,8.8,447,182,Agricultural,Loam,21.7,0.0,9.6,Confined,38.5,32.84
2025-02-18,Hassan,13.000005060725332,76.09809370998146,21.68,13.1,28.0,6.9,150,111,Urban,Sandy,9.0,0.0,11.5,Unconfined,5.6,21.82
2022-10-03,Doddaballapura,13.311557676187837,77.56927951387092,37.69,25.9,30.7,6.5,793,647,Agricultural,Sandy,2.1,0.0,12.7,Unconfined,36.8,37.87
2024-05-20,Chitradurga,14.223216569262593,76.39312152356662,16.9,7.9,38.5,8.0,467,55,Urban,Sandy,12.1,0.0,13.6,Unconfined,5.7,17.2
2023-07-17,Mandya,12.526904094696011,76.8992026564427,25.2,159.4,27.7,6.0,734,646,Agricultural,Loam,10.1,0.0,11.1,Confined,36.5,22.68
2022-12-25,Sirsi,14.618075805081766,74.84144111859892,29.45,5.7,21.6,6.1,1193,128,Agricultural,Loam,19.6,0.0,9.9,Unconfined,27.2,29.91
2023-09-29,Yadgir,16.75656204801132,77.14074568322502,36.02,58.4,27.1,6.2,1116,370,Agricultural,Silty,12.7,0.0,13.5,Confined,45.3,35.62
2025-08-25,Sanduru,15.090242065357735,76.56177597160496,22.6,52.9,31.1,8.2,133,538,Agricultural,Clay,12.2,0.0,9.7,Unconfined,31.3,22.27
2022-07-25,Bagalkote,16.177571959597216,75.69876793368799,38.07,215.2,30.6,8.8,1096,96,Urban,Clay,22.9,0.0,4.4,Unconfined,1.2,34.22
2022-01-28,Kundapura,13.6391330554601,74.66964531393651,21.34,11.0,23.1,4.6,282,285,Urban,Silty,6.4,-0.09,2.5,Confined,27.0,21.63
2022-04-11,Devanahalli,13.226203878390267,77.70527332977372,34.93,37.7,28.3,7.7,1009,661,Agricultural,Loam,11.9,0.0,0.5,Confined,28.6,34.85
2022-05-30,Kollegala,12.147143207757402,77.11872484883628,33.23,1.7,33.0,9.5,487,307,Agricultural,Loam,15.0,0.0,3.6,Unconfined,28.4,33.95
2025-02-03,Chitradurga,14.243678900788908,76.39447495726884,34.5,1.8,25.5,5.7,804,262,Urban,Sandy,12.6,0.0,12.3,Unconfined,2.2,34.77
2025-08-31,Hunasuru,12.31785625091478,76.26961157455389,22.4,132.0,24.8,5.6,974,118,Agricultural,Loam,3.5,0.0,11.3,Unconfined,24.4,20.28
2022-12-01,Ballari,15.153545289196412,76.90580389184105,28.36,17.4,26.8,7.3,1174,379,Urban,Loam,21.0,0.0,1.2,Confined,2.1,28.4
2021-02-11,Tumakuru,13.346077953125134,77.09177499471333,6.68,10.0,25.7,7.2,1151,536,Urban,Silty,7.0,0.0,7.9,Unconfined,3.2,6.87
2021-11-29,Sanduru,15.09194775525021,76.5466163219509,30.98,48.5,27.1,6.4,1397,35,Agricultural,Sandy,13.5,0.0,13.6,Unconfined,33.4,30.66
2022-09-09,Shivamogga,13.9309563014795,75.56419130104075,17.48,168.6,28.9,8.1,681,290,Urban,Loam,22.2,0.0,6.7,Confined,4.3,14.56
2022-04-26,Karwar,14.79942226504407,74.12822623823095,26.69,28.7,39.5,8.5,202,674,Urban,Sandy,21.0,1.0,0.2,Confined,36.3,26.8
2023-03-23,Gokak,16.176666239579163,74.84454961508266,30.94,49.2,30.0,6.7,1164,636,Urban,Silty,7.1,0.0,0.6,Confined,5.6,30.35
2020-10-26,Devanahalli,13.248276972518676,77.70692178733314,22.3,21.6,26.7,7.3,1133,735,Agricultural,Sandy,13.0,0.0,6.0,Unconfined,39.8,22.63
2023-01-27,Sirsi,14.640268076943821,74.83456657072084,25.84,8.8,28.9,6.8,1202,63,Agricultural,Silty,7.8,0.0,12.8,Confined,37.4,26.38
2021-04-18,Haveri,14.81304161294081,75.40946744253672,23.6,26.7,40.2,10.0,469,583,Agricultural,Loam,19.2,0.0,12.4,Unconfined,50.7,24.07
2023-04-20,Anekal,12.705095392934362,77.6971281012494,34.62,41.1,41.1,8.7,1408,649,Urban,Sandy,21.6,0.0,5.0,Unconfined,7.2,34.3
2024-10-12,Madikeri,12.414286443493662,75.75041760804987,8.31,47.4,32.3,8.7,1394,274,Agricultural,Sandy,15.6,0.0,9.8,Confined,33.2,8.13
2024-02-14,Tumakuru,13.32990593157583,77.09880394312617,28.25,9.3,24.8,7.3,1225,297,Urban,Loam,3.3,0.0,3.2,Unconfined,9.8,28.53
2025-05-20,Mandya,12.543519159261836,76.8916079761893,22.03,3.9,31.7,8.5,1191,102,Agricultural,Clay,23.2,0.0,5.9,Confined,56.0,22.94
2023-02-13,Chikkamagaluru,13.320803209814574,75.78639748286066,14.36,5.6,21.6,5.3,381,238,Agricultural,Clay,21.7,0.0,6.1,Confined,21.7,14.73
2022-12-31,Bengaluru North,13.029007961930883,77.5984959632436,34.73,6.7,27.5,7.4,1081,19,Urban,Clay,5.4,0.0,11.9,Unconfined,6.6,35.03
2020-12-01,Bengaluru North,13.038790083907093,77.5986974022576,8.3,2.2,27.1,6.8,1007,357,Urban,Sandy,19.0,0.0,5.1,Unconfined,4.6,8.64
2022-08-03,Sringeri,13.429409207502863,75.2299619171001,12.41,185.9,23.4,4.8,994,503,Agricultural,Loam,17.5,0.0,13.9,Confined,57.3,9.51
2025-02-02,Sirsi,14.62559076434062,74.84147388773289,39.66,9.6,29.2,8.1,264,13,Agricultural,Sandy,6.8,0.0,8.4,Unconfined,53.5,40.41
2021-08-10,Karwar,14.788587150708262,74.1342631766437,23.6,55.2,28.5,8.1,1369,550,Agricultural,Sandy,19.5,-0.62,10.5,Confined,17.1,23.13
2025-05-25,Tumakuru,13.341696116938804,77.1078328450645,9.99,2.5,31.6,7.6,783,667,Urban,Silty,24.6,0.0,11.0,Unconfined,8.9,10.41
2025-04-17,Mangaluru,12.914139940733252,74.8553139606659,18.51,14.9,31.2,9.1,1386,720,Forest,Clay,11.9,-0.62,14.2,Confined,33.1,19.06
2023-03-12,Karwar,14.801296008781442,74.12859560130717,17.76,43.0,36.0,7.6,1372,426,Urban,Sandy,20.1,-0.58,0.2,Confined,39.4,17.73
2022-07-21,Bagalkote,16.175283621554257,75.69708332585267,10.61,239.6,27.1,6.3,1238,501,Urban,Loam,6.1,0.0,6.1,Confined,9.0,6.22
2021-06-20,Anekal,12.70516571503337,77.70694710717426,13.71,58.9,26.4,7.1,443,63,Urban,Clay,14.1,0.0,6.0,Confined,0.3,12.89
2020-10-31,Hunasuru,12.315048944788263,76.29300750782515,12.13,93.3,29.3,7.7,1494,486,Agricultural,Clay,15.6,0.0,5.7,Unconfined,54.5,11.19
2024-09-19,Mysuru,12.294019095817386,76.6350995050862,13.94,152.0,25.7,5.9,586,670,Urban,Clay,12.9,0.0,3.2,Unconfined,5.9,11.25
2025-01-21,Sakleshpura,12.96934122700757,75.7923246125847,32.39,4.1,26.2,6.2,131,229,Agricultural,Loam,1.7,0.0,13.1,Confined,30.7,32.93
2024-03-22,Puttur,12.763646541442924,75.21649085146922,18.19,34.2,41.3,11.3,1438,314,Urban,Loam,23.5,-0.09,3.4,Confined,10.8,18.19
2021-10-12,Ballari,15.144097883041537,76.91423775910489,10.04,54.5,30.9,6.3,884,663,Urban,Loam,2.9,0.0,3.1,Unconfined,7.9,9.34
2024-03-03,Mysuru,12.2903263327989,76.63209936073562,13.92,47.8,40.8,10.7,1116,769,Urban,Clay,3.4,0.0,10.1,Unconfined,6.2,13.56
2023-10-11,Chikkamagaluru,13.31257793210021,75.79222494708453,23.02,63.3,30.2,6.4,466,792,Agricultural,Silty,1.1,0.0,11.6,Unconfined,39.4,22.47
2022-07-22,Doddaballapura,13.29132840267197,77.5360848562445,6.41,103.3,28.4,5.9,751,20,Agricultural,Loam,5.7,0.0,0.9,Confined,52.2,5.16
2021-08-20,Hunasuru,12.30585128780464,76.29849937986198,39.08,73.1,28.1,7.3,825,517,Agricultural,Clay,11.8,0.0,7.0,Unconfined,38.4,38.37
2023-01-02,Yadgir,16.75185011776215,77.13854982431818,17.27,12.4,27.7,8.1,416,699,Agricultural,Sandy,4.0,0.0,2.8,Unconfined,50.2,17.93
2024-12-17,Mandya,12.534412726231416,76.88237794682479,34.56,6.6,22.6,6.3,275,638,Agricultural,Silty,3.6,0.0,6.5,Unconfined,33.4,35.08
2022-12-04,Devanahalli,13.22352250001584,77.70954666160144,14.12,16.9,23.4,5.6,638,451,Agricultural,Silty,1.4,0.0,14.4,Confined,54.1,14.6
2022-03-19,Yadgir,16.752874004471654,77.14031942819413,16.12,26.5,41.5,12.4,1417,285,Agricultural,Loam,12.9,0.0,3.6,Confined,26.2,16.47
2022-06-15,Sanduru,15.104262731854014,76.55084132435796,8.18,230.3,24.9,6.9,1121,320,Agricultural,Silty,9.4,0.0,10.7,Unconfined,39.4,4.31
2024-09-02,Mysuru,12.28986578290308,76.62853773394036,19.22,219.0,24.2,6.4,257,293,Urban,Silty,18.4,0.0,9.1,Confined,8.8,15.25
2021-06-18,Anekal,12.724425177805326,77.68948859767508,24.43,237.6,24.9,5.4,870,355,Urban,Sandy,10.1,0.0,9.0,Unconfined,4.3,19.99
2025-05-17,Yadgir,16.761535206997102,77.12183708740776,19.05,43.2,35.7,9.4,966,186,Agricultural,Sandy,9.5,0.0,8.3,Unconfined,48.0,19.14
2021-09-25,Karwar,14.811557593204148,74.12969903402085,6.11,206.7,24.1,6.2,640,542,Agricultural,Silty,12.7,-0.03,7.1,Confined,32.1,2.61
2024-02-28,Kolar,13.129725965878997,78.13760317053394,29.67,11.1,26.9,8.0,590,680,Urban,Clay,2.9,0.0,3.3,Unconfined,4.0,29.89
2024-02-27,Devanahalli,13.226670489565727,77.69775614335943,22.97,15.3,27.9,7.5,517,413,Agricultural,Sandy,21.9,0.0,10.0,Unconfined,35.7,23.4
2023-09-20,Udupi,13.316372832237894,74.74382242552235,33.06,105.8,30.2,6.8,265,433,Urban,Silty,17.4,0.75,10.2,Unconfined,23.2,31.44
2023-10-29,Chikkamagaluru,13.335891537820384,75.77296013086674,31.11,84.1,24.9,5.2,449,695,Agricultural,Loam,16.3,0.0,1.9,Confined,32.5,30.01
2023-09-21,Sirsi,14.623429008792742,74.84268829118727,31.45,69.1,27.2,6.1,662,40,Agricultural,Clay,8.7,0.0,14.7,Unconfined,38.8,30.76
2023-01-20,Bagalkote,16.179557488650737,75.69619586354648,12.1,2.3,26.8,7.2,929,640,Urban,Clay,24.7,0.0,13.1,Confined,0.6,12.42
2024-12-24,Bagalkote,16.162705960796238,75.6922589248965,17.62,2.6,27.7,6.3,808,216,Urban,Sandy,14.1,0.0,4.7,Confined,6.1,17.94
2022-12-08,Davanagere,14.455895204834869,75.9132267965315,18.56,5.8,29.2,8.7,1421,745,Urban,Loam,8.5,0.0,8.8,Unconfined,3.7,18.92
2024-06-26,Ballari,15.147941077715565,76.92472391924245,34.02,111.0,30.2,7.9,1022,746,Urban,Loam,18.4,0.0,13.9,Unconfined,0.2,32.2
2021-07-17,Chikkamagaluru,13.291822698605051,75.7949773341943,39.74,166.1,31.2,7.9,1032,726,Agricultural,Loam,2.1,0.0,14.4,Unconfined,20.4,37.02
2022-11-20,Yadgir,16.757333827786354,77.14912622988957,7.84,63.2,27.7,8.0,1081,745,Agricultural,Clay,3.7,0.0,6.0,Unconfined,45.1,7.43
2024-10-04,Sringeri,13.41876632322457,75.25560606507642,16.68,49.8,32.2,8.9,691,402,Agricultural,Clay,9.8,0.0,7.5,Unconfined,52.9,16.66
2020-12-09,Mandya,12.52248009056477,76.91833556232493,12.76,10.5,22.2,5.0,885,507,Agricultural,Silty,11.3,0.0,1.1,Confined,40.5,13.2
2023-11-15,Hassan,13.003294873761003,76.09299948605586,30.94,39.0,28.5,7.4,1458,385,Urban,Loam,24.3,0.0,13.3,Unconfined,9.4,30.62
2023-06-09,Davanagere,14.46099653062792,75.90048128559192,5.67,150.0,30.6,6.7,1276,375,Urban,Loam,24.7,0.0,11.1,Confined,5.0,3.05
2025-03-18,Hubballi,15.352194272368603,75.12415167960886,21.81,24.3,36.4,9.5,1339,349,Urban,Silty,24.8,0.0,11.2,Unconfined,5.0,21.85
2022-01-09,Udupi,13.32370825775913,74.72680291428233,5.32,14.7,29.5,7.5,234,563,Urban,Sandy,20.9,0.71,3.9,Confined,37.1,5.7
2024-02-24,Shivamogga,13.914530109047252,75.55692826151508,9.12,12.4,24.8,6.0,1236,558,Urban,Clay,10.7,0.0,13.9,Unconfined,8.8,9.26
2025-01-19,Kollegala,12.139052074939336,77.1028843029456,8.47,14.6,24.5,6.1,251,80,Agricultural,Clay,22.5,0.0,12.9,Unconfined,25.9,8.74
2020-12-29,Puttur,12.755227602741476,75.215002372839,31.62,3.4,24.1,6.1,1340,719,Forest,Silty,23.5,-0.02,14.2,Unconfined,6.2,31.92
2025-04-12,Kundapura,13.616043019423827,74.69714434101438,11.63,28.2,38.5,10.4,377,158,Urban,Silty,14.1,0.54,11.6,Confined,24.4,11.78
2021-07-16,Sringeri,13.408319195709202,75.245813209123,23.64,221.1,31.4,8.1,1220,610,Agricultural,Sandy,20.1,0.0,4.3,Unconfined,47.1,20.09
2022-12-31,Raichur,16.20180728257905,77.34294778422374,37.05,5.8,27.7,6.1,720,125,Urban,Clay,2.6,0.0,9.8,Unconfined,1.2,37.25
2025-06-21,Sirsi,14.620668007883921,74.84341414235743,39.16,246.7,29.8,8.6,1027,573,Agricultural,Silty,11.4,0.0,10.0,Confined,44.4,35.1
2022-11-16,Shivamogga,13.916098271754803,75.56878781687195,8.61,33.3,28.0,5.6,927,774,Urban,Loam,1.3,0.0,14.1,Unconfined,0.3,8.23
2024-10-19,Haveri,14.77571751827599,75.40306936279805,38.84,63.9,33.2,8.9,235,400,Agricultural,Sandy,17.2,0.0,8.6,Confined,38.6,38.39
2020-12-20,Puttur,12.775942855647125,75.20470867659147,24.89,11.2,22.4,4.7,1072,139,Urban,Silty,17.8,-0.15,14.5,Confined,24.8,25.16
2025-04-07,Chikkamagaluru,13.315029953370066,75.78870250293247,5.24,2.1,41.9,11.1,269,492,Agricultural,Clay,16.0,0.0,13.8,Unconfined,20.3,5.96
2022-06-17,Karwar,14.81975747063035,74.11073491400084,37.52,167.6,26.4,7.8,569,159,Agricultural,Loam,19.8,-0.75,12.3,Unconfined,39.5,35.03
2025-05-29,Gokak,16.173090136001722,74.8349296206795,26.43,48.0,35.5,8.5,482,696,Urban,Loam,6.5,0.0,10.6,Confined,6.5,25.96
2022-06-16,Udupi,13.326122837677312,74.7483461468535,26.66,176.4,23.1,6.2,1444,186,Agricultural,Clay,11.6,0.71,3.6,Confined,9.1,23.46
2021-06-15,Haveri,14.780276783856525,75.42454582506603,15.13,222.5,26.7,6.7,1497,423,Agricultural,Sandy,5.2,0.0,9.2,Confined,47.8,11.49
2025-04-12,Sakleshpura,12.975453436758341,75.78873238197671,29.97,23.2,28.2,7.0,1362,637,Agricultural,Loam,5.0,0.0,13.8,Unconfined,54.0,30.4
2021-12-03,Hunasuru,12.297800368134334,76.28432674063475,36.8,15.4,29.2,8.4,1492,283,Agricultural,Clay,3.3,0.0,5.9,Confined,32.0,37.23
2023-12-17,Udupi,13.339839078206058,74.73445448009069,25.23,7.6,29.2,6.9,1048,656,Urban,Loam,12.4,-0.99,9.2,Unconfined,22.9,25.75
2025-02-10,Raichur,16.205899614135873,77.35325970030283,36.26,18.7,27.7,5.7,630,681,Urban,Loam,20.1,0.0,8.3,Unconfined,4.6,36.22
2021-09-20,Sringeri,13.407849998036555,75.24620367441109,13.58,121.7,30.2,6.2,334,163,Agricultural,Silty,7.4,0.0,9.6,Confined,27.7,11.73
2023-02-04,Badami,15.910819883042032,75.67243863034174,23.43,6.0,23.5,6.3,385,151,Agricultural,Clay,3.5,0.0,9.4,Unconfined,37.0,24.0
2021-07-04,Sakleshpura,12.976616800621644,75.80778301850056,20.53,54.1,28.1,6.6,229,464,Agricultural,Clay,4.8,0.0,14.0,Confined,33.8,20.12
2021-12-18,Karwar,14.798103993049796,74.13104256604376,13.16,16.4,20.2,5.5,1015,287,Forest,Sandy,24.8,-0.34,13.3,Unconfined,17.6,13.32
2022-01-04,Haveri,14.796253681889167,75.4020613867708,18.84,10.7,23.2,6.0,917,66,Agricultural,Silty,12.5,0.0,8.2,Confined,57.1,19.5
2022-08-11,Doddaballapura,13.285330557537298,77.54195359315665,29.34,60.6,24.8,5.6,272,751,Agricultural,Sandy,2.3,0.0,5.5,Confined,28.2,28.69
2021-12-31,Mangaluru,12.912903899166356,74.8645653926978,10.13,14.9,22.4,4.6,154,688,Agricultural,Sandy,12.9,-0.77,14.5,Confined,8.1,10.22
2024-11-19,Sakleshpura,12.96206554679176,75.79227344652114,26.02,43.1,27.9,7.3,219,607,Agricultural,Sandy,10.4,0.0,12.8,Unconfined,35.0,25.87
2021-09-11,Bagalkote,16.19790760549826,75.70911226923161,15.67,101.7,28.8,6.4,257,690,Urban,Clay,13.0,0.0,4.3,Unconfined,3.0,13.99
2020-11-16,Chitradurga,14.225270170839641,76.41524933853267,27.33,33.5,32.2,6.7,117,491,Urban,Sandy,6.1,0.0,2.3,Unconfined,9.8,27.09
2024-12-06,Tumakuru,13.34991173112463,77.10423710474821,16.88,7.2,25.9,7.2,727,225,Urban,Silty,6.0,0.0,1.4,Unconfined,7.1,17.17
2021-02-09,Chikkamagaluru,13.325354771621196,75.7777619160278,27.75,15.0,22.6,5.1,284,241,Agricultural,Loam,23.3,0.0,8.8,Confined,55.4,28.26
2020-11-04,Shivamogga,13.928373579417544,75.56298294680269,31.92,49.6,25.3,5.5,1428,285,Urban,Clay,23.8,0.0,10.5,Confined,3.3,31.24
2024-11-02,Mysuru,12.285899852953198,76.62929511967128,29.23,35.9,31.5,7.7,484,567,Urban,Loam,10.5,0.0,4.9,Unconfined,7.6,28.97
2025-03-22,Hubballi,15.361431480144448,75.12748266222756,19.82,26.7,28.3,7.6,302,323,Urban,Sandy,16.9,0.0,8.9,Unconfined,3.8,19.7
2020-12-01,Anekal,12.702851815610325,77.67877179374078,10.22,3.8,24.4,5.2,470,329,Urban,Silty,13.8,0.0,4.6,Confined,0.7,10.41
2022-11-11,Kolar,13.143342160998062,78.12302654453674,38.42,47.9,33.0,7.3,683,12,Urban,Clay,14.0,0.0,11.9,Confined,6.1,37.89
2021-12-14,Ballari,15.148322882110675,76.91480124573421,32.03,15.4,22.2,5.6,125,40,Urban,Clay,3.3,0.0,13.2,Confined,6.3,32.07
2021-12-12,Mangaluru,12.932944943512966,74.85991361842466,32.39,19.4,21.6,4.4,567,548,Urban,Loam,7.3,-0.94,13.9,Confined,35.9,32.68
2024-05-18,Udupi,13.34295892471812,74.75456681923323,8.63,38.4,32.9,9.2,518,610,Agricultural,Clay,16.9,0.22,4.0,Unconfined,7.1,8.37
2021-11-14,Mysuru,12.29464217499573,76.64031005105477,28.21,44.3,33.6,9.7,622,306,Urban,Clay,6.0,0.0,3.5,Confined,8.5,27.89
2022-01-04,Kolar,13.150776748878725,78.11987770140162,36.85,7.4,26.0,6.8,1211,42,Urban,Clay,11.3,0.0,4.8,Confined,9.4,37.14
2024-02-29,Bagalkote,16.18099102316992,75.69087907278784,13.61,15.6,25.5,6.9,980,350,Urban,Silty,12.4,0.0,7.3,Confined,4.1,13.68
2025-02-17,Athani,16.73342150664461,75.06897206512106,11.14,11.5,28.0,7.2,670,403,Agricultural,Sandy,22.9,0.0,7.6,Confined,50.6,11.78
2021-11-01,Chitradurga,14.241252494471476,76.41325785918289,31.81,96.1,25.1,6.9,1448,29,Urban,Clay,3.2,0.0,12.3,Confined,9.4,30.33
2023-11-27,Davanagere,14.474794963159852,75.9138220325692,34.52,30.6,27.1,7.4,696,793,Urban,Clay,7.2,0.0,14.8,Unconfined,2.0,34.3
2024-09-28,Sanduru,15.095905902110887,76.54061502041432,19.64,51.5,25.7,7.1,630,81,Agricultural,Sandy,17.9,0.0,4.5,Confined,28.6,19.25
2020-11-08,Haveri,14.804814658356005,75.4138984704857,25.08,41.6,30.0,6.6,822,534,Agricultural,Silty,1.7,0.0,4.7,Confined,45.3,25.03
2025-01-03,Sirsi,14.611070591664069,74.83490284063457,36.59,7.1,28.7,6.5,1018,75,Agricultural,Silty,16.2,0.0,1.8,Confined,34.8,37.12
2022-04-24,Raichur,16.204090774682562,77.3407177550079,22.24,49.7,40.9,11.1,1334,235,Urban,Loam,15.9,0.0,3.6,Unconfined,5.6,21.86
2022-11-01,Anekal,12.730414775395708,77.70344074122768,21.98,61.4,32.8,9.3,151,110,Urban,Clay,1.9,0.0,2.9,Confined,8.7,21.3
2024-02-27,Mysuru,12.304505369865435,76.63578064388231,18.13,4.4,23.8,6.8,1491,290,Urban,Sandy,19.5,0.0,13.4,Unconfined,2.2,18.4
2022-12-11,Tumakuru,13.344415789734631,77.11115784390685,15.74,18.8,29.2,6.0,421,643,Urban,Loam,6.4,0.0,3.8,Confined,7.7,15.74
2023-04-14,Sringeri,13.432099054654792,75.25753171976257,13.22,2.6,29.1,8.0,991,557,Agricultural,Clay,18.0,0.0,5.6,Unconfined,40.1,13.97
2021-10-12,Sirsi,14.622575653923569,74.84590598549515,25.69,39.4,27.7,8.0,1191,37,Agricultural,Sandy,12.7,0.0,9.0,Unconfined,56.8,25.87
2023-05-31,Sirsi,14.612894672953994,74.8364754441535,20.12,29.8,28.6,6.5,1041,301,Agricultural,Sandy,16.4,0.0,14.0,Confined,50.0,20.35
2023-02-24,Sakleshpura,12.971121397828592,75.79174686158525,36.19,17.9,21.3,4.4,256,195,Agricultural,Clay,3.8,0.0,4.4,Unconfined,35.5,36.41
2022-05-28,Ballari,15.152168524957878,76.91934622347732,36.01,6.9,38.5,10.9,386,39,Urban,Silty,23.4,0.0,1.8,Confined,7.4,36.49
2021-08-16,Tumakuru,13.336023373273399,77.11060593837112,13.86,86.6,23.0,5.0,909,344,Urban,Silty,10.1,0.0,3.1,Unconfined,8.7,12.46
2021-07-19,Chitradurga,14.23380780659669,76.38409677445638,9.31,52.1,24.8,5.4,135,515,Urban,Sandy,22.7,0.0,7.0,Unconfined,8.7,8.62
2022-05-29,Sagara,14.150201329310473,75.03421088076172,28.67,9.2,33.1,7.5,240,605,Agricultural,Silty,19.4,0.0,10.8,Unconfined,40.3,29.26
2025-07-28,Sagara,14.155267719129686,75.02981439506713,37.1,165.7,25.3,5.3,764,511,Agricultural,Sandy,8.4,0.0,3.8,Confined,55.7,34.61
2023-05-17,Anekal,12.713445668291559,77.67970051128194,6.97,16.5,29.1,8.4,1257,406,Urban,Sandy,23.3,0.0,4.8,Unconfined,2.8,7.09
2022-07-29,Anekal,12.71050169587592,77.71247520283478,24.68,153.8,26.3,6.7,1459,41,Urban,Sandy,2.4,0.0,10.9,Confined,5.2,21.99
2021-04-20,Udupi,13.328227063444986,74.75010359560854,27.37,43.9,33.0,6.8,429,95,Urban,Clay,24.2,-0.42,6.9,Unconfined,32.9,27.2
2022-11-12,Bengaluru North,13.053439644760022,77.58646294954852,36.64,26.0,24.4,6.6,463,472,Urban,Sandy,6.4,0.0,6.3,Confined,5.0,36.5
2022-07-13,Madikeri,12.421118438190392,75.73695490486338,17.22,69.6,22.4,5.6,321,221,Agricultural,Clay,19.5,0.0,12.4,Confined,47.4,16.58
2021-06-21,Sirsi,14.604800683113345,74.83939642257221,36.13,113.6,28.0,6.9,1272,30,Agricultural,Silty,11.4,0.0,9.6,Confined,46.6,34.67
2023-01-22,Bengaluru North,13.062589288046604,77.594595703168,18.62,1.8,29.4,6.1,862,347,Urban,Sandy,18.4,0.0,9.4,Unconfined,1.7,18.91
2023-08-04,Haveri,14.79553614018746,75.39946901620682,35.55,244.4,23.6,5.3,241,391,Agricultural,Clay,5.1,0.0,6.9,Unconfined,28.8,31.21
2022-01-01,Hassan,13.002233002703411,76.08377838964195,25.91,17.7,29.3,6.6,161,612,Urban,Sandy,3.8,0.0,6.1,Confined,2.8,25.91
2024-07-01,Devanahalli,13.253137035458169,77.70621335811236,34.39,165.0,26.4,5.6,103,549,Agricultural,Clay,9.8,0.0,6.7,Unconfined,50.1,31.87
2024-05-23,Puttur,12.751984826800108,75.20373691122467,5.6,9.4,34.6,7.9,738,19,Urban,Loam,3.2,-0.81,4.2,Confined,14.9,6.04
2022-04-25,Madikeri,12.426375757433068,75.74054331701872,13.82,4.0,30.5,9.1,273,124,Agricultural,Clay,21.9,0.0,3.3,Unconfined,45.2,14.65
2023-04-21,Chitradurga,14.22599772195773,76.38883716191614,21.12,17.5,34.2,7.8,1187,553,Urban,Silty,11.8,0.0,11.8,Unconfined,2.7,21.19
2021-06-11,Puttur,12.76789205532604,75.21223116799285,10.1,180.9,28.1,8.0,197,254,Agricultural,Clay,20.8,-0.97,10.2,Unconfined,28.7,7.27
2022-04-04,Bengaluru North,13.052942977706165,77.58282281462256,28.13,41.9,41.3,9.1,339,202,Urban,Loam,18.0,0.0,13.6,Confined,2.8,27.77
2025-02-13,Hunasuru,12.31960631192968,76.27774418102928,28.53,17.7,28.2,6.7,757,552,Agricultural,Silty,15.8,0.0,11.0,Confined,37.9,28.89
2022-01-20,Athani,16.726554081192816,75.05957388672857,24.26,18.7,28.6,7.6,478,392,Agricultural,Silty,8.0,0.0,3.0,Confined,24.2,24.51
2023-04-04,Gokak,16.16691301998739,74.83418400560002,12.27,40.1,33.8,8.6,755,436,Urban,Silty,6.4,0.0,0.5,Unconfined,4.5,11.94
2023-11-06,Bengaluru North,13.027902584631681,77.59770151484774,33.8,85.8,24.3,5.3,574,257,Urban,Clay,2.3,0.0,13.9,Unconfined,6.8,32.42
2025-05-16,Mandya,12.520916909033847,76.88936295288529,32.86,4.0,39.8,8.1,257,712,Agricultural,Silty,1.8,0.0,0.4,Unconfined,57.2,33.76
2021-02-27,Sanduru,15.116043937936936,76.54044130866762,10.54,5.2,27.9,6.6,1472,438,Agricultural,Clay,22.9,0.0,14.8,Unconfined,55.0,11.32
2023-02-11,Mangaluru,12.918703670333617,74.83415844146538,22.41,17.0,22.1,5.6,145,659,Forest,Loam,16.1,-0.98,3.8,Unconfined,19.1,22.64
2021-12-27,Chitradurga,14.23556190108583,76.38335058832651,23.79,5.2,29.1,6.0,831,735,Urban,Silty,1.3,0.0,8.8,Unconfined,7.6,24.06
2025-07-21,Madikeri,12.412190953914822,75.7377881902385,8.6,110.4,23.9,5.0,193,462,Agricultural,Sandy,2.8,0.0,13.8,Unconfined,49.9,7.14
2021-03-01,Mandya,12.531259013711257,76.89357374072024,11.68,42.8,28.7,7.8,1336,667,Agricultural,Sandy,13.8,0.0,11.1,Confined,39.5,11.61
2024-07-19,Mandya,12.540029418245155,76.89979881489428,15.05,198.1,28.5,7.4,610,16,Agricultural,Clay,20.7,0.0,7.2,Confined,43.4,11.89
2023-04-12,Bagalkote,16.177034601091776,75.69344149805747,24.6,4.3,34.8,8.3,372,758,Urban,Silty,12.2,0.0,6.2,Confined,2.0,24.95
2021-02-07,Badami,15.919726996252223,75.7056030684929,19.21,19.3,25.8,5.3,859,160,Agricultural,Loam,24.4,0.0,10.6,Unconfined,53.7,19.63
2024-10-01,Devanahalli,13.241394353247225,77.70380935849852,13.02,66.2,24.4,7.0,475,757,Agricultural,Sandy,2.1,0.0,1.4,Unconfined,32.1,12.37
2025-09-03,Mysuru,12.300501953472619,76.64721009968832,34.23,220.7,24.3,6.9,755,225,Urban,Clay,24.9,0.0,7.1,Unconfined,6.9,30.23
2023-09-27,Athani,16.717016933324217,75.06462673762603,20.82,109.3,26.2,6.8,114,723,Agricultural,Silty,5.8,0.0,5.2,Confined,28.5,19.26
2024-01-02,Bagalkote,16.186481694212574,75.6912358127315,16.34,3.1,28.2,7.8,918,182,Urban,Silty,14.3,0.0,5.3,Confined,6.5,16.73
2023-12-11,Devanahalli,13.232430326518235,77.67421795069271,23.79,14.9,23.0,5.5,1199,719,Agricultural,Sandy,17.8,0.0,1.3,Confined,45.1,24.22
2021-11-04,Karwar,14.839431522919007,74.11717793058025,6.17,96.7,30.8,8.0,1491,184,Agricultural,Clay,17.0,-0.62,8.6,Unconfined,28.2,4.98
2022-01-05,Kundapura,13.630894563176698,74.70971249922836,18.55,5.2,25.5,6.9,1393,542,Agricultural,Silty,8.0,-0.67,5.4,Unconfined,14.4,19.0
2022-11-27,Davanagere,14.45371085549867,75.90115514738238,25.12,78.8,29.1,6.0,113,39,Urban,Loam,3.6,0.0,2.5,Confined,0.3,23.85
2024-08-30,Tumakuru,13.3547385479633,77.09999399427907,31.85,145.0,27.1,7.4,889,88,Urban,Clay,9.7,0.0,13.0,Unconfined,9.5,29.42
2025-08-23,Hubballi,15.35611246708423,75.11941758276518,13.64,77.7,23.9,6.2,1264,232,Urban,Silty,7.2,0.0,11.4,Unconfined,6.0,12.46
2021-08-18,Chitradurga,14.20464534925685,76.4012837640376,16.44,124.1,25.1,5.7,702,381,Urban,Loam,12.5,0.0,13.6,Confined,5.6,14.3
2024-03-27,Shivamogga,13.923767790334505,75.56893450029042,6.24,18.7,39.9,11.7,507,265,Urban,Sandy,12.6,0.0,11.1,Unconfined,6.3,6.51
2021-01-09,Devanahalli,13.236898578071964,77.70413302583032,24.62,6.7,28.0,7.6,352,216,Agricultural,Clay,18.6,0.0,7.8,Confined,46.6,25.33
2022-11-20,Bagalkote,16.18638846858732,75.70031951871988,30.27,48.2,24.4,5.6,621,77,Urban,Silty,5.0,0.0,10.9,Unconfined,4.5,29.63
2021-12-18,Udupi,13.332098873553972,74.74864908755788,20.34,5.4,28.7,8.4,685,374,Agricultural,Clay,10.7,-0.0,11.1,Unconfined,28.8,20.94
2024-04-02,Sirsi,14.623383033250514,74.84169744357906,27.55,2.7,29.2,8.2,945,260,Agricultural,Loam,7.1,0.0,11.2,Confined,21.7,28.12
2022-07-16,Davanagere,14.468255422358887,75.90972742532844,18.59,214.5,28.1,6.3,715,234,Urban,Silty,18.8,0.0,13.3,Confined,3.9,14.65
2022-10-19,Hubballi,15.368128219933896,75.12071545841239,26.82,42.9,26.3,5.5,645,416,Urban,Sandy,12.1,0.0,13.5,Confined,1.6,26.25
2022-01-30,Bagalkote,16.19531381584007,75.67902568115966,27.22,6.0,25.0,5.3,611,526,Urban,Loam,14.2,0.0,2.8,Unconfined,1.8,27.38
2025-03-19,Hassan,13.025065351327044,76.10477736171607,26.67,44.7,40.9,12.1,630,469,Urban,Sandy,18.6,0.0,7.9,Confined,0.8,26.39
2022-02-18,Kollegala,12.144277565604726,77.11792185548113,29.48,17.2,27.8,7.3,1293,742,Agricultural,Clay,11.2,0.0,6.3,Unconfined,53.4,30.03
2024-06-17,Hassan,13.006029173312804,76.10508105220231,26.62,177.9,24.8,5.1,1201,75,Urban,Sandy,1.4,0.0,1.9,Unconfined,5.6,23.37
2022-04-21,Chikkamagaluru,13.327045840387372,75.77696877973304,30.16,15.4,35.6,8.0,1049,791,Agricultural,Loam,18.8,0.0,8.1,Confined,20.4,30.46
2022-03-01,Badami,15.915532177706337,75.69216569507434,20.69,48.2,33.2,8.4,401,191,Agricultural,Sandy,20.3,0.0,7.6,Confined,40.7,20.55
2023-07-24,Tumakuru,13.351144616409252,77.09716782382151,32.39,246.2,23.1,6.7,569,563,Urban,Silty,22.0,0.0,1.2,Unconfined,8.5,27.89
2022-11-28,Mandya,12.528182377084123,76.90434444646795,5.5,89.1,27.9,7.1,1114,33,Agricultural,Silty,18.5,0.0,9.9,Unconfined,30.4,4.38
2023-07-08,Badami,15.90525984512621,75.68744639645404,39.79,98.0,27.6,6.5,311,679,Agricultural,Loam,6.6,0.0,7.8,Confined,29.0,38.45
2021-10-10,Kundapura,13.622464186877668,74.69095666529898,24.79,87.5,28.1,8.3,790,501,Forest,Silty,1.5,0.43,5.5,Confined,23.6,23.65
2022-02-23,Kolar,13.147532244162148,78.12480921673395,24.46,8.3,25.4,6.8,525,94,Urban,Silty,7.4,0.0,2.1,Confined,2.9,24.66
2021-03-22,Mysuru,12.299223519786672,76.63031173171402,10.26,38.8,38.1,9.4,1267,645,Urban,Silty,20.8,0.0,11.1,Unconfined,3.4,9.99
2020-11-01,Tumakuru,13.34161861044057,77.10947296957117,31.79,33.4,32.7,9.4,1398,728,Urban,Loam,11.8,0.0,9.9,Confined,0.5,31.6
2025-08-17,Hunasuru,12.304942737767046,76.30478802196824,19.75,130.4,22.6,6.6,680,184,Agricultural,Sandy,7.6,0.0,3.8,Unconfined,31.0,17.78
2024-12-04,Karwar,14.820028993351483,74.1210569964274,39.43,16.7,27.9,7.8,949,548,Agricultural,Silty,1.2,0.21,10.4,Unconfined,37.8,39.84
2021-10-28,Madikeri,12.409518096753718,75.74213490213046,7.68,44.5,24.4,5.0,1034,615,Agricultural,Loam,17.1,0.0,1.4,Unconfined,24.8,7.29
2023-05-14,Sakleshpura,12.97729591774767,75.78992398650969,21.22,5.0,31.8,6.7,941,478,Agricultural,Loam,2.0,0.0,14.9,Unconfined,37.1,21.83
2022-07-23,Raichur,16.202072365370867,77.354222934496,20.46,121.1,28.4,7.7,1437,427,Urban,Silty,17.4,0.0,2.3,Confined,7.0,18.49
2022-03-27,Puttur,12.748198852857799,75.2121864676243,25.54,48.2,33.7,8.8,1256,377,Urban,Clay,3.8,-0.74,8.2,Unconfined,38.8,25.48
2023-09-21,Hunasuru,12.319623266364832,76.30380330353783,22.66,73.1,28.7,8.6,1217,634,Agricultural,Sandy,6.8,0.0,9.0,Unconfined,44.7,22.07
2021-12-21,Mangaluru,12.897697882379855,74.8770527095637,22.48,1.5,24.1,6.7,866,525,Urban,Silty,14.0,0.5,6.1,Confined,24.3,22.98
2024-04-29,Kollegala,12.140482994111984,77.11288860775785,21.49,13.5,37.6,9.6,258,78,Agricultural,Loam,19.6,0.0,9.4,Unconfined,23.9,21.94
2024-01-25,Badami,15.913105402006456,75.6789965195009,35.24,16.7,29.6,8.6,606,752,Agricultural,Loam,5.1,0.0,7.4,Unconfined,36.8,35.7
2025-06-12,Haveri,14.783073764712793,75.39782641100624,37.93,198.8,24.3,5.4,1115,78,Agricultural,Sandy,17.3,0.0,11.9,Unconfined,34.9,34.57
2021-12-27,Chitradurga,14.201498430605536,76.4133906915894,37.91,1.4,27.3,5.6,926,306,Urban,Clay,12.0,0.0,0.5,Unconfined,0.1,38.16
2021-09-16,Doddaballapura,13.292399089704658,77.54474731733747,11.17,227.9,29.6,6.0,1323,288,Agricultural,Silty,2.7,0.0,9.6,Unconfined,27.0,7.18
2021-04-01,Bengaluru North,13.034558191596485,77.58564888158679,23.44,16.9,32.8,9.1,1496,379,Urban,Silty,4.0,0.0,5.5,Confined,9.1,23.65
2022-12-05,Hunasuru,12.31188016024124,76.29658320589344,9.98,6.9,25.7,5.3,1071,614,Agricultural,Sandy,23.8,0.0,2.5,Unconfined,47.3,10.58
2025-04-27,Madikeri,12.410283922394994,75.74985551995486,15.63,30.7,37.7,10.0,585,492,Agricultural,Sandy,23.3,0.0,12.5,Confined,25.3,15.77
2025-09-06,Bengaluru North,13.039120128182732,77.6065621224221,21.07,158.0,23.9,5.9,696,83,Urban,Sandy,9.4,0.0,4.0,Confined,7.1,18.28
2025-03-26,Karwar,14.811345820778769,74.1304735843709,27.96,16.4,36.6,9.6,1266,81,Agricultural,Loam,2.1,-0.15,8.1,Confined,7.7,28.2
2024-08-03,Chitradurga,14.230727604120428,76.40389444692279,26.18,143.7,22.8,4.7,863,50,Urban,Silty,1.8,0.0,9.4,Confined,2.0,23.56
2021-07-03,Puttur,12.751190740501885,75.22546500408943,20.73,90.2,25.7,6.6,1338,651,Urban,Loam,20.5,-0.75,11.2,Confined,10.7,19.44
2020-11-29,Yadgir,16.76981252301254,77.14545585603844,21.71,32.8,25.3,5.2,908,293,Agricultural,Silty,2.0,0.0,5.2,Unconfined,44.7,21.76
2022-12-08,Doddaballapura,13.280578382627445,77.53329546687787,30.22,18.2,25.7,5.7,1336,192,Agricultural,Loam,9.7,0.0,3.2,Confined,41.5,30.56
2021-05-24,Athani,16.73400884257144,75.0797601756337,34.74,1.3,40.4,9.1,541,602,Agricultural,Sandy,5.1,0.0,10.6,Unconfined,40.2,35.57
2021-03-26,Kundapura,13.645967720640678,74.6840880221887,28.31,15.8,29.8,7.1,670,544,Urban,Silty,14.1,-0.52,11.9,Unconfined,12.8,28.53
2025-04-07,Shivamogga,13.92257137467906,75.58140438331243,36.46,9.8,34.4,10.1,510,595,Urban,Sandy,9.3,0.0,8.7,Confined,3.8,36.81
2021-02-28,Haveri,14.792750335353908,75.3993261859311,27.34,4.5,26.7,7.3,449,677,Agricultural,Loam,9.6,0.0,1.1,Unconfined,21.8,27.83
2023-01-23,Tumakuru,13.356309307360219,77.1027058072569,10.86,5.1,23.5,6.0,664,798,Urban,Loam,7.7,0.0,1.9,Unconfined,5.4,11.11
2021-02-28,Karwar,14.813469596822873,74.12501723139067,34.4,3.1,21.9,6.4,397,172,Agricultural,Sandy,7.0,-0.54,14.7,Confined,33.0,35.04
2021-05-14,Kollegala,12.164230487487272,77.11558965235244,8.25,16.8,36.9,7.6,1058,505,Agricultural,Sandy,2.3,0.0,1.9,Confined,31.6,8.61
2020-10-06,Karwar,14.82365898438514,74.14084334714572,24.22,72.5,29.1,6.9,1105,209,Forest,Silty,23.4,-0.45,2.0,Confined,13.5,23.3
2024-03-20,Tumakuru,13.350198104175155,77.0964037175098,33.75,26.3,37.4,9.8,391,217,Urban,Clay,21.7,0.0,2.9,Confined,0.0,33.71
2021-03-09,Tumakuru,13.349852206052223,77.09512035014095,11.41,40.9,35.0,8.1,909,698,Urban,Clay,7.9,0.0,3.5,Unconfined,9.7,11.09
2025-05-30,Madikeri,12.417247865121496,75.73735727763865,23.15,38.2,29.7,8.8,1096,693,Agricultural,Clay,4.0,0.0,14.3,Confined,26.4,23.09
2022-04-14,Sagara,14.153537879461515,75.01368690168565,10.91,12.7,29.3,6.3,969,94,Agricultural,Sandy,5.9,0.0,1.0,Unconfined,42.4,11.39
2024-01-14,Kolar,13.130968897968787,78.1274991342871,23.9,15.2,23.3,5.8,1125,478,Urban,Silty,2.4,0.0,4.2,Confined,7.7,23.96
2021-12-21,Shivamogga,13.959824463519801,75.55946016002251,20.83,1.1,29.4,6.2,242,508,Urban,Loam,19.7,0.0,5.1,Confined,1.9,21.14
2021-01-25,Shivamogga,13.931300674468892,75.55790823288106,32.96,5.2,22.9,6.1,553,53,Urban,Sandy,10.8,0.0,1.6,Unconfined,5.3,33.21
2022-05-25,Mangaluru,12.903246606018302,74.84740913153959,25.75,26.0,36.6,10.5,1141,418,Agricultural,Clay,4.1,-0.44,6.6,Unconfined,11.1,25.91
2024-12-24,Puttur,12.748218981589806,75.21237496555067,11.6,2.3,20.5,5.4,1391,353,Agricultural,Clay,16.1,-0.37,6.9,Unconfined,35.7,12.22
2024-03-17,Hassan,13.00020789994535,76.11726625605203,28.99,46.4,30.6,8.3,437,482,Urban,Loam,10.5,0.0,12.7,Unconfined,6.7,28.54
2021-11-26,Sringeri,13.411380601179415,75.25266729716607,8.35,85.0,26.3,5.7,1112,461,Agricultural,Loam,2.4,0.0,7.0,Unconfined,30.6,7.24
2023-04-17,Hubballi,15.373712950184586,75.1301260821125,28.28,18.9,35.0,9.1,930,169,Urban,Sandy,17.2,0.0,12.2,Unconfined,2.0,28.38
2024-01-20,Mysuru,12.280873455473213,76.62572653988477,7.83,16.8,29.5,6.7,1261,26,Urban,Clay,22.7,0.0,10.2,Unconfined,2.6,7.85
2024-10-24,Badami,15.91689476107557,75.67546547565219,17.98,95.8,25.4,7.4,428,708,Agricultural,Clay,13.9,0.0,5.8,Unconfined,35.5,16.79
2021-05-18,Yadgir,16.794810408540695,77.1481920006736,5.27,5.6,36.0,7.4,560,321,Agricultural,Silty,12.6,0.0,4.1,Unconfined,50.6,6.03
2022-12-09,Devanahalli,13.223505669063332,77.69914862091676,16.17,15.6,29.8,6.7,435,350,Agricultural,Sandy,18.9,0.0,9.0,Confined,42.7,16.62
2024-05-28,Haveri,14.803645579617628,75.41759948225742,33.88,42.2,28.4,6.9,380,112,Agricultural,Sandy,11.1,0.0,9.8,Unconfined,49.5,33.88
2022-11-06,Sringeri,13.415356310489688,75.26555589364217,24.66,83.9,30.7,9.0,1016,730,Agricultural,Sandy,13.0,0.0,13.4,Unconfined,41.6,23.85
2022-11-28,Chikkamagaluru,13.315038842650408,75.78683915954551,14.86,52.4,28.6,5.7,686,374,Agricultural,Sandy,1.9,0.0,14.8,Confined,27.0,14.37
2025-01-11,Puttur,12.771120054723108,75.21107149008427,19.17,9.0,20.6,4.1,631,576,Forest,Clay,14.6,-0.94,13.5,Confined,14.7,19.44
2023-03-11,Tumakuru,13.363153533638302,77.10654173566103,13.81,15.8,35.8,9.9,659,194,Urban,Clay,5.8,0.0,2.9,Unconfined,5.5,14.04
2022-05-19,Bengaluru North,13.029156217348522,77.59238143713087,8.55,45.8,29.0,7.8,641,577,Urban,Loam,15.5,0.0,7.6,Unconfined,4.9,8.07
2024-01-02,Devanahalli,13.242733748127668,77.70289033268118,32.11,19.2,24.8,6.7,243,696,Agricultural,Silty,15.8,0.0,11.6,Confined,40.8,32.47
2023-05-20,Devanahalli,13.224471000730826,77.69693233446888,15.55,17.4,41.5,11.5,409,600,Agricultural,Clay,14.5,0.0,12.4,Confined,47.4,16.25
2025-05-13,Kolar,13.140089666770038,78.13724208464731,15.19,6.8,37.9,8.7,1172,401,Urban,Silty,3.8,0.0,4.4,Unconfined,8.5,15.57
2022-04-02,Kollegala,12.147790503813654,77.11179728817193,26.44,14.6,36.4,10.7,822,424,Agricultural,Loam,20.0,0.0,14.2,Unconfined,54.7,27.23
2023-06-26,Devanahalli,13.254707575460744,77.70266498742764,7.4,145.8,27.5,5.8,1436,258,Agricultural,Sandy,2.4,0.0,6.6,Confined,51.4,5.29
2022-12-13,Athani,16.72898325390801,75.05105732423634,20.99,18.6,20.1,5.7,1050,642,Agricultural,Silty,24.3,0.0,14.0,Confined,23.7,21.14
2022-06-05,Shivamogga,13.915120910032421,75.58261895505065,7.07,94.6,22.8,5.3,762,747,Urban,Clay,18.1,0.0,12.8,Confined,7.1,5.51
2024-04-10,Davanagere,14.470201445385442,75.92927183372203,9.12,42.8,39.1,11.5,374,278,Urban,Clay,15.0,0.0,1.8,Unconfined,0.6,8.84
2024-12-06,Gokak,16.181258781430888,74.8375808813302,16.8,7.1,24.6,6.3,136,643,Urban,Loam,2.9,0.0,3.8,Confined,1.1,16.98
2024-11-13,Anekal,12.695234434202069,77.70123755662692,34.78,96.7,25.6,6.8,1281,417,Urban,Silty,7.0,0.0,2.1,Confined,3.9,33.23
2024-08-06,Raichur,16.204823481221474,77.3583735797572,18.87,150.3,23.0,5.8,198,90,Urban,Loam,15.7,0.0,12.6,Unconfined,4.9,16.2
2022-02-23,Hunasuru,12.310208817378316,76.30371898649601,16.06,17.9,29.9,7.9,1126,313,Agricultural,Clay,22.8,0.0,13.6,Confined,27.9,16.38
2024-08-08,Davanagere,14.457194943416257,75.91481878883837,7.17,190.3,26.4,7.1,164,704,Urban,Loam,14.4,0.0,1.2,Unconfined,8.6,3.8
2021-01-20,Haveri,14.804593977524814,75.40409215618998,15.31,3.7,22.8,6.7,928,472,Agricultural,Sandy,20.4,0.0,9.9,Unconfined,32.5,15.9
2023-10-24,Kundapura,13.624536227624489,74.68267265533103,36.56,76.8,31.6,7.6,479,507,Urban,Clay,2.2,0.47,14.7,Confined,27.8,35.64
2021-11-20,Kollegala,12.160480370272575,77.10978365086557,9.52,63.6,33.6,8.9,706,39,Agricultural,Silty,11.8,0.0,13.9,Confined,33.4,9.03
2023-10-28,Mysuru,12.298844169608046,76.63790934940121,11.74,55.5,28.9,6.8,883,767,Urban,Silty,12.0,0.0,14.8,Confined,4.7,11.02
2023-09-16,Bagalkote,16.176603014964048,75.69234548527183,26.8,121.9,27.0,7.0,442,219,Urban,Clay,7.3,0.0,3.7,Confined,7.0,24.78
2024-06-09,Shivamogga,13.957109241897156,75.58828471025484,12.13,236.5,28.3,6.5,1241,180,Urban,Silty,4.1,0.0,5.5,Confined,8.6,7.81
2023-05-13,Sakleshpura,12.981454121091327,75.80668190509132,9.82,8.3,38.7,9.1,115,249,Agricultural,Sandy,1.4,0.0,7.2,Confined,27.5,10.38
2023-08-15,Bagalkote,16.180280396814467,75.70248968832041,16.22,169.9,29.1,7.8,670,543,Urban,Loam,15.4,0.0,0.9,Unconfined,3.6,13.25
2024-07-29,Sakleshpura,12.95991166278262,75.79394134969736,33.74,138.3,27.0,8.0,826,15,Agricultural,Silty,16.1,0.0,6.8,Confined,26.0,31.63
2025-08-08,Mangaluru,12.910252320872095,74.87114618309019,36.72,158.1,26.3,7.8,932,411,Forest,Silty,16.2,0.42,10.9,Confined,27.4,34.18
2021-09-27,Gokak,16.171215586238873,74.85187642986092,7.68,213.8,27.5,5.7,1232,204,Urban,Silty,15.0,0.0,0.4,Unconfined,7.0,3.76
2024-07-22,Kolar,13.135833919424735,78.14599439184063,10.01,173.2,29.7,7.5,935,637,Urban,Silty,1.0,0.0,9.2,Confined,9.5,7.02
2025-08-16,Mysuru,12.309591459137275,76.63773510765502,8.71,216.2,26.3,5.5,512,37,Urban,Silty,1.2,0.0,14.2,Unconfined,6.0,4.72
2025-01-01,Tumakuru,13.341082299530376,77.11056698754356,11.58,16.1,20.6,6.1,513,197,Urban,Silty,1.9,0.0,12.6,Unconfined,6.3,11.63
2022-07-08,Karwar,14.80563925711405,74.12863421283502,38.75,128.8,24.3,5.9,1480,68,Agricultural,Silty,6.6,0.5,13.0,Unconfined,12.4,36.54
2023-12-18,Sakleshpura,12.977742505943027,75.76947841923334,5.06,5.8,26.0,6.6,1392,340,Agricultural,Sandy,6.6,0.0,5.2,Confined,56.2,5.84
2021-06-03,Chitradurga,14.222057918956153,76.37835244067152,21.83,97.5,25.4,6.9,986,594,Urban,Clay,20.5,0.0,3.1,Unconfined,6.8,20.29
2021-01-08,Davanagere,14.46589441401459,75.92636521939673,7.29,7.8,22.0,5.0,1328,557,Urban,Clay,19.9,0.0,12.2,Unconfined,9.4,7.48
2021-06-15,Madikeri,12.431733281634994,75.72484905686929,9.33,193.5,30.3,7.3,364,40,Agricultural,Sandy,5.0,0.0,14.9,Confined,45.2,6.28
2021-02-11,Athani,16.744834441704967,75.07013300696912,15.21,2.9,29.6,8.0,1345,114,Agricultural,Sandy,18.1,0.0,1.0,Confined,22.9,15.78
2025-03-07,Bengaluru North,13.04818483036513,77.61592965327695,20.12,41.5,36.1,9.2,1469,75,Urban,Loam,4.3,0.0,14.6,Confined,4.6,19.8
2023-12-31,Badami,15.912490821327804,75.69403509149832,39.09,19.0,28.7,7.6,1057,576,Agricultural,Loam,22.2,0.0,12.8,Unconfined,42.7,39.52
2021-04-29,Devanahalli,13.23846517011489,77.68727230005015,12.2,39.1,41.0,9.3,422,555,Agricultural,Sandy,7.5,0.0,8.8,Unconfined,59.0,12.47
2020-11-30,Mysuru,12.29183218818116,76.6472902803375,39.18,35.2,32.5,6.7,1055,368,Urban,Silty,2.9,0.0,10.9,Confined,5.9,38.87
2022-05-26,Kolar,13.139001643709909,78.12525207807393,37.82,48.7,28.3,5.8,1393,745,Urban,Silty,22.8,0.0,10.6,Unconfined,9.6,37.23
2023-02-11,Hunasuru,12.308402025770464,76.27848714184826,13.21,1.9,25.0,7.1,1276,504,Agricultural,Loam,20.7,0.0,9.0,Unconfined,47.7,14.0
2022-11-15,Ballari,15.1556375424999,76.92904830483005,13.12,55.9,31.6,9.3,1164,237,Urban,Clay,1.8,0.0,6.8,Confined,2.9,12.5
2023-07-07,Sanduru,15.084545609239376,76.54316623210563,7.73,213.6,22.3,4.5,335,486,Agricultural,Loam,6.5,0.0,5.1,Confined,35.1,4.03
2025-08-02,Doddaballapura,13.294441629444236,77.55640899745976,24.81,93.9,24.1,7.1,1223,142,Agricultural,Silty,21.8,0.0,6.2,Unconfined,58.1,23.87
2023-02-15,Kundapura,13.623180064250958,74.69845049180717,39.37,4.6,20.3,4.5,280,212,Urban,Loam,23.6,-0.42,8.7,Confined,21.8,39.76
2021-08-23,Haveri,14.79232589174213,75.4120580928318,32.26,161.7,31.8,6.5,773,533,Agricultural,Loam,14.4,0.0,6.3,Confined,59.5,29.95
2025-02-14,Devanahalli,13.223781765189218,77.68662362281822,24.44,15.0,20.7,5.3,708,562,Agricultural,Loam,20.6,0.0,14.5,Confined,42.4,24.83
2023-01-02,Hubballi,15.367171545526855,75.12056165925901,32.57,5.7,26.8,7.2,179,409,Urban,Clay,22.0,0.0,13.4,Unconfined,2.3,32.84
2022-03-23,Haveri,14.809445348723012,75.41097069085109,18.85,45.5,28.1,6.1,693,373,Agricultural,Sandy,14.5,0.0,0.6,Confined,38.6,18.63
2022-10-28,Gokak,16.168250191372234,74.83638501254514,5.64,92.7,24.5,5.3,710,765,Urban,Clay,3.8,0.0,1.6,Unconfined,2.2,4.07
2024-06-04,Yadgir,16.7560201055707,77.13750834746772,31.01,62.1,22.9,5.0,367,257,Agricultural,Clay,3.5,0.0,14.3,Confined,32.7,30.35
2021-11-25,Anekal,12.714663903583498,77.70158876487585,28.79,57.7,31.7,8.8,1455,704,Urban,Loam,13.4,0.0,14.9,Confined,3.1,28.11
2024-11-15,Anekal,12.699413708577135,77.69326053546985,39.84,91.4,31.9,6.9,1308,428,Urban,Clay,6.8,0.0,5.1,Unconfined,4.8,38.41
2022-05-18,Mysuru,12.313974799799267,76.63403293811692,25.96,43.8,41.0,11.4,890,137,Urban,Loam,12.4,0.0,10.6,Unconfined,0.6,25.66
2025-09-09,Chikkamagaluru,13.306846143448668,75.78890745580856,36.66,198.4,31.8,8.4,880,182,Agricultural,Silty,13.7,0.0,4.3,Confined,31.7,33.43
2021-09-05,Ballari,15.141205916114663,76.94087898396486,32.67,100.1,26.4,6.9,587,410,Urban,Clay,2.9,0.0,1.5,Unconfined,3.5,31.05
2024-03-06,Devanahalli,13.231901020506587,77.71046738704557,17.99,4.3,31.3,8.0,937,169,Agricultural,Silty,19.4,0.0,3.6,Confined,25.1,18.55
2024-09-11,Kolar,13.123469027449318,78.135037992001,32.93,124.5,24.3,6.4,900,213,Urban,Loam,2.7,0.0,8.6,Confined,5.1,30.81
2021-02-17,Sanduru,15.082358505353163,76.5446249143034,38.35,2.4,25.0,5.3,193,390,Agricultural,Sandy,21.6,0.0,5.7,Confined,42.0,38.99
2020-12-23,Hubballi,15.348197381505111,75.11411360167256,39.58,11.1,25.2,6.4,109,656,Urban,Sandy,24.6,0.0,3.1,Confined,8.1,39.76
2023-12-21,Haveri,14.807682121143241,75.408079744358,8.54,10.9,29.4,8.5,1388,471,Agricultural,Sandy,6.3,0.0,5.0,Unconfined,39.3,9.14
2024-11-04,Mysuru,12.304293716451616,76.65796082628121,20.21,90.1,24.4,6.4,751,38,Urban,Sandy,10.1,0.0,12.1,Unconfined,3.0,18.76
2024-02-21,Puttur,12.775984382842067,75.22562375820566,39.76,0.9,25.2,5.6,941,22,Urban,Clay,7.6,0.02,12.7,Unconfined,18.5,40.2
2023-03-01,Ballari,15.141165622383514,76.93066573303314,23.4,5.6,35.1,8.6,870,538,Urban,Silty,15.4,0.0,0.2,Confined,6.7,23.79
2021-05-21,Udupi,13.330135519523049,74.7329312971816,38.23,13.9,41.3,11.8,498,553,Urban,Sandy,18.1,-0.21,3.1,Confined,36.6,38.93
2023-08-30,Devanahalli,13.23225099356069,77.70731165071234,5.45,94.2,25.9,6.5,1048,483,Agricultural,Loam,3.7,0.0,10.3,Confined,56.2,4.45
2024-07-24,Raichur,16.195512799038994,77.36297397083167,15.74,85.4,27.2,7.8,1178,684,Urban,Silty,21.4,0.0,11.1,Confined,1.0,14.43
2023-06-02,Gokak,16.16120368341274,74.8382693356675,20.07,190.1,25.6,6.0,613,799,Urban,Loam,11.0,0.0,10.9,Confined,7.7,16.65
2024-03-31,Haveri,14.792129437477717,75.41074401484174,29.96,13.2,32.8,8.9,1370,356,Agricultural,Clay,8.1,0.0,6.2,Unconfined,21.8,30.36
2023-03-22,Sakleshpura,12.960127654642518,75.8055175078095,15.84,21.3,31.5,7.2,1361,385,Agricultural,Clay,7.6,0.0,6.3,Confined,33.0,16.1
2021-09-12,Haveri,14.798244470152465,75.41490194110682,5.52,137.4,26.3,7.4,1120,159,Agricultural,Silty,16.6,0.0,11.4,Confined,24.5,3.39
2022-10-24,Karwar,14.826757598594526,74.12959491966969,27.56,94.0,25.8,6.4,1432,665,Forest,Loam,9.5,-0.66,11.7,Confined,18.7,26.25
2024-09-28,Shivamogga,13.929236574272679,75.57392475437582,17.09,199.6,26.6,6.6,428,134,Urban,Silty,11.5,0.0,3.1,Unconfined,6.7,13.49
2024-01-25,Sirsi,14.612796473683892,74.8448530031053,33.75,12.7,20.8,6.2,652,465,Agricultural,Silty,15.9,0.0,14.7,Confined,35.7,34.16
2023-05-22,Udupi,13.32468901393919,74.75189776074141,19.69,35.1,36.1,8.7,558,547,Agricultural,Clay,7.5,0.55,12.0,Unconfined,29.3,19.66
2022-12-10,Doddaballapura,13.287939224529019,77.54936631422798,7.41,18.0,25.1,5.3,875,395,Agricultural,Silty,16.2,0.0,1.0,Confined,39.1,7.71
2023-09-24,Chikkamagaluru,13.320645125261247,75.78125247332541,26.12,239.3,22.9,6.3,471,192,Agricultural,Loam,22.3,0.0,1.8,Confined,49.5,22.14
2024-03-12,Yadgir,16.776213331213853,77.13613588319271,28.17,23.0,34.6,7.8,1350,661,Agricultural,Loam,3.2,0.0,11.8,Confined,22.0,28.32
2021-08-19,Anekal,12.704831245202156,77.7134464496175,25.25,55.6,29.5,8.8,1234,22,Urban,Loam,18.6,0.0,13.8,Confined,5.3,24.63
2021-02-05,Sakleshpura,12.95851137697166,75.80674502340389,14.59,4.4,22.6,6.1,931,115,Agricultural,Sandy,5.6,0.0,6.8,Confined,41.4,15.22
2021-07-06,Kolar,13.135389881812458,78.12779289728445,27.34,145.0,31.8,8.6,605,588,Urban,Clay,23.8,0.0,5.7,Unconfined,0.1,24.87
2024-10-29,Ballari,15.142006232655039,76.90834397812073,34.28,82.9,26.2,7.3,620,666,Urban,Sandy,8.5,0.0,1.3,Unconfined,8.9,33.08
2021-11-16,Ballari,15.139059992297765,76.89972924667256,28.98,28.2,32.4,7.1,747,440,Urban,Loam,19.8,0.0,0.3,Confined,0.2,28.77
2021-12-25,Shivamogga,13.922925263380913,75.57902015162281,25.53,10.5,24.3,5.1,1492,769,Urban,Sandy,12.7,0.0,10.1,Confined,2.7,25.6
2023-05-11,Karwar,14.82312264270847,74.13863122152851,32.58,4.0,41.9,8.6,1177,554,Urban,Silty,13.8,0.04,2.0,Confined,35.9,33.29
2022-11-05,Hunasuru,12.321045908528168,76.2784260052109,5.93,47.4,29.7,8.9,1495,656,Agricultural,Loam,7.8,0.0,2.0,Unconfined,43.8,5.86
2021-01-08,Sirsi,14.605062709477181,74.83936526156057,24.76,13.8,29.4,6.9,1084,474,Agricultural,Clay,24.3,0.0,11.7,Unconfined,23.2,25.06
2022-01-01,Chikkamagaluru,13.317614993769656,75.77481283289238,10.46,3.0,23.7,6.4,271,197,Agricultural,Clay,22.7,0.0,0.5,Unconfined,46.5,11.19
2021-03-21,Doddaballapura,13.289277712151817,77.53747286261518,15.02,47.3,38.8,11.2,603,715,Agricultural,Silty,18.6,0.0,2.3,Confined,29.5,14.93
2023-07-31,Karwar,14.81707225109676,74.14197649737801,38.02,163.3,29.4,7.1,276,591,Urban,Sandy,1.9,0.86,4.3,Unconfined,5.3,35.08
2022-10-11,Udupi,13.318234713890467,74.77365482161223,25.16,44.8,26.9,7.2,1043,739,Agricultural,Silty,22.4,-0.0,8.8,Confined,38.3,25.01
2023-05-11,Sringeri,13.405571407087386,75.22981849210498,36.51,46.3,36.8,8.5,703,168,Agricultural,Silty,15.9,0.0,3.9,Unconfined,59.8,36.61
2024-12-03,Karwar,14.819937848910556,74.10706332775167,36.1,1.3,29.7,8.6,139,395,Forest,Clay,1.7,-0.58,8.9,Unconfined,6.1,36.62
2022-06-09,Devanahalli,13.23151837672412,77.70277587906203,16.08,183.2,27.0,6.7,1259,155,Agricultural,Loam,13.5,0.0,1.5,Unconfined,25.2,13.0
2023-02-07,Ballari,15.134917143300608,76.91847241842216,21.21,6.9,29.6,7.0,208,328,Urban,Sandy,13.7,0.0,8.4,Confined,3.1,21.45
2021-06-01,Sakleshpura,12.988378398696636,75.77674481072275,38.86,143.1,24.8,7.0,784,562,Agricultural,Silty,3.6,0.0,1.1,Confined,22.5,36.57
2024-10-30,Ballari,15.130620278752355,76.93045466380828,30.43,46.5,28.1,8.4,1155,110,Urban,Sandy,13.7,0.0,6.6,Unconfined,8.7,30.01
2020-11-11,Mandya,12.506116390470446,76.89887838492797,33.45,54.4,24.7,7.2,320,419,Agricultural,Silty,10.8,0.0,0.7,Unconfined,33.2,33.05
2022-07-27,Athani,16.725627692708922,75.06152844266043,24.31,158.7,28.4,6.7,397,572,Agricultural,Sandy,14.4,0.0,3.6,Confined,21.1,21.68
2025-07-01,Sanduru,15.09173603695894,76.5570811184598,12.09,112.3,26.6,6.7,1264,522,Agricultural,Loam,9.9,0.0,13.7,Confined,44.7,10.63
2021-03-17,Ballari,15.131862529195297,76.93901778772604,18.42,2.4,32.4,9.3,541,451,Urban,Silty,11.6,0.0,1.1,Unconfined,9.8,18.94
2023-06-09,Mangaluru,12.911571689520093,74.84093922076582,33.62,105.9,30.7,8.7,445,80,Forest,Sandy,7.6,0.69,5.8,Unconfined,7.7,31.94
2021-02-07,Mandya,12.521881191958876,76.87058153808783,8.46,16.7,26.5,7.6,1253,555,Agricultural,Silty,22.4,0.0,10.5,Confined,53.8,9.04
2024-08-20,Mangaluru,12.919727077768114,74.84264860640266,14.93,135.4,31.2,7.6,120,399,Urban,Silty,10.2,-0.86,10.0,Confined,7.6,12.76
2024-08-11,Sagara,14.149379022635083,75.0335379009331,13.84,135.0,25.4,5.4,565,173,Agricultural,Clay,20.2,0.0,6.4,Confined,51.6,11.93
2025-07-20,Puttur,12.759127946361968,75.19600907498139,39.26,83.4,31.1,6.3,153,525,Agricultural,Loam,20.3,0.27,6.3,Confined,36.2,38.24
2022-01-05,Chitradurga,14.213940496722303,76.3934446162413,17.32,14.1,24.5,7.1,340,514,Urban,Silty,4.2,0.0,14.1,Unconfined,6.9,17.46
2021-05-07,Kollegala,12.148798428257209,77.12612190022179,15.16,19.4,33.6,7.5,426,297,Agricultural,Silty,19.1,0.0,5.9,Unconfined,37.9,15.53
2023-03-31,Kundapura,13.628479654058482,74.68916775349025,23.21,12.4,31.8,6.9,1304,415,Agricultural,Sandy,20.5,-0.94,13.3,Unconfined,8.8,23.49
2023-12-25,Athani,16.738160624950282,75.06399239946423,24.94,7.2,21.9,5.3,288,416,Agricultural,Silty,1.0,0.0,14.8,Unconfined,34.4,25.41
2023-05-24,Sringeri,13.416552407554045,75.25168670391452,15.34,9.7,41.0,11.6,210,34,Agricultural,Sandy,10.7,0.0,9.3,Confined,37.1,16.1
2024-09-03,Sirsi,14.607654187119905,74.81067667953123,37.84,73.7,22.3,5.9,767,710,Agricultural,Loam,16.6,0.0,4.8,Confined,47.9,37.14
2023-06-26,Sanduru,15.083465061890562,76.5487851287245,36.15,85.3,22.5,5.0,1046,659,Agricultural,Loam,19.5,0.0,1.3,Confined,54.8,35.24
2022-01-11,Bagalkote,16.179294158489427,75.69640264169556,31.22,4.7,21.5,5.1,1064,239,Urban,Clay,10.8,0.0,9.4,Confined,2.9,31.41
2024-03-13,Badami,15.906447203794318,75.67623121127062,13.73,24.9,36.5,7.5,979,159,Agricultural,Clay,6.6,0.0,10.1,Unconfined,39.0,14.0
2023-07-17,Shivamogga,13.903088671255333,75.58308349276128,17.03,131.5,28.5,6.1,1384,73,Urban,Clay,12.7,0.0,14.8,Unconfined,6.8,14.77
2024-07-02,Sanduru,15.109544336376423,76.55836113040733,24.4,213.3,23.9,6.9,639,753,Agricultural,Silty,13.6,0.0,3.3,Confined,22.7,20.71
2023-04-26,Shivamogga,13.926440219428372,75.56141250036423,16.34,13.5,33.5,9.9,255,16,Urban,Sandy,17.1,0.0,6.9,Unconfined,1.3,16.58
2023-12-05,Mangaluru,12.908550121354306,74.85670167422627,23.12,1.5,25.4,7.5,201,87,Urban,Silty,6.6,0.99,0.9,Confined,30.4,23.67
2020-09-29,Kollegala,12.155163575527745,77.1071636666067,20.45,157.2,23.1,4.8,1481,635,Agricultural,Silty,9.7,0.0,12.2,Unconfined,44.2,17.99
2024-10-19,Davanagere,14.45698408380195,75.93138288666965,8.57,88.8,29.0,8.6,880,267,Urban,Clay,5.9,0.0,6.8,Confined,7.0,7.29
2022-04-29,Puttur,12.759191410198776,75.22373054408565,26.3,21.8,31.9,9.2,652,200,Urban,Loam,22.3,-0.78,9.6,Unconfined,31.9,26.72
2024-04-22,Raichur,16.201047609619597,77.34593984829236,18.94,17.5,30.7,8.9,185,457,Urban,Clay,22.8,0.0,10.2,Confined,8.8,19.12
2024-10-08,Kundapura,13.63648386811582,74.68312243905731,36.17,93.3,30.8,9.0,720,389,Urban,Silty,1.7,-0.03,9.8,Unconfined,15.3,34.91
2025-07-30,Chikkamagaluru,13.321828807541507,75.79330531545655,33.22,115.7,24.5,5.0,117,387,Agricultural,Loam,9.0,0.0,13.1,Confined,40.4,31.56
2025-07-31,Hassan,13.02815933064189,76.10264607847085,22.69,82.8,25.6,5.7,927,433,Urban,Sandy,8.6,0.0,9.9,Confined,8.2,21.4
2021-04-04,Sirsi,14.631124149092027,74.83398162716328,15.78,9.1,34.7,9.3,1226,294,Agricultural,Loam,11.2,0.0,11.1,Unconfined,34.7,16.41
2022-11-08,Hubballi,15.361937758607487,75.12429529024897,10.7,61.5,29.4,8.5,892,563,Urban,Sandy,18.6,0.0,9.1,Unconfined,3.6,9.93
2021-06-04,Bengaluru North,13.028418009462447,77.6091341108762,39.32,199.7,23.9,4.8,350,224,Urban,Silty,7.1,0.0,6.9,Unconfined,3.5,35.6
2022-09-15,Chitradurga,14.235327090663361,76.39429406443176,9.53,119.0,25.1,5.8,683,58,Urban,Silty,16.5,0.0,7.4,Unconfined,1.3,7.45
2021-11-28,Puttur,12.749510144756984,75.21214414620952,26.54,62.7,25.7,6.8,344,263,Urban,Silty,20.5,0.76,9.0,Unconfined,26.9,25.82
2022-11-20,Gokak,16.170787724302745,74.83282140421923,22.51,48.4,31.6,7.1,898,754,Urban,Clay,23.8,0.0,0.5,Unconfined,1.1,21.91
2025-01-09,Mandya,12.516949452682436,76.88190640861511,35.23,8.9,27.2,5.6,285,711,Agricultural,Sandy,23.8,0.0,14.3,Confined,57.6,35.91
2022-01-03,Sirsi,14.608135253352362,74.84273856409379,18.25,5.0,29.8,8.1,179,60,Agricultural,Loam,7.2,0.0,14.6,Unconfined,40.1,18.96
2020-11-14,Kollegala,12.16606518581809,77.12956102574182,14.91,81.7,33.4,9.6,972,74,Agricultural,Silty,18.7,0.0,3.2,Unconfined,46.9,14.22
2023-08-29,Madikeri,12.415442438547066,75.72496319889903,38.18,221.2,24.5,6.6,344,338,Agricultural,Clay,18.5,0.0,11.1,Confined,23.1,34.32
2021-02-10,Devanahalli,13.23005463019462,77.69870394070726,34.7,8.4,28.9,8.6,1490,265,Agricultural,Sandy,22.7,0.0,7.2,Confined,24.9,35.21
2022-02-07,Puttur,12.78080806637914,75.21572610086425,24.39,18.3,25.1,6.5,209,107,Urban,Sandy,14.6,0.12,10.4,Unconfined,27.5,24.61
2023-05-28,Karwar,14.803009438151328,74.13895425173486,18.48,5.7,33.8,7.0,710,305,Urban,Clay,11.9,-0.26,5.2,Confined,37.7,19.12
2024-08-26,Raichur,16.216064404418944,77.3558594235511,31.7,113.9,24.4,7.2,1428,422,Urban,Silty,18.8,0.0,8.6,Confined,1.7,29.8
2025-04-09,Ballari,15.134177793015759,76.89569156929467,17.7,37.1,35.1,10.4,1459,317,Urban,Clay,9.6,0.0,14.2,Confined,2.8,17.51
2025-07-25,Bagalkote,16.16555208477055,75.70223825196975,23.94,117.7,25.7,5.8,457,405,Urban,Clay,15.3,0.0,7.1,Confined,2.7,21.9
2021-01-05,Doddaballapura,13.292273728685394,77.54996468326698,31.79,9.9,27.5,7.1,1489,294,Agricultural,Silty,23.8,0.0,0.3,Unconfined,33.9,32.29
2024-07-21,Yadgir,16.763419223558834,77.13583957269307,35.41,137.3,29.8,6.4,694,166,Agricultural,Loam,19.4,0.0,3.4,Unconfined,31.1,33.29
2023-07-21,Bagalkote,16.191742447855987,75.70993079341407,14.94,103.0,28.3,8.4,434,569,Urban,Sandy,7.0,0.0,4.8,Confined,8.9,13.39
2025-04-22,Mangaluru,12.90775783591856,74.85811003822322,6.23,2.7,29.9,8.1,964,258,Agricultural,Loam,14.5,0.92,2.9,Confined,13.6,6.63
2024-01-07,Yadgir,16.755492791581712,77.14818373038015,18.38,0.8,23.0,5.7,264,384,Agricultural,Sandy,13.8,0.0,1.4,Confined,47.0,19.12
2024-12-24,Haveri,14.787092506559228,75.39712715715385,7.69,19.7,20.2,4.1,1163,183,Agricultural,Silty,18.5,0.0,7.4,Confined,53.5,8.04
2020-11-27,Tumakuru,13.352016629361483,77.10819080585968,24.62,99.1,33.1,9.1,490,534,Urban,Sandy,24.8,0.0,13.6,Confined,9.9,23.19
2021-02-17,Mandya,12.516930787142748,76.90880305951131,34.52,16.2,20.8,5.0,701,119,Agricultural,Sandy,4.6,0.0,3.4,Unconfined,24.2,34.69
2023-10-03,Sirsi,14.631614423498478,74.84582970697033,31.61,49.6,31.2,7.3,643,597,Agricultural,Silty,24.0,0.0,11.9,Unconfined,50.5,31.49
2022-05-06,Sirsi,14.628716745510154,74.8678634015873,22.46,35.5,33.5,8.1,1454,372,Agricultural,Sandy,16.0,0.0,6.2,Confined,26.8,22.42
2023-06-06,Madikeri,12.42836367651457,75.71980637529938,35.41,237.7,25.4,6.5,365,438,Agricultural,Clay,10.3,0.0,6.0,Confined,46.3,31.44
2021-08-18,Anekal,12.715108161267182,77.70538774660909,39.22,55.3,30.2,8.8,441,390,Urban,Silty,20.8,0.0,3.1,Unconfined,7.5,38.63
2023-09-03,Hassan,13.022769248495644,76.07739676833671,15.78,175.3,22.1,6.2,163,259,Urban,Clay,8.8,0.0,13.5,Confined,5.5,12.64
2025-01-10,Udupi,13.344496100325308,74.747360946412,10.05,2.8,26.5,6.2,246,589,Agricultural,Clay,17.4,0.91,12.5,Confined,32.3,10.54
2025-02-14,Raichur,16.189198355816107,77.36334967868498,35.04,18.6,21.2,5.4,1153,41,Urban,Loam,16.2,0.0,1.2,Confined,7.8,35.02
2023-02-10,Ballari,15.133719537135423,76.92208011742748,24.99,11.8,29.9,8.6,720,704,Urban,Loam,17.4,0.0,13.4,Unconfined,9.8,25.28
2021-10-23,Davanagere,14.4586635589259,75.91811271560543,6.09,88.1,33.1,7.8,979,434,Urban,Clay,2.3,0.0,12.8,Unconfined,8.7,4.8
2023-01-23,Karwar,14.81175363278083,74.12325954686571,39.26,12.5,29.7,8.1,975,501,Urban,Silty,5.8,-0.49,1.6,Confined,14.3,39.61
2021-08-30,Haveri,14.799863479677626,75.4059790303334,8.13,202.0,25.6,6.6,1040,517,Agricultural,Sandy,18.2,0.0,0.7,Unconfined,20.7,4.63
2023-11-03,Tumakuru,13.34355782911992,77.10151660091302,32.84,66.8,27.1,7.3,1463,799,Urban,Clay,12.0,0.0,7.0,Unconfined,8.0,31.95
2024-05-10,Ballari,15.116474757512613,76.91444025524305,26.1,40.8,41.4,10.6,1132,358,Urban,Sandy,10.9,0.0,10.0,Unconfined,0.4,25.82
2025-01-03,Hassan,13.00111615042881,76.1093531943547,6.53,4.6,22.3,6.2,1315,618,Urban,Clay,1.7,0.0,9.3,Unconfined,2.2,6.77
2024-03-03,Puttur,12.763721113952778,75.22314270118532,15.89,29.1,35.1,10.1,645,327,Urban,Sandy,20.0,0.01,0.3,Unconfined,35.4,16.17
2021-01-16,Doddaballapura,13.289998480709624,77.5484107701131,6.78,1.1,22.5,5.5,204,366,Agricultural,Sandy,16.3,0.0,9.8,Unconfined,58.0,7.61
2024-11-26,Udupi,13.321960541137447,74.74796520029841,12.98,62.6,31.4,7.1,1139,553,Urban,Loam,8.2,-0.63,1.9,Confined,13.5,12.28
2022-05-06,Udupi,13.325305056840863,74.76816583543669,26.95,21.3,32.9,8.2,106,359,Forest,Silty,14.5,0.9,0.6,Confined,17.7,27.02
2021-12-18,Bengaluru North,13.045267299164003,77.58162833488008,26.04,4.1,20.4,6.1,515,595,Urban,Silty,12.4,0.0,2.4,Unconfined,1.3,26.28
2025-04-22,Athani,16.758691758076782,75.04690383679657,26.54,37.0,29.9,8.6,454,155,Agricultural,Silty,3.4,0.0,6.8,Confined,32.6,26.56
2021-12-18,Doddaballapura,13.281887628475296,77.56446011895859,11.9,9.9,25.7,7.5,547,760,Agricultural,Sandy,9.6,0.0,8.5,Unconfined,37.0,12.45
2021-06-08,Mangaluru,12.924691882461698,74.85513930718373,27.0,201.4,25.2,5.1,1082,373,Urban,Loam,21.4,0.78,2.3,Confined,22.5,23.37
2021-07-14,Madikeri,12.428103784092052,75.74117028802927,27.84,184.2,25.2,6.5,823,798,Agricultural,Sandy,2.2,0.0,4.7,Confined,59.4,25.07
2024-01-10,Puttur,12.747930438033924,75.19959431138797,36.06,13.0,20.7,5.5,641,93,Forest,Silty,17.5,-0.86,7.8,Unconfined,21.8,36.38
2025-03-23,Ballari,15.149014878527742,76.93250445663583,35.94,32.0,37.8,10.7,828,574,Urban,Loam,4.6,0.0,4.8,Confined,4.1,35.88
2023-08-21,Yadgir,16.78558549211536,77.14431498172634,11.66,78.3,23.1,6.3,1100,86,Agricultural,Loam,19.3,0.0,6.4,Unconfined,21.1,10.62
2024-05-12,Davanagere,14.468802730687898,75.92204447856004,39.87,43.4,30.8,7.3,983,456,Urban,Silty,6.4,0.0,14.4,Confined,3.4,39.4
2025-02-01,Gokak,16.174372461406396,74.82639487713716,25.1,12.7,28.0,7.6,799,396,Urban,Sandy,18.5,0.0,6.3,Unconfined,2.5,25.25
2025-06-30,Kundapura,13.643103956620312,74.70381438654705,20.5,51.5,22.9,5.3,1290,695,Urban,Sandy,16.6,-0.95,4.2,Confined,13.9,19.97
2021-07-22,Sringeri,13.445203379160153,75.25489248335288,12.99,243.4,28.3,6.6,196,70,Agricultural,Sandy,6.1,0.0,10.6,Unconfined,49.7,8.95
2022-01-23,Sagara,14.179535375099148,75.03255622430324,31.56,8.7,28.3,7.0,597,792,Agricultural,Sandy,22.0,0.0,10.9,Confined,40.0,32.14
2024-09-12,Tumakuru,13.32768939883723,77.11612184307465,16.76,135.6,29.9,7.1,1098,670,Urban,Silty,24.7,0.0,8.2,Confined,7.6,14.48
2022-09-03,Kundapura,13.626296018622952,74.69034671440006,21.86,72.3,27.3,6.4,926,422,Urban,Clay,24.1,0.42,9.5,Unconfined,23.4,20.93
2021-05-06,Chikkamagaluru,13.308912750433992,75.79427727250113,28.37,9.0,36.5,8.7,161,196,Agricultural,Clay,13.2,0.0,14.4,Confined,37.7,29.0
2021-03-06,Sakleshpura,13.002147495081493,75.7876957358362,37.68,48.6,31.2,8.4,834,360,Agricultural,Sandy,16.0,0.0,1.5,Unconfined,59.5,37.72
2025-09-19,Sirsi,14.617386798199828,74.83563969004358,29.7,143.8,31.4,6.9,1116,287,Agricultural,Silty,23.3,0.0,5.1,Confined,40.2,27.57
2025-05-29,Raichur,16.21233351138397,77.35202284693953,14.59,21.7,33.4,6.9,983,250,Urban,Sandy,8.6,0.0,0.1,Unconfined,9.8,14.6
2021-07-29,Sanduru,15.089905307802098,76.55645861172448,21.27,76.9,26.1,7.5,671,98,Agricultural,Silty,11.7,0.0,10.3,Unconfined,59.7,20.7
2020-09-27,Puttur,12.764085128298602,75.19817375820536,17.39,168.3,25.4,7.5,1134,251,Agricultural,Clay,14.8,0.63,3.4,Confined,29.7,14.63
2023-12-06,Sanduru,15.097624035109845,76.5531718515493,5.22,16.7,23.3,4.8,599,119,Agricultural,Silty,10.2,0.0,7.1,Unconfined,46.9,5.6
2022-08-18,Yadgir,16.75754031417045,77.1497497340342,24.19,146.3,31.5,8.0,372,120,Agricultural,Silty,7.5,0.0,6.7,Unconfined,38.6,22.05
2023-10-27,Hubballi,15.353783876789793,75.13121505586983,10.75,25.2,25.9,6.4,1240,146,Urban,Silty,22.6,0.0,5.9,Unconfined,0.2,10.57
2022-02-23,Sagara,14.174217107946038,75.02118513375544,13.75,4.5,27.8,6.1,546,39,Agricultural,Loam,15.5,0.0,9.7,Confined,29.7,14.26
2021-05-24,Ballari,15.138085471167695,76.91425700151187,16.84,1.6,35.9,7.6,1390,662,Urban,Loam,7.6,0.0,6.8,Unconfined,3.7,17.22
2023-10-13,Badami,15.943921985770796,75.6852920392198,27.55,77.1,28.1,6.5,377,545,Agricultural,Loam,23.2,0.0,2.9,Unconfined,51.6,26.85
2022-12-11,Gokak,16.15783282281359,74.86391657405005,24.94,10.7,27.0,7.7,984,370,Urban,Sandy,8.2,0.0,9.5,Unconfined,9.9,25.21
2021-02-23,Raichur,16.204117692926427,77.33934403137539,34.66,17.5,26.6,6.7,1190,365,Urban,Sandy,24.3,0.0,9.7,Unconfined,9.5,34.74
2024-11-21,Athani,16.735601760133278,75.06318807639566,32.36,57.5,28.2,5.8,1044,420,Agricultural,Silty,18.3,0.0,0.7,Unconfined,29.7,31.8
2023-12-29,Anekal,12.70525110269245,77.6914894273111,9.23,15.6,20.6,5.3,422,720,Urban,Silty,3.6,0.0,14.2,Confined,5.0,9.23
2025-03-12,Mysuru,12.293016692746859,76.65125770344903,27.14,18.7,29.4,6.2,286,654,Urban,Loam,9.0,0.0,13.7,Unconfined,3.5,27.11
2024-03-15,Devanahalli,13.233212265944367,77.69485911623855,33.2,35.9,36.1,8.9,737,339,Agricultural,Sandy,19.2,0.0,14.2,Unconfined,55.0,33.48
2024-12-29,Badami,15.918236749811669,75.69087408694045,11.0,19.9,25.5,6.4,1098,782,Agricultural,Sandy,5.7,0.0,4.8,Confined,25.0,11.17
2024-08-18,Badami,15.92484514680404,75.6713212432295,13.5,118.4,27.1,6.6,511,408,Agricultural,Loam,5.4,0.0,9.8,Unconfined,55.0,12.01
2023-05-19,Mandya,12.523422439519111,76.90473590279315,8.82,9.6,36.7,7.5,739,629,Agricultural,Clay,6.4,0.0,12.6,Unconfined,24.8,9.25
2024-10-01,Tumakuru,13.35980841556684,77.11674962731092,7.61,42.3,28.7,6.9,319,563,Urban,Sandy,6.3,0.0,10.9,Unconfined,4.9,7.16
2022-04-28,Mangaluru,12.928433088761258,74.84604947566781,31.37,45.1,35.6,8.5,860,138,Urban,Sandy,6.6,-0.32,1.5,Unconfined,21.9,31.14
2021-11-02,Udupi,13.340427051593549,74.75322508734199,7.58,68.0,28.0,7.9,404,238,Forest,Silty,12.2,-0.88,12.8,Confined,36.0,7.06
2024-11-01,Gokak,16.166376307163087,74.81339464222194,15.93,55.7,31.2,7.7,581,131,Urban,Sandy,11.1,0.0,6.8,Confined,0.1,15.2
2021-06-10,Raichur,16.210497545333798,77.34314256000292,39.19,55.6,25.8,7.4,1327,657,Urban,Silty,15.6,0.0,10.1,Unconfined,7.4,38.52
2022-12-29,Udupi,13.337244580187873,74.75570906112334,5.28,6.8,21.8,6.2,672,697,Urban,Sandy,21.2,-0.71,11.4,Confined,17.4,5.7
2024-09-19,Udupi,13.337329079504306,74.75040322858226,27.05,219.7,31.1,7.8,1291,37,Urban,Loam,14.0,0.47,14.3,Unconfined,23.3,23.23
2024-02-10,Kundapura,13.635971079430298,74.7042615023998,21.23,7.0,29.0,8.1,1214,521,Forest,Silty,3.9,-0.09,8.7,Unconfined,38.3,21.89
2025-04-10,Davanagere,14.450963248372712,75.90591807178335,18.7,31.5,37.0,9.1,1337,261,Urban,Silty,14.2,0.0,7.2,Confined,4.9,18.57
2025-01-11,Karwar,14.80777200192147,74.11451518320698,25.74,11.4,20.5,4.5,1498,707,Urban,Sandy,12.1,0.35,12.5,Confined,37.6,26.08
2024-01-30,Puttur,12.771424260453001,75.2149704750652,19.93,7.0,22.6,5.6,527,628,Forest,Silty,13.1,0.81,4.3,Confined,6.9,20.06
2023-12-15,Haveri,14.798817288932502,75.40768771242858,8.73,14.7,20.4,6.1,901,195,Agricultural,Sandy,7.5,0.0,1.1,Confined,24.2,8.98
2022-10-28,Madikeri,12.414029675890855,75.73266058264088,11.17,47.1,30.9,6.2,1445,606,Agricultural,Loam,24.4,0.0,7.1,Confined,53.1,11.07
2025-03-09,Mysuru,12.290749487773262,76.62961291198104,9.96,9.4,29.4,8.8,511,458,Urban,Loam,14.7,0.0,14.2,Unconfined,4.5,10.26
2023-03-25,Sringeri,13.435121269128574,75.26295874752606,16.81,19.2,32.6,9.3,791,310,Agricultural,Loam,21.8,0.0,12.1,Confined,52.1,17.41
2021-06-19,Devanahalli,13.241781780086113,77.69950050945307,25.91,116.9,26.1,7.6,1016,649,Agricultural,Sandy,10.4,0.0,10.7,Confined,51.1,24.46
2024-12-08,Ballari,15.136834835342752,76.92987293424653,21.15,3.2,24.5,5.6,590,78,Urban,Silty,12.2,0.0,4.7,Confined,3.4,21.4
2023-07-03,Mangaluru,12.88805579316112,74.84576081107193,6.87,208.7,29.7,7.0,1063,731,Agricultural,Sandy,13.9,0.15,14.1,Confined,35.6,3.39
2020-10-23,Chitradurga,14.217652773583634,76.38723484741267,13.52,75.3,27.5,6.9,231,426,Urban,Loam,9.0,0.0,8.0,Unconfined,3.3,12.39
2023-09-10,Yadgir,16.754725554915243,77.13886722475903,37.86,89.7,30.7,6.3,447,414,Agricultural,Loam,6.3,0.0,1.2,Confined,46.3,36.84
2025-05-14,Madikeri,12.430456202602567,75.73573305811054,27.08,36.1,33.6,9.0,727,144,Agricultural,Sandy,17.0,0.0,8.0,Confined,28.7,27.09
2025-09-05,Bengaluru North,13.04908592456392,77.61221842050678,23.46,170.9,30.5,8.4,430,179,Urban,Sandy,24.0,0.0,14.5,Confined,5.3,20.52
2023-06-16,Kundapura,13.61967415576671,74.69410161643235,24.51,189.8,22.9,5.8,1232,21,Urban,Loam,3.9,0.26,2.0,Unconfined,30.9,21.29
2021-11-28,Sirsi,14.608072029027339,74.84452961739625,22.73,30.1,30.8,8.3,515,389,Agricultural,Sandy,5.5,0.0,7.6,Confined,43.4,22.98
2025-05-01,Haveri,14.804658658502136,75.40409274568462,31.56,39.9,30.7,7.0,1037,614,Agricultural,Silty,10.8,0.0,1.1,Confined,55.7,31.67
2022-07-01,Kolar,13.13852181736369,78.13056315801161,35.33,94.6,25.6,6.1,234,229,Urban,Sandy,14.7,0.0,0.2,Confined,8.1,33.82
2022-02-16,Sringeri,13.404017513901332,75.23611332338422,38.38,16.7,25.4,6.0,1308,323,Agricultural,Loam,20.3,0.0,12.6,Unconfined,39.0,38.74
2023-07-26,Mysuru,12.284178471279938,76.63224818554336,5.28,215.5,23.7,6.0,284,33,Urban,Loam,17.3,0.0,5.2,Unconfined,5.4,1.32
2022-03-08,Davanagere,14.455872202466624,75.91445949142009,10.83,3.2,37.2,10.9,733,752,Urban,Loam,22.9,0.0,11.4,Unconfined,8.5,11.4
2024-12-10,Athani,16.73807225463245,75.04280906445346,5.89,8.2,25.2,5.1,240,694,Agricultural,Sandy,8.9,0.0,9.4,Confined,22.5,6.21
2025-09-01,Haveri,14.796406628419604,75.43646149034933,8.72,194.7,29.0,6.7,1190,442,Agricultural,Loam,1.2,0.0,4.8,Confined,20.8,5.37
2025-07-24,Sringeri,13.408065251145782,75.25728746674355,37.78,139.5,24.0,6.2,1489,589,Agricultural,Silty,1.9,0.0,1.3,Unconfined,45.1,35.75
2022-04-16,Haveri,14.789626999846773,75.39433502654133,25.0,16.9,41.1,10.5,969,158,Agricultural,Clay,23.7,0.0,5.3,Confined,40.4,25.59
2021-11-06,Davanagere,14.464520601124255,75.93237494890145,19.98,55.7,25.7,5.7,1059,292,Urban,Clay,14.7,0.0,13.8,Unconfined,8.0,19.23
2023-02-02,Sakleshpura,12.959508580228517,75.78482464858523,16.39,4.1,26.6,7.3,1115,343,Agricultural,Sandy,17.7,0.0,8.1,Unconfined,45.1,17.12
2024-12-11,Kolar,13.142526757379509,78.14049617134522,7.03,1.4,23.7,4.8,638,20,Urban,Sandy,24.7,0.0,2.6,Unconfined,2.3,7.27
2025-01-02,Devanahalli,13.22728063716504,77.69445717619003,24.82,18.3,25.7,6.0,931,489,Agricultural,Sandy,7.5,0.0,1.5,Confined,43.4,25.19
2023-07-31,Devanahalli,13.222906799632135,77.70559238753233,24.34,245.0,30.9,8.1,1093,548,Agricultural,Clay,17.8,0.0,0.3,Confined,29.4,20.14
2024-02-16,Madikeri,12.423606372755303,75.74520000966028,19.63,6.8,27.4,6.3,974,263,Agricultural,Loam,23.7,0.0,4.1,Confined,48.5,20.29
2025-02-20,Yadgir,16.75946170964243,77.13105523780801,36.85,6.6,27.2,5.7,1254,153,Agricultural,Sandy,6.4,0.0,8.0,Unconfined,57.0,37.57
2023-07-22,Gokak,16.168847851703262,74.83548275285136,5.6,136.1,24.5,5.6,124,623,Urban,Clay,4.6,0.0,4.8,Unconfined,3.3,3.19
2023-06-16,Mysuru,12.280920342629036,76.63667348508167,30.55,174.4,26.1,6.6,1170,737,Urban,Silty,9.7,0.0,8.6,Confined,7.5,27.47
2025-07-20,Sanduru,15.094403643526116,76.54809838558157,39.94,87.9,28.4,6.3,1405,442,Agricultural,Clay,17.5,0.0,12.3,Confined,59.7,39.09
2022-01-20,Devanahalli,13.24682610380687,77.70420583708079,25.76,3.3,22.3,4.5,1078,635,Agricultural,Clay,13.1,0.0,6.4,Unconfined,50.1,26.42
2025-09-08,Shivamogga,13.932457424309712,75.56899611623236,24.86,73.2,24.5,6.6,934,261,Urban,Clay,20.3,0.0,6.9,Confined,1.8,23.74
2021-08-27,Tumakuru,13.330978789460042,77.0979784025522,25.86,77.8,29.0,8.0,487,276,Urban,Sandy,21.7,0.0,6.7,Unconfined,9.4,24.8
2024-05-09,Haveri,14.801421992755229,75.39448106465194,5.99,28.3,36.4,7.8,137,559,Agricultural,Clay,3.1,0.0,3.0,Unconfined,34.1,6.16
2023-06-18,Gokak,16.159897482289917,74.82581817073354,14.55,208.8,31.2,7.5,244,15,Urban,Sandy,1.3,0.0,5.5,Unconfined,2.1,10.77
2021-09-29,Mandya,12.515048274809379,76.90028889550457,15.37,239.9,22.6,5.3,1494,468,Agricultural,Sandy,8.8,0.0,13.9,Confined,45.1,11.29
2021-07-02,Bengaluru North,13.028289016907186,77.60538631507569,13.87,75.7,30.8,7.8,610,197,Urban,Loam,17.7,0.0,8.8,Unconfined,9.0,12.84
2023-11-05,Bengaluru North,13.02743876361134,77.59047048157578,12.07,58.4,33.2,9.9,885,56,Urban,Sandy,18.8,0.0,7.1,Unconfined,9.3,11.49
2022-09-13,Gokak,16.167340765742512,74.84599872155343,30.32,195.0,26.5,7.6,1475,510,Urban,Sandy,16.3,0.0,6.6,Confined,0.6,26.81
2025-01-29,Shivamogga,13.932727662371411,75.57343272134949,30.59,13.7,22.3,6.2,1108,38,Urban,Sandy,24.5,0.0,7.7,Unconfined,0.3,30.63
2022-01-19,Mysuru,12.314528704842289,76.63860253528892,9.95,13.4,24.7,5.1,1283,749,Urban,Sandy,2.6,0.0,6.3,Unconfined,6.6,10.0
2020-10-04,Hunasuru,12.317956215428799,76.2778524840744,27.91,53.1,26.1,5.6,940,748,Agricultural,Sandy,10.5,0.0,10.3,Unconfined,23.9,27.37
2022-12-06,Yadgir,16.769256895275905,77.14614946354327,21.38,1.2,27.2,6.6,293,774,Agricultural,Clay,22.1,0.0,5.7,Unconfined,44.6,22.13
2021-12-04,Karwar,14.809008319467951,74.11829609438524,22.8,10.3,20.5,5.1,831,331,Forest,Loam,14.9,0.47,8.0,Confined,17.9,22.98
2025-05-08,Sirsi,14.619041860123824,74.81273024161868,27.84,16.7,37.0,10.9,1039,193,Agricultural,Silty,4.7,0.0,10.4,Unconfined,24.1,28.29
2021-04-28,Sanduru,15.097816866662628,76.56146956734652,28.04,9.7,34.4,8.1,1241,604,Agricultural,Loam,4.0,0.0,2.1,Confined,27.0,28.52
2022-07-13,Devanahalli,13.230917272348734,77.70873497766794,24.98,108.6,31.2,8.0,1390,656,Agricultural,Sandy,19.6,0.0,8.0,Confined,40.2,23.61
2021-06-01,Hunasuru,12.324968928154295,76.29492711685404,14.14,81.2,26.2,6.4,754,562,Agricultural,Silty,3.3,0.0,8.3,Unconfined,35.0,13.19
2024-05-30,Sagara,14.15472136616326,75.0125205769503,28.39,1.7,41.2,10.4,178,195,Agricultural,Loam,19.1,0.0,4.0,Confined,42.4,29.3
2022-05-10,Yadgir,16.762466511011123,77.13917942772694,12.88,29.7,41.7,9.5,1107,560,Agricultural,Loam,8.3,0.0,1.5,Confined,24.1,13.0
2022-09-15,Madikeri,12.429464347903794,75.72827391714374,28.56,219.0,28.1,8.1,804,527,Agricultural,Clay,19.2,0.0,11.7,Confined,29.9,24.88
2022-10-08,Sringeri,13.419556610052327,75.25560201833166,14.95,62.1,27.3,8.0,1376,610,Agricultural,Loam,20.4,0.0,3.1,Unconfined,41.8,14.53
2023-01-01,Yadgir,16.76629513500016,77.13295772898036,7.2,2.0,27.2,6.3,411,638,Agricultural,Silty,14.9,0.0,13.3,Unconfined,44.6,7.92
2021-02-12,Kollegala,12.143273301505422,77.12298769794772,8.35,18.4,22.0,5.3,637,74,Agricultural,Silty,6.0,0.0,3.9,Unconfined,27.4,8.52
2022-03-30,Shivamogga,13.922246212475402,75.57286454076666,12.05,6.3,30.5,8.3,494,88,Urban,Silty,16.4,0.0,10.1,Confined,6.7,12.41
2021-11-25,Kolar,13.126290262666028,78.12075700274457,25.45,60.2,26.4,6.1,483,540,Urban,Clay,17.2,0.0,4.4,Unconfined,4.3,24.59
2024-10-26,Gokak,16.16964640257664,74.84824366106027,16.04,20.2,25.6,5.5,1475,122,Urban,Clay,10.3,0.0,1.6,Unconfined,0.4,15.91
2025-02-14,Kollegala,12.128168637139694,77.10764129221495,25.05,15.7,24.8,6.7,1041,285,Agricultural,Sandy,21.0,0.0,2.0,Confined,56.0,25.63
2022-06-20,Hubballi,15.358351519216038,75.12071827416183,26.89,143.4,27.4,7.1,724,666,Urban,Loam,9.2,0.0,10.7,Confined,1.3,24.39
2023-09-21,Bagalkote,16.187993026401195,75.70065549483444,20.99,90.2,31.0,9.1,1204,17,Urban,Loam,12.7,0.0,14.7,Confined,8.0,19.72
2025-08-25,Sagara,14.17109183731918,75.02616935726543,36.45,61.9,31.4,9.0,1474,612,Agricultural,Loam,20.2,0.0,1.5,Unconfined,58.9,36.25
2021-06-27,Badami,15.92354765066378,75.68862972151705,27.46,239.6,24.0,4.8,947,337,Agricultural,Loam,14.8,0.0,3.3,Confined,59.8,23.51
2023-05-10,Madikeri,12.41435808927334,75.74676805658245,35.28,20.3,35.2,9.6,714,309,Agricultural,Loam,18.0,0.0,2.3,Unconfined,29.4,35.65
2021-09-06,Sanduru,15.103124257535887,76.55596242269868,12.31,138.8,30.4,7.3,840,452,Agricultural,Loam,21.8,0.0,2.5,Confined,37.7,10.28
2024-10-02,Hassan,13.011821803720247,76.10130246779445,17.51,61.9,29.1,6.2,958,318,Urban,Sandy,20.1,0.0,5.2,Unconfined,2.8,16.61
2024-06-22,Madikeri,12.418887024609978,75.73394413790692,17.63,113.5,22.5,5.6,857,614,Agricultural,Silty,9.1,0.0,0.4,Confined,47.9,16.12
2021-03-10,Chikkamagaluru,13.331692424774305,75.78896425588925,39.92,37.1,28.5,8.0,1020,481,Agricultural,Silty,11.2,0.0,4.8,Unconfined,51.3,40.09
2022-05-26,Mandya,12.520018346058345,76.89728223674236,35.13,12.8,40.2,8.3,1201,204,Agricultural,Sandy,3.2,0.0,4.0,Confined,53.4,35.82
2021-09-01,Sringeri,13.40460216177858,75.25328299029783,27.25,63.8,26.5,7.7,324,130,Agricultural,Sandy,21.6,0.0,7.6,Confined,46.8,26.83
2021-04-26,Sakleshpura,12.960513148435014,75.76194428045713,31.1,43.0,34.9,7.2,1125,79,Agricultural,Loam,22.5,0.0,5.9,Unconfined,24.6,30.85
2025-04-08,Kollegala,12.160271132374746,77.12581206387887,38.4,42.4,29.8,6.0,1499,411,Agricultural,Loam,7.8,0.0,12.8,Unconfined,41.8,38.27
2023-04-11,Mangaluru,12.92598962240736,74.86188665849423,39.03,5.8,30.7,8.0,868,698,Forest,Silty,14.0,0.6,0.9,Confined,30.2,39.56
2022-10-26,Kollegala,12.144071554358371,77.13160273037954,10.68,36.3,28.4,8.1,275,61,Agricultural,Clay,24.9,0.0,11.1,Unconfined,48.1,10.84
2023-03-12,Chikkamagaluru,13.321051812127639,75.7905326880214,16.82,10.4,34.9,10.4,1212,130,Agricultural,Silty,5.7,0.0,2.6,Confined,20.8,17.34
2020-11-07,Kolar,13.140296383041031,78.1416705427909,32.63,48.7,25.4,6.3,613,407,Urban,Sandy,5.9,0.0,6.9,Confined,0.1,31.97
2024-09-26,Sringeri,13.420657101570232,75.23830496761049,31.15,111.1,29.5,7.0,694,561,Agricultural,Sandy,5.7,0.0,13.3,Unconfined,22.2,29.5
2022-05-30,Raichur,16.20530467808981,77.36043388924078,39.61,0.4,28.4,7.0,1227,169,Urban,Sandy,4.4,0.0,2.2,Unconfined,0.0,39.95
2020-10-12,Kolar,13.135854582126017,78.13678240429275,35.8,26.4,27.9,7.2,278,461,Urban,Clay,12.3,0.0,7.1,Unconfined,8.6,35.72
2023-05-17,Hunasuru,12.289015483704533,76.26623419584911,36.61,28.6,41.7,10.2,732,68,Agricultural,Sandy,1.4,0.0,6.9,Unconfined,54.0,37.09
2023-04-02,Hassan,13.034264757454645,76.11568339831797,7.79,47.8,29.6,7.7,600,299,Urban,Sandy,10.1,0.0,11.3,Confined,7.1,7.29
2024-07-02,Haveri,14.805334281246248,75.39683806027143,27.73,246.2,22.0,5.6,749,207,Agricultural,Silty,15.1,0.0,2.2,Unconfined,39.9,23.49
2024-10-06,Doddaballapura,13.294483561130262,77.54893971815575,32.61,94.5,29.8,6.1,722,681,Agricultural,Sandy,16.5,0.0,12.3,Unconfined,29.3,31.32
2022-02-25,Davanagere,14.461778980762952,75.92320294389759,15.67,4.3,22.4,6.0,1440,554,Urban,Silty,2.3,0.0,4.7,Confined,2.8,15.91
2023-03-30,Mandya,12.52450300666607,76.89322160039602,21.27,38.5,30.0,8.8,267,82,Agricultural,Clay,21.4,0.0,1.1,Confined,29.4,21.23
2024-12-11,Sringeri,13.4119742123477,75.24246649672143,7.41,5.3,28.8,6.5,1241,197,Agricultural,Loam,4.5,0.0,1.9,Unconfined,53.5,8.16
2022-04-13,Doddaballapura,13.295688403721856,77.53047362889221,24.37,28.1,28.9,6.2,471,296,Agricultural,Clay,7.0,0.0,4.2,Unconfined,28.6,24.4
2021-04-22,Karwar,14.79844465301002,74.12969553625678,23.99,14.7,30.6,8.4,1176,198,Agricultural,Clay,3.1,0.51,0.6,Confined,36.0,24.43
2024-01-08,Mandya,12.533182928795835,76.89262654260409,39.37,1.8,23.9,6.1,703,309,Agricultural,Loam,17.8,0.0,8.0,Confined,51.1,40.15
2024-07-06,Doddaballapura,13.305170151012685,77.54529814619912,27.31,146.6,24.8,6.9,118,719,Agricultural,Sandy,20.7,0.0,3.8,Confined,21.4,24.94
2020-10-03,Shivamogga,13.915379028093046,75.57807296869852,8.37,44.6,24.7,7.0,1210,415,Urban,Clay,9.1,0.0,12.4,Unconfined,9.0,7.92
2022-05-19,Bagalkote,16.172922357209792,75.70099116509209,5.81,5.2,30.9,8.2,640,741,Urban,Clay,11.8,0.0,0.5,Unconfined,6.5,6.18
2022-07-30,Sirsi,14.64318027353128,74.83389043865454,33.88,200.8,26.3,5.9,1421,566,Agricultural,Sandy,20.6,0.0,10.2,Unconfined,49.7,30.66
2024-12-18,Puttur,12.770721287811336,75.21240702840443,21.1,6.1,29.1,8.3,868,89,Agricultural,Silty,5.3,-0.38,9.7,Unconfined,19.1,21.62
2022-03-26,Sringeri,13.409862542565682,75.24507546036833,8.84,30.7,40.6,8.6,791,507,Agricultural,Clay,20.1,0.0,14.6,Unconfined,35.2,9.01
2022-11-14,Anekal,12.703393425610734,77.7082214660076,13.2,96.4,33.6,8.4,213,233,Urban,Silty,3.6,0.0,10.0,Confined,8.1,11.77
2025-04-04,Bagalkote,16.18832423242341,75.69993117924727,28.55,12.4,36.7,10.0,537,263,Urban,Clay,4.4,0.0,2.4,Confined,9.1,28.89
2024-02-20,Davanagere,14.480838752448117,75.91647716181137,14.89,2.5,28.7,7.8,836,487,Urban,Clay,8.3,0.0,12.5,Confined,9.5,15.33
2024-01-15,Anekal,12.706398279276627,77.69599413410691,38.32,4.9,27.5,6.4,608,795,Urban,Loam,21.9,0.0,1.0,Confined,9.7,38.64
2024-03-27,Karwar,14.818773971391375,74.12955117360569,10.26,13.3,39.4,8.3,1183,684,Agricultural,Clay,14.3,-0.31,0.7,Unconfined,14.8,10.59
2022-05-14,Anekal,12.704165132843553,77.67639561842607,8.8,30.5,39.4,9.2,848,410,Urban,Loam,24.2,0.0,1.0,Confined,0.3,8.65
2024-03-15,Shivamogga,13.935090906450316,75.56685017082513,27.23,34.8,32.9,8.5,565,319,Urban,Sandy,5.7,0.0,6.2,Confined,3.8,27.0
2021-05-13,Doddaballapura,13.299423145897222,77.55188794517898,9.02,15.2,36.5,8.8,666,291,Agricultural,Loam,1.4,0.0,10.3,Unconfined,38.0,9.54
2021-05-28,Davanagere,14.461305405165037,75.91000725944333,13.2,10.3,41.6,9.1,407,14,Urban,Silty,22.0,0.0,14.2,Confined,0.5,13.45
2020-12-05,Athani,16.73404407445763,75.05795295641121,8.08,9.1,27.6,7.0,981,647,Agricultural,Clay,12.2,0.0,7.9,Unconfined,45.5,8.7
2025-07-10,Hunasuru,12.302646813121575,76.29283645048447,32.82,77.4,24.4,5.0,590,88,Agricultural,Silty,14.0,0.0,2.2,Confined,52.1,32.04
2024-02-06,Chitradurga,14.220101616423094,76.39137681274259,9.83,5.8,29.7,8.8,314,275,Urban,Loam,2.6,0.0,6.9,Confined,2.4,10.18
2020-11-07,Sagara,14.178424570499269,75.03386232200833,21.23,50.2,24.5,5.5,332,504,Agricultural,Silty,18.9,0.0,9.6,Confined,36.3,20.86
2020-11-17,Shivamogga,13.907325700360557,75.55341383968033,36.29,80.1,27.8,7.0,1009,135,Urban,Sandy,16.1,0.0,12.9,Confined,1.4,35.05
2022-04-16,Mandya,12.533709771493486,76.88576232493413,36.56,46.5,35.5,8.4,1397,438,Agricultural,Clay,12.4,0.0,6.7,Unconfined,27.7,36.33
2023-06-14,Haveri,14.79610371663686,75.41457529038725,16.22,83.7,23.8,6.7,331,583,Agricultural,Silty,11.3,0.0,5.3,Confined,36.8,15.25
2021-04-10,Hassan,13.022854147526168,76.0890209810379,33.89,12.4,36.2,7.9,342,153,Urban,Sandy,15.8,0.0,0.5,Unconfined,3.7,34.07
2025-05-28,Raichur,16.229812126632133,77.35139924081932,33.12,35.1,38.6,9.8,369,403,Urban,Silty,14.4,0.0,5.0,Confined,0.6,32.91
2025-04-24,Sakleshpura,12.968279463957993,75.77937688899249,36.45,43.4,32.3,7.0,478,555,Agricultural,Sandy,21.2,0.0,6.2,Unconfined,46.0,36.39
2021-09-09,Sringeri,13.412695181671646,75.25998530905783,11.24,241.3,24.5,6.9,1049,86,Agricultural,Clay,18.9,0.0,8.5,Confined,26.5,7.02
2025-08-01,Davanagere,14.47351751524351,75.91367738024591,35.23,237.0,28.1,8.3,775,676,Urban,Loam,14.2,0.0,9.0,Unconfined,9.3,31.0
2023-10-10,Haveri,14.784990469531122,75.41539141614643,11.83,41.5,29.9,7.5,521,630,Agricultural,Clay,23.0,0.0,9.9,Unconfined,59.9,11.97
2023-01-13,Anekal,12.701302188352452,77.68501927771653,36.76,6.2,25.7,5.3,1211,662,Urban,Sandy,15.2,0.0,3.4,Confined,6.0,36.96
2020-10-08,Bagalkote,16.19599899012272,75.68256956595613,25.17,39.3,31.8,6.8,100,264,Urban,Sandy,15.4,0.0,8.2,Unconfined,2.6,24.75
2022-02-26,Madikeri,12.417367606282632,75.74489395782099,19.64,9.9,27.9,8.1,1115,511,Agricultural,Clay,14.0,0.0,14.0,Confined,32.9,20.18
2024-06-30,Bagalkote,16.18304998309668,75.69445012320551,13.67,131.2,25.8,7.4,424,42,Urban,Silty,6.3,0.0,1.4,Confined,4.1,11.46
2023-02-16,Davanagere,14.454526416733103,75.92840853362621,9.02,10.6,24.9,5.8,907,458,Urban,Silty,10.8,0.0,3.2,Confined,6.2,9.16
2021-06-25,Karwar,14.824513038575324,74.12172023699266,35.2,238.2,25.0,7.4,334,88,Urban,Clay,20.7,-0.28,12.8,Confined,8.7,30.92
2025-05-05,Sanduru,15.111870334414863,76.55777273420485,18.36,20.9,39.2,9.1,624,343,Agricultural,Sandy,1.5,0.0,5.4,Unconfined,47.9,18.88
2024-03-06,Athani,16.712415752866907,75.0527228242698,29.84,5.8,33.8,7.5,691,197,Agricultural,Clay,23.9,0.0,10.9,Unconfined,43.1,30.53
2025-07-24,Hubballi,15.367319540237286,75.11110712395264,18.18,173.6,26.7,6.3,694,440,Urban,Sandy,8.5,0.0,10.6,Unconfined,3.0,15.05
2021-04-07,Sringeri,13.408459898232472,75.24168163746998,17.79,6.6,37.2,8.8,622,404,Agricultural,Loam,12.5,0.0,10.4,Unconfined,48.3,18.58
2024-04-19,Bengaluru North,13.02141311841809,77.57584998017927,28.83,20.9,33.2,8.1,1315,273,Urban,Clay,10.5,0.0,12.3,Unconfined,8.6,28.9
2021-05-31,Karwar,14.79960554140376,74.13581568167297,8.22,37.4,28.0,6.1,902,650,Urban,Sandy,4.9,0.6,8.2,Unconfined,17.7,7.89
2022-12-18,Bengaluru North,13.048361255055353,77.60322689449359,20.18,4.3,22.7,6.2,327,63,Urban,Loam,18.2,0.0,14.2,Unconfined,0.7,20.41
2023-06-17,Yadgir,16.783445958177655,77.14945414984687,19.43,100.2,22.9,4.9,338,459,Agricultural,Loam,20.4,0.0,15.0,Confined,22.5,17.9
2023-03-16,Hubballi,15.366694480670255,75.11789796809195,15.87,30.4,28.1,8.1,1242,105,Urban,Loam,5.8,0.0,1.6,Unconfined,7.7,15.74
2025-08-07,Gokak,16.17458075910514,74.83707649349273,19.98,116.6,30.4,7.4,1244,574,Urban,Silty,7.1,0.0,12.7,Unconfined,7.8,18.1
2021-08-19,Devanahalli,13.241725363558265,77.71978904189562,22.47,76.9,25.0,5.3,364,276,Agricultural,Loam,12.1,0.0,3.5,Unconfined,24.2,21.44
2023-04-19,Gokak,16.141121224590645,74.83186300942798,21.99,12.1,32.8,8.0,425,431,Urban,Clay,24.3,0.0,2.4,Unconfined,7.4,22.22
2023-04-20,Udupi,13.34155190950073,74.74100225101962,25.8,46.5,28.2,6.3,1440,225,Agricultural,Loam,14.5,0.03,14.6,Unconfined,32.6,25.51
2021-11-07,Athani,16.734429073426252,75.04675417417354,34.32,81.2,24.2,7.0,1497,31,Agricultural,Loam,6.9,0.0,2.0,Confined,30.4,33.35
2024-10-20,Bagalkote,16.180241216488874,75.70800602580616,11.11,58.8,25.4,7.2,1238,149,Urban,Loam,17.6,0.0,1.7,Unconfined,6.8,10.36
2024-06-25,Doddaballapura,13.286810151407824,77.53133337946343,38.52,77.1,28.6,6.8,1090,432,Agricultural,Clay,11.5,0.0,9.0,Unconfined,42.9,37.75
2021-07-23,Bagalkote,16.182193396454217,75.70108425842695,32.45,85.7,32.0,8.1,448,442,Urban,Silty,8.0,0.0,6.9,Confined,7.7,31.22
2025-04-20,Puttur,12.775280882653385,75.21446363336811,15.95,41.9,36.4,8.3,830,612,Agricultural,Loam,15.3,0.18,9.0,Confined,25.9,15.77
2022-04-10,Karwar,14.81743751901202,74.14867781654412,32.01,32.9,38.1,9.5,1375,155,Urban,Clay,21.4,-0.09,3.0,Unconfined,24.6,32.08
2022-03-28,Yadgir,16.752529103884847,77.13134529120997,5.38,20.5,30.3,7.9,1081,357,Agricultural,Loam,14.9,0.0,11.0,Unconfined,38.5,5.75
2021-01-28,Puttur,12.75913314032544,75.21297872363046,12.42,17.5,25.4,6.0,1445,197,Agricultural,Sandy,11.6,-0.19,13.8,Unconfined,17.1,12.56
2022-02-27,Kundapura,13.63453845658152,74.68919571181452,10.73,11.0,23.8,5.8,673,620,Forest,Silty,20.7,-0.13,4.5,Unconfined,29.3,11.11
2023-05-16,Sagara,14.176367727008499,75.02786658143154,14.28,17.3,41.0,9.5,266,28,Agricultural,Silty,8.2,0.0,0.2,Confined,21.0,14.62
2022-10-15,Sringeri,13.39865573531646,75.25600665205117,26.9,34.2,26.5,6.3,449,800,Agricultural,Loam,12.9,0.0,2.7,Confined,37.8,26.91
2024-12-04,Kollegala,12.142733778740467,77.10085096983573,35.96,16.4,22.6,6.5,707,273,Agricultural,Silty,7.7,0.0,2.5,Unconfined,22.6,36.18
2021-12-19,Puttur,12.752551151632893,75.2085634947872,29.67,10.3,24.8,5.4,640,292,Agricultural,Sandy,3.3,0.28,2.4,Confined,10.9,29.82
2024-05-05,Badami,15.913084559246673,75.67908362667889,24.58,1.9,38.4,9.5,466,600,Agricultural,Silty,11.5,0.0,8.5,Unconfined,54.0,25.56
2023-10-22,Anekal,12.701257290867353,77.67759270967818,20.65,58.9,27.9,6.3,781,439,Urban,Loam,19.0,0.0,11.2,Confined,7.1,19.86
2022-02-14,Sakleshpura,12.964749338827195,75.77019607032324,34.36,6.4,26.1,7.2,267,178,Agricultural,Clay,3.9,0.0,5.4,Unconfined,54.4,35.14
2021-03-10,Raichur,16.199989047134398,77.3572584762824,30.13,35.8,28.4,7.7,996,521,Urban,Clay,2.8,0.0,4.0,Unconfined,9.4,29.89
2025-05-02,Shivamogga,13.917281572261443,75.57003282619577,35.16,47.5,33.4,6.8,1175,391,Urban,Silty,11.4,0.0,12.6,Unconfined,6.5,34.61
2023-07-13,Chitradurga,14.226739908148685,76.39360464267978,25.21,157.8,27.2,5.6,236,407,Urban,Silty,17.5,0.0,10.6,Confined,7.0,22.4
2024-05-26,Bengaluru North,13.034922116432737,77.58260168799661,9.46,45.5,29.5,7.1,710,440,Urban,Silty,13.1,0.0,2.4,Unconfined,2.7,8.93
2024-12-31,Kollegala,12.151793941516047,77.11209827982566,18.04,14.5,27.6,6.2,1375,74,Agricultural,Clay,2.9,0.0,5.4,Confined,55.6,18.62
2022-11-19,Sagara,14.158726782033414,75.01875818294067,17.75,84.6,25.4,7.2,866,758,Agricultural,Sandy,17.8,0.0,2.0,Unconfined,51.9,16.94
2024-05-14,Kolar,13.138902022905343,78.13161249644001,27.01,46.2,42.0,8.4,292,416,Urban,Silty,12.8,0.0,10.6,Unconfined,3.8,26.54
2024-12-13,Hassan,13.007731028032406,76.09283483168515,14.22,10.7,28.5,7.1,832,672,Urban,Clay,4.4,0.0,14.3,Unconfined,3.0,14.39
2021-03-07,Udupi,13.336700350193539,74.74495518082338,18.17,15.2,38.2,8.4,1053,53,Agricultural,Loam,14.8,-0.77,14.3,Unconfined,23.3,18.6
2023-08-05,Mangaluru,12.918065419991173,74.86625755010118,14.06,121.9,30.8,8.5,735,424,Urban,Loam,20.8,-0.35,10.7,Unconfined,28.0,12.36
2025-06-13,Mangaluru,12.924914919695091,74.85013667514289,39.7,189.8,22.0,5.1,609,755,Agricultural,Loam,18.4,0.34,5.6,Confined,26.8,36.39
2022-06-25,Hunasuru,12.316514390625436,76.29480214249872,15.15,169.1,29.2,8.7,914,560,Agricultural,Silty,9.6,0.0,7.6,Confined,33.0,12.53
2024-01-17,Kolar,13.14230402142203,78.1409845130584,34.31,19.2,25.5,7.5,953,589,Urban,Silty,21.1,0.0,1.0,Unconfined,1.5,34.32
2022-06-27,Bagalkote,16.184939562875435,75.70456398483488,30.05,88.9,24.3,6.1,317,733,Urban,Silty,7.2,0.0,14.7,Confined,4.3,28.62
2022-03-28,Sringeri,13.416421070487715,75.24651793516882,23.7,14.7,28.6,6.4,685,109,Agricultural,Clay,18.6,0.0,11.6,Confined,29.0,24.02
2022-10-09,Kollegala,12.14129718933012,77.11475620763369,5.92,31.1,32.5,7.5,1078,478,Agricultural,Silty,7.5,0.0,1.4,Confined,29.3,5.97
2025-06-17,Udupi,13.33118543127139,74.74177710625538,36.07,237.9,25.2,7.5,144,718,Urban,Silty,21.8,-0.36,7.3,Confined,8.2,31.81
2025-08-02,Bagalkote,16.19970550342258,75.68412060700662,23.61,160.7,30.4,8.1,799,387,Urban,Sandy,7.5,0.0,13.8,Confined,5.3,20.85
2023-01-07,Hunasuru,12.29861688463354,76.28365495153002,14.65,18.4,29.1,7.2,817,456,Agricultural,Silty,21.5,0.0,10.4,Unconfined,36.9,15.01
2021-05-27,Shivamogga,13.92360768639452,75.58647367362087,15.76,34.1,28.8,6.2,667,741,Urban,Sandy,19.7,0.0,2.2,Confined,1.7,15.4
2025-06-18,Sagara,14.15931748541036,75.0391092385527,24.68,81.2,25.1,5.0,661,387,Agricultural,Clay,7.6,0.0,3.9,Confined,42.5,23.73
2024-12-29,Mangaluru,12.918005694609155,74.84867530613747,10.08,13.7,28.5,6.3,1391,596,Forest,Loam,16.6,0.41,2.1,Unconfined,38.0,10.46
2021-05-13,Sringeri,13.418577396471182,75.241120078687,16.1,25.8,36.9,7.7,1038,710,Agricultural,Clay,22.2,0.0,3.5,Confined,58.5,16.55
2024-05-03,Karwar,14.80939565537964,74.1343586553771,13.26,45.0,28.5,7.5,106,246,Urban,Silty,3.1,-0.07,8.3,Unconfined,27.5,13.02
2020-12-09,Doddaballapura,13.309510652563395,77.54504837377029,19.28,2.8,21.2,4.4,575,315,Agricultural,Loam,16.9,0.0,10.1,Confined,25.1,19.7
2021-01-06,Mandya,12.522666863753637,76.89443078735779,11.49,11.5,28.0,7.5,1344,719,Agricultural,Silty,15.4,0.0,12.2,Confined,38.5,12.02
2021-04-02,Hassan,13.009832688682112,76.11242902003367,35.28,41.8,32.5,9.7,941,459,Urban,Clay,1.0,0.0,5.8,Unconfined,3.3,34.96
2022-04-01,Kundapura,13.626358618017344,74.67830470321104,28.73,29.6,36.2,9.1,702,690,Urban,Loam,1.4,-0.82,12.5,Unconfined,35.3,29.03
2021-08-21,Devanahalli,13.230857410594805,77.67713411807155,36.4,247.6,28.3,7.4,323,601,Agricultural,Clay,4.5,0.0,12.1,Unconfined,29.1,32.11
2021-01-26,Kollegala,12.133991196688775,77.11663902221883,20.63,12.5,21.8,4.8,351,373,Agricultural,Loam,2.1,0.0,10.7,Confined,44.5,21.06
2021-08-14,Kundapura,13.626804082511633,74.68296092614739,39.82,196.5,26.2,6.3,322,558,Urban,Clay,13.2,-0.64,0.5,Confined,35.3,36.62
2022-10-07,Madikeri,12.425831127969433,75.73214141489011,16.89,70.8,32.1,8.8,253,79,Agricultural,Clay,20.9,0.0,6.2,Unconfined,21.9,16.13
2021-07-16,Doddaballapura,13.31837225993608,77.54627330154354,18.08,240.7,23.4,5.4,880,492,Agricultural,Silty,11.8,0.0,13.6,Confined,59.0,14.13
2022-05-18,Sirsi,14.603174499433097,74.82221074809881,26.7,46.8,39.1,9.9,1409,533,Agricultural,Loam,24.7,0.0,14.8,Unconfined,58.0,26.84
2022-08-30,Athani,16.734208348687915,75.0803154738265,5.93,117.8,27.8,8.2,891,572,Agricultural,Clay,16.0,0.0,10.7,Confined,34.8,4.33
2023-04-17,Hubballi,15.369145708650596,75.12174838613358,34.5,28.0,39.8,8.5,1073,729,Urban,Loam,24.6,0.0,13.5,Confined,2.9,34.39
2025-05-17,Hassan,13.001426636674713,76.09889319467038,17.03,33.2,28.2,6.0,319,507,Urban,Clay,5.7,0.0,7.2,Unconfined,5.3,16.72
2021-01-27,Karwar,14.81332219327325,74.12210780080324,19.31,0.3,21.3,6.1,1253,663,Forest,Loam,7.3,0.87,14.3,Confined,16.6,19.69
2022-05-24,Sakleshpura,12.99091973628659,75.78549732848217,23.6,6.8,32.7,9.8,452,589,Agricultural,Clay,8.7,0.0,0.3,Confined,51.1,24.46
2021-03-12,Sringeri,13.404400986382933,75.24934673482366,17.57,30.0,39.0,10.8,746,173,Agricultural,Silty,18.4,0.0,13.2,Unconfined,29.4,17.8
2023-05-29,Karwar,14.80240427738924,74.11852369021545,9.85,27.2,36.0,9.0,350,412,Agricultural,Loam,17.2,-0.8,13.0,Confined,37.4,10.21
2022-06-07,Anekal,12.694926179040575,77.72146998265583,39.78,59.1,31.8,9.4,478,108,Urban,Sandy,2.1,0.0,9.9,Unconfined,10.0,39.17
2022-03-31,Devanahalli,13.2131187257491,77.69475816159634,14.59,3.6,31.3,6.6,395,84,Agricultural,Sandy,18.6,0.0,4.4,Unconfined,59.0,15.44
2024-11-06,Doddaballapura,13.302726418541331,77.55769253843904,11.27,61.6,29.5,7.3,1168,58,Agricultural,Sandy,15.2,0.0,1.7,Confined,34.9,10.75
2025-08-24,Kollegala,12.155978888314218,77.1218415749896,28.08,114.9,25.3,6.5,610,41,Agricultural,Clay,18.0,0.0,5.6,Unconfined,55.1,26.66
2022-07-25,Raichur,16.20620572759033,77.35240329734799,17.1,116.1,28.1,7.7,161,657,Urban,Loam,4.8,0.0,4.7,Unconfined,0.3,15.17
2023-05-19,Hubballi,15.352804886032366,75.11207915374806,28.83,8.5,36.6,7.5,1020,795,Urban,Silty,8.6,0.0,10.5,Unconfined,5.9,29.09
2020-12-30,Sanduru,15.085995033870395,76.53144105724624,6.79,15.9,24.7,5.3,1053,14,Agricultural,Clay,17.0,0.0,0.5,Confined,50.0,7.24
2022-06-09,Shivamogga,13.926267765579986,75.56000520858439,24.12,239.0,27.0,7.1,751,479,Urban,Sandy,6.6,0.0,11.1,Confined,9.7,19.79
2023-04-25,Sirsi,14.622191568261645,74.84767084931946,32.6,34.0,37.8,9.6,1074,107,Agricultural,Clay,12.4,0.0,13.7,Confined,36.8,32.77
2024-07-14,Chikkamagaluru,13.310678752423595,75.7556252422776,36.86,124.2,26.8,7.1,383,646,Agricultural,Silty,22.7,0.0,0.5,Unconfined,32.1,35.05
2020-10-04,Udupi,13.339542274830215,74.75556725100411,24.9,51.3,32.2,9.4,1472,318,Urban,Sandy,22.0,0.0,2.2,Confined,8.3,24.43
2024-12-26,Mandya,12.523699871112077,76.89553784568601,33.47,11.6,29.4,7.9,290,89,Agricultural,Loam,23.2,0.0,14.1,Confined,58.6,34.22
2025-08-14,Badami,15.902701643559414,75.67684303136217,10.64,104.4,27.0,6.1,776,95,Agricultural,Sandy,11.1,0.0,2.6,Confined,49.6,9.35
2022-11-19,Hubballi,15.377719906494336,75.12134586376149,22.23,64.2,25.5,5.1,535,564,Urban,Silty,18.6,0.0,14.1,Confined,5.4,21.25
2024-02-22,Udupi,13.325156977839793,74.73246475215068,22.67,3.2,25.8,6.6,789,226,Forest,Loam,6.9,0.64,6.1,Confined,29.1,23.16
2020-12-15,Davanagere,14.479522825839496,75.92350259944915,19.43,10.5,21.0,6.1,147,182,Urban,Loam,12.8,0.0,14.3,Confined,2.9,19.55
2023-10-09,Hunasuru,12.331729805730296,76.28176457390299,8.33,58.8,28.0,5.7,642,637,Agricultural,Clay,14.4,0.0,11.3,Unconfined,47.3,7.91
2024-12-10,Mysuru,12.296702133189012,76.65503510473138,6.78,5.6,24.8,5.7,208,370,Urban,Loam,18.3,0.0,12.4,Confined,9.2,7.04
2021-06-03,Hassan,13.018196075457922,76.09869248488596,15.21,160.1,27.3,8.0,856,377,Urban,Sandy,1.3,0.0,7.0,Confined,7.7,12.49
2021-04-27,Mysuru,12.298705671338643,76.6325748712119,21.76,46.9,38.3,10.8,899,532,Urban,Silty,9.5,0.0,9.7,Confined,2.0,21.38
2023-06-07,Karwar,14.804191596906238,74.12367671930004,29.3,138.8,25.1,6.6,1407,657,Agricultural,Silty,3.1,-0.18,3.7,Unconfined,28.2,27.15
2023-06-18,Badami,15.908750854446723,75.67970092134574,38.04,244.8,23.6,6.1,649,202,Agricultural,Clay,13.7,0.0,14.7,Confined,52.3,33.97
2022-09-21,Davanagere,14.473796840839595,75.90019091990983,28.23,152.6,26.4,6.6,1029,601,Urban,Loam,8.1,0.0,1.6,Confined,9.2,25.6
2024-08-29,Raichur,16.18098550567583,77.37488972705992,6.12,236.9,27.6,7.1,949,661,Urban,Sandy,23.1,0.0,8.0,Unconfined,1.7,1.75
2022-10-18,Bengaluru North,13.049703291533088,77.5925528690829,31.66,57.0,31.7,7.8,1149,765,Urban,Sandy,23.1,0.0,8.1,Confined,9.9,31.01
2022-01-20,Sirsi,14.615406063797701,74.83453577785731,32.91,4.7,23.1,5.8,1415,344,Agricultural,Loam,21.4,0.0,10.1,Unconfined,33.3,33.44
2024-08-19,Ballari,15.148306690991701,76.92891653210685,37.1,237.8,30.3,8.9,271,509,Urban,Silty,7.2,0.0,3.3,Unconfined,3.4,32.82
2021-12-21,Devanahalli,13.233673779904914,77.68851412457222,36.34,8.9,22.3,5.7,251,541,Agricultural,Silty,2.7,0.0,3.0,Confined,34.0,36.79
2025-06-17,Kolar,13.148945040626552,78.14400782585702,8.46,127.0,31.6,6.5,617,499,Urban,Loam,14.4,0.0,10.9,Unconfined,2.2,6.27
2023-08-01,Hassan,12.99757885378866,76.10034827916185,25.36,56.7,23.9,5.3,1136,442,Urban,Sandy,12.0,0.0,9.4,Confined,5.5,24.55
2023-02-16,Davanagere,14.451370847654076,75.9195171013522,23.81,14.3,26.0,6.7,1209,18,Urban,Clay,11.4,0.0,0.6,Confined,1.3,23.87
2022-04-04,Kolar,13.14697992731236,78.12272171777288,35.84,21.6,29.2,7.2,1249,575,Urban,Loam,1.2,0.0,3.0,Confined,2.5,35.79
2021-04-20,Mandya,12.53997067424059,76.913658481011,24.76,24.1,32.3,6.9,1325,491,Agricultural,Loam,8.2,0.0,9.9,Unconfined,59.3,25.22
2024-05-25,Chitradurga,14.215029542554804,76.38683004086002,6.16,37.3,39.2,8.5,122,415,Urban,Silty,21.1,0.0,13.0,Confined,8.5,5.92
2022-10-21,Sringeri,13.412058079205405,75.24136873458804,28.59,31.5,32.5,9.1,421,752,Agricultural,Sandy,11.3,0.0,4.1,Unconfined,38.4,28.8
2024-08-07,Anekal,12.70753864187632,77.67120482013893,28.46,182.5,23.6,5.6,360,64,Urban,Sandy,6.8,0.0,0.7,Confined,7.9,25.17
2025-03-17,Sakleshpura,12.969934044861551,75.79990747952644,23.1,32.6,38.0,9.9,247,79,Agricultural,Loam,10.4,0.0,14.2,Unconfined,38.0,23.32
2024-12-04,Davanagere,14.4599609247474,75.93670682812359,23.86,10.6,25.6,5.6,1443,252,Urban,Loam,2.0,0.0,12.7,Confined,1.3,23.94
2023-01-19,Hassan,13.006733581777862,76.0977178603137,23.13,8.7,27.5,6.7,906,462,Urban,Sandy,22.7,0.0,13.0,Confined,4.1,23.33
2024-09-24,Sirsi,14.606507740063758,74.83425266577969,29.89,116.9,23.9,5.3,413,298,Agricultural,Sandy,16.6,0.0,1.2,Unconfined,40.1,28.22
2025-09-03,Davanagere,14.466625571644283,75.92212108925416,11.36,194.5,29.5,6.8,576,649,Urban,Sandy,2.5,0.0,5.4,Confined,8.9,7.9
2024-09-07,Gokak,16.173857306236044,74.82588826972658,23.57,104.4,29.7,7.8,733,659,Urban,Silty,16.6,0.0,11.8,Unconfined,2.5,21.9
2022-10-09,Sagara,14.170086230990023,75.02158224622542,39.08,50.2,31.0,9.1,674,259,Agricultural,Silty,20.8,0.0,1.7,Confined,34.7,38.88
2021-09-29,Udupi,13.340582005021536,74.7549334704194,24.28,168.4,23.5,5.8,243,71,Agricultural,Sandy,13.6,0.41,2.5,Unconfined,16.3,21.32
2020-10-16,Doddaballapura,13.300193114688541,77.54347844389622,6.21,70.5,31.1,7.3,1426,500,Agricultural,Loam,13.8,0.0,0.6,Unconfined,24.5,5.41
2023-02-21,Bagalkote,16.188480700982073,75.69290062970548,27.38,0.6,28.9,6.4,174,170,Urban,Loam,24.4,0.0,9.5,Unconfined,2.3,27.71
2023-01-09,Udupi,13.322121344955313,74.74216261122814,39.25,3.2,25.5,6.9,769,767,Agricultural,Sandy,9.3,-0.06,0.5,Confined,30.5,39.84
2021-06-28,Hassan,13.01773024409768,76.10259261375676,26.24,175.8,28.5,8.3,171,498,Urban,Silty,3.1,0.0,14.1,Unconfined,5.8,23.2
2025-01-17,Kollegala,12.133907566064517,77.12486525133029,37.68,11.2,29.7,8.3,1141,591,Agricultural,Loam,8.6,0.0,4.3,Confined,40.7,38.28
2025-08-19,Doddaballapura,13.276292008139194,77.5384732074648,11.12,216.4,25.2,5.9,1498,543,Agricultural,Sandy,17.5,0.0,11.7,Confined,32.9,7.42
2024-12-14,Haveri,14.792975064706756,75.41027701656434,11.97,4.1,28.6,5.9,1070,108,Agricultural,Sandy,14.8,0.0,5.3,Unconfined,24.4,12.43
2024-08-16,Devanahalli,13.239638127066607,77.70761037318779,12.64,205.5,31.5,6.8,926,620,Agricultural,Loam,3.0,0.0,14.2,Unconfined,45.0,9.32
2022-08-08,Kollegala,12.131042191295554,77.11892349444055,25.16,124.8,23.6,6.4,433,29,Agricultural,Clay,22.1,0.0,8.8,Unconfined,56.4,23.55
2024-09-16,Hunasuru,12.303696451709717,76.28892102035537,30.14,194.5,27.4,7.5,768,125,Agricultural,Clay,12.5,0.0,10.8,Unconfined,58.0,27.2
2025-01-18,Mangaluru,12.928634736694017,74.87061442322573,19.5,7.8,20.9,5.6,1445,718,Agricultural,Silty,16.3,0.79,1.1,Confined,15.4,19.7
2024-08-13,Bagalkote,16.1861045177241,75.71396989960097,15.06,215.1,27.0,5.8,1183,498,Urban,Sandy,11.1,0.0,7.4,Confined,9.1,11.14
2021-10-10,Kundapura,13.648276286988386,74.68863456609948,10.09,57.7,24.9,6.2,1133,156,Urban,Sandy,23.7,0.58,8.4,Confined,14.9,9.34
2020-10-16,Kundapura,13.650681447516053,74.70080464378107,14.61,66.1,28.5,6.1,954,406,Agricultural,Silty,7.3,0.16,11.7,Unconfined,28.4,13.86
2024-08-26,Madikeri,12.397090135453245,75.72476266976253,34.23,154.3,30.2,8.3,1012,631,Agricultural,Silty,11.2,0.0,4.8,Confined,27.3,31.83
2023-05-12,Gokak,16.169640836645513,74.82487658968405,16.39,22.3,29.0,7.5,685,86,Urban,Loam,8.0,0.0,14.8,Unconfined,0.7,16.33
2025-05-15,Tumakuru,13.34075866934816,77.10912456634848,31.46,6.4,40.1,11.4,784,398,Urban,Silty,3.4,0.0,8.7,Unconfined,5.5,31.96
2021-02-07,Raichur,16.209508167244664,77.36412916645884,33.06,19.5,25.0,6.1,119,557,Urban,Silty,3.9,0.0,14.0,Unconfined,7.3,33.05
2022-01-13,Chitradurga,14.224647236471945,76.40793263993771,39.6,0.4,23.3,4.9,107,474,Urban,Clay,3.1,0.0,10.9,Confined,1.5,39.85
2021-07-03,Anekal,12.723361787505898,77.69841236551557,34.8,82.5,26.4,5.4,1393,557,Urban,Silty,18.1,0.0,5.6,Confined,6.3,33.48
2023-11-24,Yadgir,16.752475095469272,77.13721925370356,13.66,59.9,30.2,7.6,486,512,Agricultural,Silty,4.1,0.0,13.1,Confined,41.7,13.26
2021-08-09,Kundapura,13.603957102629343,74.68595687509342,36.95,167.7,23.4,6.7,247,756,Forest,Loam,2.0,-0.89,8.2,Confined,33.3,34.35
2020-10-27,Kolar,13.13767529989496,78.15190770562548,22.29,29.7,28.4,8.2,437,639,Urban,Sandy,14.8,0.0,0.1,Confined,6.7,22.17
2020-12-06,Tumakuru,13.3321906204219,77.09912072933629,39.99,12.8,28.5,8.4,959,452,Urban,Clay,21.7,0.0,1.9,Unconfined,7.6,40.23
2023-08-24,Sakleshpura,12.973190810578211,75.79472250197455,34.36,136.5,31.0,7.2,644,540,Agricultural,Clay,23.0,0.0,13.9,Confined,59.5,32.59
2022-10-05,Raichur,16.191389234467522,77.36220004589802,21.77,60.9,32.8,7.9,310,743,Urban,Loam,6.2,0.0,4.9,Unconfined,9.0,21.04
2022-06-03,Bengaluru North,13.03423979639357,77.59558240913033,5.8,98.3,22.7,5.8,428,375,Urban,Silty,5.3,0.0,5.8,Confined,4.1,4.17
2023-12-05,Mandya,12.53358509351063,76.89287000098388,35.66,5.4,27.3,7.2,845,230,Agricultural,Clay,24.5,0.0,7.7,Unconfined,47.0,36.38
2024-09-03,Madikeri,12.4299470583324,75.76465486020898,11.36,245.0,27.6,7.1,1238,353,Agricultural,Silty,7.8,0.0,7.7,Unconfined,52.4,7.34
2020-12-24,Sakleshpura,12.963198524534933,75.7966431983814,37.92,15.0,24.3,6.6,1049,174,Agricultural,Silty,2.2,0.0,7.5,Unconfined,27.2,38.22
2023-04-04,Kollegala,12.148081270550303,77.1256706079102,33.6,18.9,33.2,8.5,528,10,Agricultural,Loam,10.9,0.0,8.0,Confined,50.4,34.15
2023-01-05,Tumakuru,13.351314919269203,77.08564461899962,26.66,14.7,23.9,5.7,345,743,Urban,Loam,6.6,0.0,5.7,Unconfined,9.5,26.75
2023-09-08,Mangaluru,12.912383067900135,74.84454816763298,37.26,228.6,22.0,4.8,339,70,Agricultural,Clay,11.5,-0.33,14.4,Confined,37.0,33.33
2021-03-27,Hunasuru,12.308456352889728,76.28437921961563,35.21,40.3,28.5,7.9,1302,278,Agricultural,Sandy,12.9,0.0,8.5,Unconfined,34.6,35.15
2021-07-13,Athani,16.727828119292695,75.06524130319893,17.12,98.7,30.8,7.1,1431,19,Agricultural,Sandy,8.2,0.0,3.5,Unconfined,46.3,15.96
2025-01-17,Tumakuru,13.345003854966373,77.11115062409182,27.12,8.1,26.6,7.5,236,742,Urban,Loam,23.5,0.0,2.8,Confined,9.7,27.43
2022-12-22,Davanagere,14.461443840672025,75.91484497319306,16.49,8.6,24.8,6.5,1326,562,Urban,Sandy,8.7,0.0,8.7,Unconfined,3.3,16.68
2024-07-28,Puttur,12.781760814654904,75.22886696856258,14.69,186.4,29.5,7.4,1261,627,Forest,Loam,19.0,-0.43,10.1,Unconfined,7.2,11.45
2022-08-16,Athani,16.728099509183046,75.07615368347446,12.87,165.8,27.1,7.9,1388,558,Agricultural,Silty,11.6,0.0,9.3,Confined,22.0,10.17
2023-08-15,Davanagere,14.454835534382447,75.90797626502729,15.52,172.1,26.5,7.5,1465,762,Urban,Loam,21.9,0.0,2.8,Confined,2.8,12.48
2024-11-21,Puttur,12.747125273716293,75.20936333577993,28.87,81.0,29.2,6.3,743,37,Agricultural,Clay,15.3,-0.56,14.6,Unconfined,15.9,27.78
2021-08-21,Karwar,14.795063360462578,74.13930362635897,24.65,144.7,27.0,7.1,672,559,Forest,Sandy,9.9,-0.48,2.1,Confined,32.2,22.48
2023-02-06,Puttur,12.76099552958947,75.19552400046038,38.42,7.2,28.8,8.1,101,592,Agricultural,Loam,18.7,-0.2,3.5,Confined,37.6,39.08
2024-04-13,Devanahalli,13.233751520521439,77.70881187960505,27.44,37.3,33.0,8.8,152,523,Agricultural,Clay,13.0,0.0,2.0,Unconfined,40.3,27.54
2022-09-16,Sringeri,13.424687767882599,75.25466975026914,17.49,75.1,27.4,5.8,376,477,Agricultural,Clay,17.4,0.0,4.5,Confined,23.3,16.51
2022-10-11,Anekal,12.70390481585415,77.68194027823043,30.8,74.0,32.4,8.0,907,427,Urban,Silty,4.5,0.0,10.8,Unconfined,3.8,29.76
2020-11-20,Ballari,15.138714095943417,76.9275866808358,15.38,84.7,24.9,7.0,953,518,Urban,Loam,11.8,0.0,3.7,Unconfined,1.3,14.05
2024-01-29,Chikkamagaluru,13.317995634996425,75.79076960790273,12.87,1.9,26.4,5.4,235,612,Agricultural,Silty,5.3,0.0,7.4,Confined,21.2,13.31
2022-05-15,Madikeri,12.432171470739332,75.74016190291495,25.59,9.9,38.3,9.8,697,697,Agricultural,Silty,13.8,0.0,6.2,Confined,35.0,26.23
2021-08-23,Mysuru,12.317958100733161,76.63309375903009,31.7,169.4,28.0,7.5,367,38,Urban,Clay,10.3,0.0,11.6,Unconfined,7.7,28.76
2024-05-10,Badami,15.923180520524651,75.68806129524333,35.07,23.5,29.9,6.8,658,185,Agricultural,Clay,19.1,0.0,3.9,Confined,42.0,35.36
2023-02-20,Sanduru,15.096431494370067,76.5342350563048,22.84,5.9,21.9,4.7,903,626,Agricultural,Sandy,1.2,0.0,9.3,Confined,44.3,23.4
2024-02-19,Hassan,13.009599920840165,76.10223992947823,19.52,0.2,20.8,6.1,1105,623,Urban,Loam,9.5,0.0,9.0,Unconfined,1.2,19.83
2021-07-17,Kolar,13.129484086381076,78.12905991968321,21.14,190.4,28.2,6.5,566,601,Urban,Loam,14.6,0.0,3.7,Confined,6.6,17.72
2022-10-26,Anekal,12.714674024776853,77.69296446138745,13.4,75.0,32.8,8.7,144,669,Urban,Silty,3.9,0.0,14.6,Confined,0.0,12.34
2023-07-24,Tumakuru,13.337021593524028,77.08646574884698,22.22,119.6,27.3,7.8,920,234,Urban,Silty,17.4,0.0,3.7,Confined,7.9,20.3
2021-07-20,Mysuru,12.301593902608433,76.63251737579655,29.67,107.8,29.6,8.0,742,607,Urban,Loam,12.4,0.0,11.6,Confined,0.2,27.92
2025-06-11,Madikeri,12.435673080747655,75.7398451450784,32.19,143.4,31.2,8.6,239,594,Agricultural,Clay,16.7,0.0,8.6,Confined,37.5,30.13
2024-08-21,Chikkamagaluru,13.309560741922413,75.77905581042842,7.84,195.8,30.3,7.7,136,349,Agricultural,Clay,10.3,0.0,10.2,Unconfined,29.2,4.6
2025-05-06,Davanagere,14.462972227419604,75.92209902466139,12.67,5.9,36.5,7.9,1123,156,Urban,Sandy,15.6,0.0,5.4,Unconfined,5.0,13.0
2023-07-13,Doddaballapura,13.309364286000076,77.54008085450816,31.12,78.4,28.6,8.4,588,226,Agricultural,Loam,21.1,0.0,12.3,Confined,58.6,30.56
2025-02-20,Sagara,14.165781199067853,75.02989727601084,35.0,2.1,26.3,7.2,659,290,Agricultural,Loam,11.1,0.0,3.0,Confined,42.0,35.74
2021-07-13,Sirsi,14.607066858872773,74.83137767345903,9.56,182.6,22.8,5.9,912,81,Agricultural,Loam,18.6,0.0,4.0,Unconfined,38.5,6.59
2021-07-15,Gokak,16.169903907592342,74.82919194161354,18.07,244.1,30.5,7.0,575,460,Urban,Silty,6.7,0.0,13.2,Unconfined,7.9,13.62
2021-01-05,Puttur,12.748647330125012,75.22284651920369,21.09,10.3,21.9,5.5,644,303,Agricultural,Silty,11.2,-0.09,2.2,Confined,9.0,21.26
2020-11-06,Tumakuru,13.3428729744771,77.10882404892804,11.91,99.9,30.0,7.0,339,554,Urban,Silty,5.1,0.0,11.2,Unconfined,5.3,10.31
2025-06-29,Devanahalli,13.224485363518635,77.69640000944823,37.15,131.8,27.4,6.9,844,319,Agricultural,Silty,3.9,0.0,8.1,Confined,26.3,35.12
2021-02-02,Karwar,14.81469131634237,74.10653965967678,25.62,17.3,22.4,6.3,1194,276,Agricultural,Clay,11.4,-0.26,8.9,Confined,35.0,25.97
2023-06-13,Anekal,12.72872672370301,77.70430029580446,28.95,149.7,26.9,6.0,614,461,Urban,Loam,11.4,0.0,8.0,Confined,7.8,26.33
2021-10-12,Karwar,14.817169639857102,74.12716116684354,14.51,36.6,28.9,7.8,1496,668,Forest,Clay,3.3,-0.77,11.9,Confined,7.5,14.32
2023-10-26,Bagalkote,16.183392093093904,75.69914623087784,35.78,52.5,31.6,7.8,551,151,Urban,Silty,15.1,0.0,4.7,Unconfined,5.7,35.18
2024-06-29,Yadgir,16.781578980356155,77.12560881970464,36.81,238.6,22.8,6.8,1002,795,Agricultural,Clay,19.4,0.0,13.7,Unconfined,34.3,32.72
2022-10-25,Sirsi,14.620970373371609,74.83221425639918,11.41,23.8,28.1,8.1,1203,582,Agricultural,Sandy,7.6,0.0,8.5,Unconfined,55.1,11.89
2023-08-21,Chitradurga,14.206804088210474,76.3818481441154,22.24,125.7,30.5,8.6,1498,721,Urban,Sandy,2.9,0.0,1.3,Unconfined,3.5,20.19
2023-10-23,Mysuru,12.322887759911977,76.6477207761995,38.12,25.9,24.2,7.2,647,246,Urban,Silty,6.4,0.0,12.1,Unconfined,5.6,38.02
2024-08-30,Shivamogga,13.93475309635458,75.57797754495911,34.76,234.0,23.8,6.1,1200,703,Urban,Silty,19.2,0.0,8.7,Confined,3.0,30.41
2020-12-09,Devanahalli,13.245737449391697,77.70215780069542,13.22,18.6,26.1,7.6,1474,139,Agricultural,Loam,7.8,0.0,14.9,Confined,56.2,13.79
2023-05-27,Anekal,12.694029871143707,77.69553382286668,26.89,21.3,29.7,8.7,817,758,Urban,Clay,21.9,0.0,11.8,Confined,3.5,26.93
2025-02-09,Raichur,16.21012633382875,77.33947111504953,38.98,19.0,28.0,5.8,801,230,Urban,Loam,1.4,0.0,1.5,Unconfined,3.6,38.93
2023-01-03,Chitradurga,14.231479214005676,76.37777272448413,27.06,3.0,22.0,5.7,806,143,Urban,Clay,6.5,0.0,13.7,Unconfined,2.0,27.3
2023-06-07,Raichur,16.209419688363532,77.35385419801847,27.63,67.9,24.1,6.3,902,497,Urban,Silty,3.3,0.0,8.7,Confined,1.7,26.6
2024-07-29,Gokak,16.1633009735564,74.84286967707261,30.74,217.4,27.0,7.6,338,545,Urban,Loam,20.1,0.0,4.6,Unconfined,3.3,26.8
2022-04-09,Bagalkote,16.19164064788381,75.68504920190323,15.82,11.8,28.7,7.2,170,517,Urban,Clay,15.6,0.0,5.8,Unconfined,6.4,16.01
2020-10-03,Sirsi,14.624614715337463,74.82592807532966,34.99,22.6,26.4,5.6,1162,755,Agricultural,Clay,24.8,0.0,6.1,Confined,57.7,35.4
2024-08-03,Gokak,16.17674983307012,74.84468483875551,16.29,231.9,31.7,9.0,573,582,Urban,Silty,19.5,0.0,10.1,Unconfined,6.7,12.17
2023-11-20,Udupi,13.310022338874255,74.7404947219559,8.43,93.5,32.7,9.3,172,675,Forest,Loam,2.6,0.39,7.5,Confined,28.9,7.27
2022-06-15,Devanahalli,13.218980709142057,77.68942532737294,13.85,56.2,26.9,6.0,429,647,Agricultural,Loam,23.9,0.0,2.7,Confined,54.3,13.57
2024-12-04,Sringeri,13.422488049182348,75.26272114867874,25.84,14.5,29.0,8.0,1096,586,Agricultural,Sandy,1.1,0.0,8.9,Unconfined,44.6,26.4
2021-03-20,Karwar,14.811794253299302,74.13200917169972,17.04,49.7,34.8,9.9,250,524,Forest,Loam,20.1,-0.3,6.6,Confined,10.4,16.68
2025-07-17,Kolar,13.142048736759184,78.13365919688452,10.33,123.8,27.0,5.8,644,557,Urban,Loam,7.9,0.0,3.9,Unconfined,8.7,8.23
2020-11-02,Bengaluru North,13.026240004852237,77.59003865762102,11.04,60.4,24.9,7.1,102,31,Urban,Silty,23.4,0.0,9.6,Unconfined,2.9,10.22
2023-03-11,Devanahalli,13.23623502135659,77.69886814283453,29.39,15.4,36.7,8.9,532,797,Agricultural,Sandy,22.3,0.0,0.7,Unconfined,48.6,30.01
2020-12-21,Hunasuru,12.323359699896912,76.28920761951002,36.87,18.1,24.1,5.1,1227,422,Agricultural,Sandy,20.4,0.0,11.1,Unconfined,40.6,37.17
2025-02-12,Devanahalli,13.235236087930653,77.71145383109817,35.12,9.6,29.4,8.0,184,92,Agricultural,Silty,11.3,0.0,14.9,Confined,37.6,35.7
2023-09-30,Anekal,12.718952305027651,77.70355909543255,27.03,226.9,28.5,7.8,456,206,Urban,Silty,14.0,0.0,4.6,Unconfined,2.2,22.9
2022-05-07,Badami,15.899789570837399,75.67998992941189,28.23,40.9,28.6,7.2,353,159,Agricultural,Loam,18.3,0.0,7.6,Unconfined,48.6,28.26
2023-01-06,Hunasuru,12.309053867784835,76.29418690502371,17.97,19.0,25.7,5.1,322,20,Agricultural,Sandy,15.1,0.0,9.7,Unconfined,41.0,18.25
2024-12-14,Bengaluru North,13.027799349948685,77.60306446408424,26.34,19.1,24.8,5.4,667,700,Urban,Sandy,14.9,0.0,6.3,Unconfined,9.2,26.32
2023-07-01,Mangaluru,12.904676752776066,74.84405008755535,23.39,125.7,29.4,7.1,326,103,Forest,Sandy,24.2,0.31,14.8,Unconfined,9.0,21.29
2023-12-22,Kolar,13.12124594183593,78.14959587572898,21.41,1.2,24.3,6.2,479,39,Urban,Loam,22.8,0.0,4.5,Unconfined,9.7,21.79
2022-11-10,Athani,16.720883057386775,75.0537933983444,39.66,92.7,27.2,7.9,1104,655,Agricultural,Sandy,20.5,0.0,4.7,Unconfined,45.7,38.66
2022-06-28,Kollegala,12.14343979222172,77.09127526822456,22.54,207.5,30.9,8.5,257,110,Agricultural,Loam,22.7,0.0,1.1,Unconfined,23.6,19.05
2021-12-27,Davanagere,14.47079733811311,75.92683898655538,8.46,17.9,23.2,6.5,332,593,Urban,Clay,5.2,0.0,1.6,Unconfined,1.9,8.45
2023-11-23,Karwar,14.81425334077084,74.11420084120022,27.43,98.1,26.1,6.6,1420,542,Forest,Sandy,17.0,0.98,9.4,Unconfined,22.7,25.93
2021-08-11,Hassan,13.023147542923764,76.08844632913544,9.42,138.0,28.7,7.2,1075,710,Urban,Silty,23.4,0.0,11.7,Confined,6.8,7.09
2021-04-06,Raichur,16.224343333992124,77.36031586068266,15.87,11.0,32.6,7.0,1404,86,Urban,Loam,16.7,0.0,11.4,Unconfined,2.2,16.02
2025-06-29,Devanahalli,13.230330276683047,77.6897043540934,16.81,224.2,27.5,6.5,463,503,Agricultural,Sandy,6.7,0.0,12.2,Unconfined,58.0,13.23
2021-12-30,Haveri,14.794343232295015,75.40601154486878,37.24,5.9,24.6,5.3,133,233,Agricultural,Clay,3.6,0.0,5.0,Unconfined,49.9,37.89
2024-10-30,Hunasuru,12.295873523075898,76.28892195428527,12.12,65.3,30.3,7.5,593,365,Agricultural,Silty,12.4,0.0,7.7,Unconfined,53.4,11.72
2024-01-14,Athani,16.71586198303053,75.05316320544368,38.34,10.6,21.1,6.2,490,421,Agricultural,Silty,13.3,0.0,5.9,Unconfined,23.1,38.67
2023-06-06,Sagara,14.172438538474866,75.0453668878532,7.74,135.8,31.4,8.1,488,739,Agricultural,Clay,11.5,0.0,14.0,Confined,41.3,5.84
2024-03-09,Sringeri,13.405361813333919,75.23310424508409,20.36,49.3,33.8,8.3,629,334,Agricultural,Silty,1.7,0.0,12.7,Unconfined,37.9,20.17
2024-01-11,Chikkamagaluru,13.320218697418703,75.76199797262198,39.67,8.8,29.6,6.4,852,194,Agricultural,Clay,7.3,0.0,8.5,Unconfined,23.7,40.05
2024-10-07,Mandya,12.530373394561794,76.88947717694452,24.78,42.4,28.9,7.5,1447,651,Agricultural,Silty,25.0,0.0,8.4,Confined,57.2,24.88
2021-04-23,Mandya,12.523876502490479,76.90720510791117,23.05,16.5,29.9,7.7,458,34,Agricultural,Clay,1.2,0.0,11.4,Unconfined,32.7,23.43
2025-04-25,Sanduru,15.086751473616156,76.56777617274953,17.29,41.5,34.5,9.7,506,14,Agricultural,Silty,8.0,0.0,4.0,Confined,22.6,17.17
2024-08-11,Chikkamagaluru,13.316007868047024,75.78615033357093,10.27,163.2,26.6,5.4,664,488,Agricultural,Silty,6.4,0.0,11.5,Unconfined,29.6,7.57
2023-06-15,Chitradurga,14.212014793985762,76.39434560524434,35.1,141.0,25.8,5.5,1132,782,Urban,Clay,23.7,0.0,10.8,Confined,5.9,32.61
2020-10-02,Puttur,12.759083070206808,75.19337197471297,15.23,90.6,27.8,6.2,1409,375,Agricultural,Clay,15.6,-0.08,0.8,Unconfined,10.2,13.84
2021-07-23,Kolar,13.133814900395938,78.13963515601613,12.6,109.2,28.3,8.4,302,668,Urban,Loam,11.9,0.0,0.5,Confined,7.3,10.91
2025-02-19,Badami,15.923527089745525,75.68595815446632,18.71,13.7,22.8,6.7,133,632,Agricultural,Loam,18.2,0.0,9.7,Confined,45.2,19.22
2022-02-28,Kollegala,12.153077910495577,77.11659440202281,10.61,3.9,20.8,6.1,704,161,Agricultural,Loam,17.8,0.0,0.9,Unconfined,50.0,11.34
2023-01-10,Athani,16.734678125836574,75.05938599758178,16.27,6.7,21.0,5.7,527,713,Agricultural,Sandy,17.5,0.0,10.8,Unconfined,23.6,16.66
2021-09-18,Shivamogga,13.936858689580118,75.56872931202223,37.28,63.1,23.4,4.9,1450,80,Urban,Clay,13.8,0.0,12.7,Unconfined,7.9,36.34
2020-10-03,Sirsi,14.62432754431256,74.84126786992181,27.65,97.2,25.8,6.4,315,300,Agricultural,Silty,7.5,0.0,11.4,Confined,58.0,26.61
2023-05-17,Badami,15.923623743119926,75.69722677925773,9.2,49.2,38.2,11.3,498,152,Agricultural,Loam,21.7,0.0,11.6,Confined,37.5,9.16
2020-12-20,Gokak,16.16541150656146,74.83922590440629,37.67,13.3,23.0,4.8,1024,272,Urban,Silty,8.0,0.0,6.3,Confined,9.5,37.74
2022-11-11,Devanahalli,13.234059204604806,77.70367206788181,26.81,72.2,29.7,6.8,244,470,Agricultural,Clay,14.8,0.0,5.3,Confined,49.7,26.2
2022-01-09,Karwar,14.821529383856051,74.13291077937335,6.44,12.0,23.7,6.5,314,285,Agricultural,Silty,7.9,0.55,0.8,Unconfined,9.6,6.57
2024-09-05,Sagara,14.172257368293305,75.03374442973679,23.57,121.8,30.0,8.2,1144,756,Agricultural,Sandy,10.8,0.0,13.5,Confined,46.4,22.01
2023-06-13,Gokak,16.165675371333812,74.83919847493598,11.4,139.2,28.0,7.0,923,725,Urban,Clay,13.5,0.0,1.5,Confined,0.4,8.97
2020-09-29,Kundapura,13.643635026595597,74.68167229955674,11.97,169.3,22.2,5.7,726,104,Forest,Sandy,16.5,-0.65,1.6,Unconfined,6.6,9.0
2021-04-19,Shivamogga,13.944869687878317,75.57324800606368,27.95,15.9,34.0,9.3,719,311,Urban,Sandy,15.6,0.0,8.5,Unconfined,0.3,28.1
2021-04-27,Devanahalli,13.229645687127249,77.69193282669666,32.06,40.4,34.7,8.4,633,288,Agricultural,Silty,7.7,0.0,8.0,Unconfined,41.4,32.09
2024-05-02,Hunasuru,12.311829977835277,76.28643345765812,10.72,14.5,42.0,8.6,229,723,Agricultural,Silty,3.9,0.0,11.9,Unconfined,43.2,11.29
2023-08-31,Haveri,14.788532494264652,75.39590318919333,17.76,241.1,27.1,7.6,165,249,Agricultural,Clay,17.8,0.0,7.8,Unconfined,52.6,13.84
2022-01-05,Chitradurga,14.210506158105511,76.38731327764982,28.45,19.2,21.3,5.0,435,55,Urban,Sandy,17.2,0.0,11.1,Unconfined,1.7,28.33
2022-02-16,Yadgir,16.761474089375962,77.14156513514014,23.01,0.8,26.7,6.2,1208,632,Agricultural,Clay,14.0,0.0,6.6,Unconfined,36.6,23.67
2022-03-11,Sagara,14.168863130122181,75.02896667720148,26.39,22.2,28.2,8.1,897,754,Agricultural,Clay,4.4,0.0,13.4,Confined,48.9,26.84
2022-07-15,Anekal,12.698762379893248,77.6912853275067,28.0,248.0,30.1,6.1,644,396,Urban,Clay,24.1,0.0,11.6,Confined,3.8,23.38
2022-11-17,Bagalkote,16.18351792274703,75.70419401987851,8.73,87.6,32.6,8.3,337,62,Urban,Silty,6.2,0.0,5.0,Unconfined,1.7,7.41
2024-03-24,Kolar,13.122439769298957,78.13620721664441,34.91,38.7,38.9,11.2,735,78,Urban,Silty,2.6,0.0,9.0,Confined,8.4,34.78
2020-10-10,Davanagere,14.48207152950509,75.92669874811747,12.23,29.4,29.4,7.2,858,23,Urban,Clay,11.5,0.0,4.2,Confined,7.1,12.07
2023-11-04,Sakleshpura,12.968413819359913,75.78977228368595,39.75,99.6,30.4,7.3,681,671,Agricultural,Loam,3.8,0.0,6.8,Confined,54.3,38.67
2024-10-01,Kollegala,12.148307319133627,77.10363311142119,23.58,52.4,31.8,8.2,780,583,Agricultural,Clay,22.6,0.0,12.1,Unconfined,20.7,23.15
2022-02-16,Kollegala,12.135967245307297,77.11883792564024,20.0,15.9,26.9,7.3,703,329,Agricultural,Clay,9.6,0.0,3.0,Unconfined,33.2,20.38
2024-01-30,Chikkamagaluru,13.30004207285145,75.78252768358306,9.49,5.0,24.5,5.3,228,314,Agricultural,Loam,16.4,0.0,8.5,Confined,55.3,10.21
2023-01-28,Udupi,13.337507669190167,74.74922576229628,35.25,16.1,25.9,5.6,1105,310,Agricultural,Clay,18.8,0.74,12.5,Unconfined,11.4,35.25
2023-12-09,Karwar,14.796579236639921,74.11303486437946,36.9,5.7,29.1,8.1,950,172,Agricultural,Silty,14.5,-0.72,11.9,Confined,13.0,37.39
2025-09-16,Hassan,12.993980203675124,76.0880124321926,21.36,135.1,31.0,8.4,1484,23,Urban,Loam,4.3,0.0,9.0,Unconfined,5.1,19.13
2022-01-15,Bagalkote,16.172928122910797,75.67572117421622,7.12,5.8,25.3,5.5,981,708,Urban,Sandy,4.1,0.0,3.0,Confined,8.1,7.36
2025-03-11,Doddaballapura,13.289808607529672,77.5219834334938,21.13,27.6,37.3,9.0,845,727,Agricultural,Clay,24.3,0.0,8.4,Confined,54.0,21.57
2023-10-09,Kolar,13.139221907674463,78.14491480532435,25.54,88.3,33.2,6.9,1384,732,Urban,Clay,21.6,0.0,7.1,Unconfined,9.4,24.21
2022-01-08,Sirsi,14.61426255231631,74.83332443128324,14.22,2.0,25.3,6.7,1099,502,Agricultural,Clay,17.2,0.0,7.3,Unconfined,48.1,15.0
2021-09-21,Hassan,13.013097695628424,76.08491179848335,39.2,91.3,28.7,8.3,118,438,Urban,Silty,14.0,0.0,6.4,Confined,5.6,37.84
2024-10-04,Ballari,15.146774052652555,76.92286312494117,12.3,44.1,33.7,8.9,296,380,Urban,Silty,21.3,0.0,7.4,Confined,4.3,11.91
2024-05-11,Sirsi,14.629025099848496,74.83712337846356,7.67,37.1,28.7,8.3,1095,101,Agricultural,Clay,17.4,0.0,9.3,Unconfined,28.5,7.63
2025-01-06,Ballari,15.12719785449708,76.92501339491236,25.28,17.8,22.3,5.2,232,170,Urban,Silty,2.6,0.0,13.8,Unconfined,5.1,25.23
2025-06-28,Sanduru,15.088636730057441,76.53923235104325,23.98,223.7,26.1,7.5,972,730,Agricultural,Silty,6.4,0.0,3.7,Unconfined,35.7,20.24
2022-03-25,Bengaluru North,13.038489632047545,77.60089285715404,26.34,48.3,36.9,10.8,1438,708,Urban,Sandy,6.0,0.0,6.8,Unconfined,0.8,25.92
2025-01-21,Anekal,12.707885818657616,77.69930746033714,18.64,3.5,24.9,5.3,1045,788,Urban,Clay,10.8,0.0,5.9,Confined,7.0,18.91
2023-04-26,Mangaluru,12.92934367485341,74.83832557713139,10.82,38.3,35.5,10.1,1408,791,Urban,Clay,24.5,0.07,12.7,Unconfined,35.5,10.91
2025-05-19,Madikeri,12.405365636122434,75.74202654832595,6.01,31.2,34.1,8.2,1019,745,Agricultural,Sandy,15.6,0.0,6.5,Unconfined,51.8,6.31
2022-09-10,Sagara,14.157935612829453,75.02576233024355,10.29,152.7,26.5,7.3,1297,240,Agricultural,Silty,14.5,0.0,13.2,Confined,29.1,7.89
2023-10-25,Sakleshpura,12.951784251833653,75.78277623294781,16.56,97.0,24.6,7.3,1421,379,Agricultural,Sandy,5.3,0.0,10.9,Unconfined,31.6,15.3
2023-06-14,Puttur,12.763377943864898,75.22321431539382,37.55,144.2,23.6,6.7,638,650,Forest,Clay,13.3,-0.59,6.2,Confined,37.6,35.44
2024-08-05,Sakleshpura,12.957372311895215,75.76974971551648,26.7,228.7,24.8,6.3,456,728,Agricultural,Clay,20.9,0.0,4.8,Confined,22.8,22.67
2021-10-02,Karwar,14.821181919571655,74.12424264521832,5.36,88.1,34.0,9.5,1085,754,Agricultural,Sandy,15.1,0.29,14.8,Unconfined,10.3,4.15
2025-06-24,Gokak,16.15893045966869,74.82654062582283,6.06,194.1,23.1,6.7,212,569,Urban,Loam,18.5,0.0,4.0,Confined,3.0,2.54
2023-12-31,Udupi,13.34850702571683,74.74306537358525,8.6,1.8,29.6,7.0,854,554,Forest,Sandy,13.1,0.35,12.7,Confined,35.3,9.23
2024-10-10,Gokak,16.166016263802167,74.85018770299656,36.44,53.6,27.0,7.7,909,285,Urban,Sandy,14.5,0.0,13.5,Confined,9.6,35.85
2025-03-10,Athani,16.745201440475828,75.06579547843333,35.6,31.4,33.6,6.9,187,396,Agricultural,Sandy,8.0,0.0,5.5,Unconfined,55.3,35.87
2025-07-14,Sakleshpura,12.99437527416536,75.78494922251765,12.87,169.0,24.6,5.6,366,797,Agricultural,Clay,1.0,0.0,11.9,Unconfined,25.0,10.02
2024-01-30,Sagara,14.161145663527138,75.03130652607224,32.63,10.3,26.5,7.8,647,520,Agricultural,Clay,10.1,0.0,6.7,Unconfined,22.9,33.04
2022-07-05,Chikkamagaluru,13.30997717839016,75.78805430703152,26.05,235.8,23.2,5.0,1203,307,Agricultural,Clay,20.6,0.0,4.9,Confined,33.3,21.92
2022-11-12,Kollegala,12.166908582520454,77.11595020337916,9.95,55.7,27.9,5.9,738,666,Agricultural,Sandy,10.9,0.0,14.5,Unconfined,47.0,9.6
2024-02-17,Ballari,15.145969014875913,76.92895858188513,16.94,4.0,27.3,6.5,995,403,Urban,Loam,6.8,0.0,0.1,Confined,4.7,17.23
2024-10-04,Bagalkote,16.177209913485683,75.68972655687404,19.59,56.8,30.4,6.4,540,230,Urban,Sandy,24.3,0.0,4.9,Confined,8.1,18.86
2024-09-13,Udupi,13.35538145382961,74.75435493167221,26.25,87.5,26.3,5.3,557,517,Urban,Sandy,9.0,-0.05,7.0,Unconfined,15.2,24.92
2024-12-03,Karwar,14.822548138485574,74.13222553526877,31.45,6.1,29.1,6.3,410,772,Forest,Loam,16.3,0.89,8.5,Confined,36.1,31.91
2021-06-02,Gokak,16.164429263937876,74.82475674660222,8.46,153.1,31.0,8.5,698,89,Urban,Sandy,16.7,0.0,10.2,Unconfined,8.8,5.91
2021-09-18,Anekal,12.712184060680856,77.70314917029114,23.25,205.8,24.9,5.7,1479,180,Urban,Silty,20.5,0.0,10.2,Confined,7.8,19.5
2022-11-06,Kolar,13.122359196499943,78.12646250847135,25.3,27.5,29.3,8.5,1342,88,Urban,Loam,17.0,0.0,13.3,Unconfined,7.8,25.25
2022-11-15,Athani,16.730131357146643,75.04974223998303,32.2,89.6,26.7,6.4,1371,298,Agricultural,Loam,22.6,0.0,12.5,Confined,21.0,30.94
2020-11-04,Udupi,13.311207705526709,74.73254058603699,20.97,44.4,29.1,7.8,1442,143,Forest,Silty,18.3,0.72,10.0,Unconfined,19.4,20.59
2020-12-23,Chitradurga,14.213573797155263,76.3988783159601,30.3,16.8,21.0,4.6,445,337,Urban,Silty,24.2,0.0,10.6,Unconfined,0.4,30.2
2022-04-18,Bagalkote,16.17983268465657,75.69061330286445,35.46,13.7,37.0,10.9,984,137,Urban,Silty,7.9,0.0,8.1,Confined,6.4,35.8
2024-03-23,Mangaluru,12.909556455943124,74.85753886539644,37.65,48.7,35.1,8.6,1393,724,Urban,Clay,12.7,0.57,8.1,Unconfined,17.8,37.23
2020-11-11,Anekal,12.7300520254264,77.69815986951635,38.91,83.6,29.7,8.1,1064,197,Urban,Clay,6.9,0.0,1.9,Unconfined,3.1,37.67
2023-02-09,Gokak,16.174753530413064,74.83412237975553,21.01,10.9,20.9,4.6,972,670,Urban,Sandy,17.5,0.0,3.0,Unconfined,4.1,21.06
2021-11-25,Tumakuru,13.35194414757669,77.09874060327606,8.91,78.1,32.6,7.5,375,99,Urban,Silty,5.5,0.0,14.5,Unconfined,4.4,7.77
2022-04-11,Gokak,16.167546423889622,74.82136319508193,16.72,27.8,30.5,7.4,1372,710,Urban,Silty,22.2,0.0,5.5,Confined,0.7,16.54
2025-04-14,Karwar,14.808107093096858,74.13299352944648,32.36,38.6,40.5,8.3,623,511,Urban,Sandy,15.2,0.4,7.6,Unconfined,11.1,32.07
2021-06-07,Sagara,14.176627299114767,75.03351530800795,19.92,220.9,30.7,6.7,485,699,Agricultural,Loam,10.1,0.0,2.4,Unconfined,39.8,16.24
2021-08-29,Sakleshpura,12.969792175949577,75.787526299025,9.95,161.7,23.6,5.1,1491,610,Agricultural,Sandy,21.1,0.0,5.5,Confined,56.9,7.54
2021-01-14,Sringeri,13.418722878208618,75.24366009340784,39.75,15.5,20.9,6.2,1413,356,Agricultural,Silty,20.3,0.0,10.4,Unconfined,53.2,40.28
2021-04-18,Anekal,12.702108769173629,77.69225696707683,5.7,18.0,34.0,8.4,1306,282,Urban,Silty,10.3,0.0,12.5,Unconfined,3.3,5.79
2021-03-16,Sirsi,14.608451481467544,74.8261027742808,20.78,26.7,32.0,7.0,1043,473,Agricultural,Loam,5.8,0.0,8.0,Unconfined,29.7,20.89
2024-06-05,Sagara,14.167758450092085,75.03469424816855,36.09,64.4,31.2,7.6,437,729,Agricultural,Silty,2.3,0.0,5.4,Confined,42.7,35.61
2024-09-26,Bengaluru North,13.035618839926121,77.59763780743836,25.35,158.0,24.9,7.0,1044,661,Urban,Silty,23.3,0.0,5.0,Confined,1.8,22.56
2022-10-15,Tumakuru,13.347652068921043,77.1074837170052,11.06,85.2,26.5,5.4,208,494,Urban,Loam,3.4,0.0,2.5,Confined,4.7,9.67
2022-06-08,Chikkamagaluru,13.312743585316923,75.79238177435391,21.02,69.0,30.7,8.5,222,452,Agricultural,Sandy,22.8,0.0,7.3,Confined,20.8,20.27
2024-05-16,Kundapura,13.629123099282657,74.689092199576,32.43,37.5,33.6,8.5,545,616,Agricultural,Silty,9.6,1.0,8.1,Unconfined,19.6,32.2
2020-11-12,Sakleshpura,12.967027836433052,75.77629988866903,14.91,94.1,29.4,7.1,1030,561,Agricultural,Silty,8.4,0.0,2.1,Unconfined,37.6,13.76
2023-01-29,Athani,16.72200295052652,75.08228266130409,34.91,1.8,25.5,6.2,813,208,Agricultural,Sandy,21.7,0.0,14.2,Confined,26.5,35.45
2023-03-26,Karwar,14.801237507471717,74.12187247489766,17.96,43.7,30.3,7.4,218,795,Agricultural,Clay,15.8,-0.17,3.7,Unconfined,12.1,17.59
2024-11-14,Shivamogga,13.934301123844413,75.56790910460839,27.99,96.5,31.9,8.1,1209,611,Urban,Loam,5.7,0.0,8.4,Unconfined,4.0,26.5
2023-08-04,Sanduru,15.087085529285186,76.546055869918,23.87,52.4,22.7,5.4,966,531,Agricultural,Loam,24.4,0.0,13.1,Unconfined,30.7,23.4
2023-11-14,Yadgir,16.76754180087363,77.15331925048673,7.49,29.6,30.6,6.8,691,743,Agricultural,Silty,3.7,0.0,4.7,Confined,52.1,7.76
2022-02-25,Hubballi,15.364514376939024,75.13224351673128,30.25,17.6,24.3,6.4,1411,246,Urban,Loam,1.3,0.0,9.5,Confined,0.9,30.23
2022-09-29,Chikkamagaluru,13.320110776465915,75.77102447252616,9.27,199.0,24.5,6.4,1097,36,Agricultural,Loam,10.3,0.0,5.0,Confined,59.7,6.21
2024-10-24,Yadgir,16.759884291491286,77.15756084510107,9.75,80.3,28.0,7.3,898,491,Agricultural,Loam,6.2,0.0,6.0,Unconfined,56.5,9.07
2024-10-24,Ballari,15.151838876061321,76.92132473660028,14.78,36.8,27.7,7.7,181,739,Urban,Sandy,13.2,0.0,5.4,Unconfined,6.9,14.5
2024-10-07,Hunasuru,12.324921143200056,76.28038320713578,26.65,29.0,26.9,7.3,102,481,Agricultural,Clay,19.9,0.0,3.6,Confined,26.7,26.7
2023-09-03,Kolar,13.128438568032722,78.13252676662508,23.86,221.3,26.9,7.1,201,414,Urban,Silty,7.7,0.0,12.7,Unconfined,9.1,19.88
2022-10-06,Karwar,14.812498842035472,74.1205742514623,5.53,45.0,25.0,6.9,683,541,Agricultural,Sandy,1.2,-0.47,2.3,Unconfined,6.3,5.08
2025-06-13,Sirsi,14.620195579918018,74.83489166545614,14.69,191.1,27.6,6.1,975,84,Agricultural,Sandy,13.1,0.0,2.3,Confined,32.0,11.49
2023-10-26,Kollegala,12.157190043136804,77.1032705619292,12.72,93.5,28.7,7.7,433,718,Agricultural,Sandy,20.4,0.0,2.9,Unconfined,50.2,11.74
2024-01-02,Sirsi,14.63096569795874,74.84116389680581,12.1,6.5,28.4,6.3,1174,18,Agricultural,Silty,22.3,0.0,7.4,Confined,53.7,12.82
2025-02-02,Shivamogga,13.924491042616435,75.56680708972245,8.75,3.1,26.8,6.5,106,324,Urban,Loam,7.0,0.0,14.3,Confined,0.7,9.02
2020-11-22,Hubballi,15.358756724161116,75.13056597506831,12.77,40.2,25.6,6.2,325,635,Urban,Loam,13.3,0.0,3.4,Unconfined,2.5,12.3
2022-05-28,Tumakuru,13.346401645899896,77.08567765453849,18.38,9.2,30.9,7.4,195,710,Urban,Silty,16.1,0.0,6.6,Confined,2.3,18.59
2024-10-31,Gokak,16.15191540391859,74.83233227150338,6.99,50.8,24.0,6.2,809,309,Urban,Sandy,22.0,0.0,14.1,Unconfined,2.2,6.31
2021-01-22,Sakleshpura,12.972440313221119,75.78578338583881,18.07,17.3,24.0,6.4,589,536,Agricultural,Sandy,13.1,0.0,3.2,Unconfined,42.9,18.47
2024-10-25,Athani,16.739499602524194,75.06909502860961,32.4,98.2,30.0,7.7,1153,589,Agricultural,Loam,18.4,0.0,4.4,Confined,32.2,31.14
2023-05-17,Raichur,16.20604942337401,77.351911141064,34.36,0.1,34.5,9.3,1169,340,Urban,Clay,14.8,0.0,2.2,Confined,4.8,34.87
2023-09-19,Anekal,12.712461259940651,77.69547109834853,20.99,229.0,26.0,7.7,952,89,Urban,Loam,21.5,0.0,8.4,Confined,6.8,16.86
2023-04-07,Athani,16.740887984129646,75.05006414250343,21.29,33.9,36.5,9.6,401,484,Agricultural,Silty,3.0,0.0,13.2,Unconfined,57.9,21.67
2024-07-01,Mandya,12.511718849161896,76.88015349305158,25.66,216.9,24.1,5.6,645,74,Agricultural,Sandy,10.0,0.0,13.1,Unconfined,55.6,22.16
2025-06-13,Mysuru,12.287687121419335,76.63605519112407,21.42,202.2,29.0,7.1,1311,562,Urban,Loam,1.7,0.0,11.6,Confined,3.3,17.76
2021-08-03,Davanagere,14.452353854631552,75.93156863518577,18.78,237.9,26.9,7.8,1096,428,Urban,Sandy,21.3,0.0,11.6,Confined,8.4,14.5
2022-05-30,Shivamogga,13.942851456249661,75.55719982878516,21.75,12.6,32.2,9.1,310,348,Urban,Sandy,18.0,0.0,1.6,Confined,7.7,22.03
2021-05-31,Yadgir,16.760527635019233,77.14426425118069,35.09,37.3,32.7,8.5,471,666,Agricultural,Silty,5.8,0.0,1.2,Confined,29.3,35.06
2022-02-26,Sagara,14.161011993242202,75.02192913638956,31.58,3.1,24.1,5.1,161,544,Agricultural,Silty,18.7,0.0,13.3,Confined,51.2,32.28
2020-12-08,Sanduru,15.102465921676298,76.5517471306237,22.94,15.2,22.8,6.8,1286,279,Agricultural,Clay,3.7,0.0,8.5,Confined,49.7,23.47
2022-07-02,Sirsi,14.622539682126632,74.84422950211786,34.15,210.1,29.3,6.2,912,60,Agricultural,Loam,2.2,0.0,11.4,Confined,33.7,30.59
2022-12-10,Kolar,13.11892785063491,78.13636085857459,22.1,0.6,21.4,4.4,582,508,Urban,Sandy,21.4,0.0,10.1,Unconfined,8.2,22.39
2025-09-09,Doddaballapura,13.28255926468596,77.55145075946449,6.59,115.2,28.4,6.9,217,389,Agricultural,Silty,14.7,0.0,14.7,Unconfined,54.5,5.18
2023-05-29,Ballari,15.154492748388357,76.9291864443183,25.46,0.6,34.9,9.4,954,622,Urban,Silty,21.0,0.0,6.2,Unconfined,5.8,25.98
2023-11-10,Davanagere,14.477240379632399,75.92331432864006,25.81,68.3,32.2,6.8,693,54,Urban,Loam,24.3,0.0,7.2,Confined,9.8,24.88
2024-07-31,Doddaballapura,13.30654641822674,77.54800039552258,15.45,212.2,30.1,6.1,713,93,Agricultural,Clay,5.7,0.0,9.5,Confined,56.1,12.07
2024-04-27,Davanagere,14.462745657413839,75.91025631274017,33.57,4.9,40.1,10.3,371,259,Urban,Sandy,22.5,0.0,4.5,Unconfined,8.4,34.07
2024-07-24,Bagalkote,16.189464285118998,75.72835224827931,30.58,245.8,31.1,6.6,396,428,Urban,Sandy,10.5,0.0,7.2,Confined,6.3,26.06
2024-07-12,Tumakuru,13.3382336428256,77.09631199372454,27.91,181.3,26.2,7.1,1444,542,Urban,Silty,5.7,0.0,0.8,Unconfined,7.0,24.71
2024-03-02,Ballari,15.148115966967344,76.91758972334274,13.04,35.2,38.8,7.9,695,706,Urban,Clay,2.6,0.0,3.9,Unconfined,6.5,12.8
2022-06-10,Hunasuru,12.314228256556314,76.28163451108632,20.33,56.1,26.8,7.5,105,545,Agricultural,Clay,20.7,0.0,14.3,Confined,28.9,19.87
2021-08-19,Bagalkote,16.21414025528972,75.71347782306866,26.95,232.5,26.1,5.9,480,790,Urban,Sandy,21.4,0.0,12.3,Confined,2.1,22.62
2020-12-20,Sirsi,14.60659383497343,74.82476658025777,11.47,9.8,25.3,6.6,802,661,Agricultural,Silty,24.2,0.0,2.6,Unconfined,31.7,11.92
2024-05-29,Anekal,12.705510497548547,77.69399128650737,29.28,3.4,35.3,7.7,826,218,Urban,Sandy,4.4,0.0,8.2,Confined,7.3,29.67
2023-05-14,Puttur,12.774374204271089,75.2229891486678,34.47,19.5,34.1,7.3,251,524,Agricultural,Loam,9.7,-0.32,12.4,Confined,28.9,34.77
2024-06-05,Bengaluru North,13.029402312064489,77.58957304459852,38.87,115.3,30.6,7.5,288,757,Urban,Clay,20.6,0.0,13.6,Confined,5.3,36.99
2024-07-31,Sakleshpura,12.967050463547553,75.78892573432312,7.44,159.6,30.2,8.1,261,20,Agricultural,Sandy,24.8,0.0,1.9,Unconfined,37.7,5.03
2024-05-28,Udupi,13.330610275560286,74.74570770721132,15.72,48.2,31.6,6.9,1055,410,Urban,Clay,23.1,0.5,5.6,Unconfined,21.0,15.26
2025-01-02,Hassan,13.004619678308599,76.10249341747206,20.99,6.0,27.1,5.4,811,590,Urban,Loam,4.0,0.0,1.0,Unconfined,0.7,21.15
2023-01-02,Gokak,16.163987116192917,74.84563571978289,38.23,3.5,28.5,7.2,293,611,Urban,Silty,10.8,0.0,10.6,Confined,1.3,38.53
2023-11-18,Hunasuru,12.315368213932755,76.2921189538429,23.24,69.4,29.8,7.7,744,799,Agricultural,Sandy,2.7,0.0,2.4,Unconfined,50.9,22.75
2022-05-03,Sringeri,13.432633571485988,75.24786018343764,7.35,17.7,36.4,10.1,593,721,Agricultural,Sandy,1.1,0.0,0.2,Unconfined,42.9,7.93
2021-04-22,Kundapura,13.639597002237075,74.68621424351663,20.13,49.0,30.6,8.7,1147,65,Urban,Loam,8.5,0.85,9.4,Confined,12.0,19.62
2023-01-05,Tumakuru,13.345207912330405,77.09353199292602,6.88,9.1,22.1,6.5,1396,400,Urban,Clay,18.9,0.0,12.3,Confined,7.5,7.1
2024-12-29,Udupi,13.325449619283424,74.74906104739732,39.21,11.2,22.4,6.4,898,666,Forest,Sandy,10.5,-0.14,13.6,Confined,8.5,39.41
2022-01-31,Bengaluru North,13.047315104903246,77.60046784209213,27.29,0.5,26.0,5.9,375,299,Urban,Loam,11.2,0.0,12.8,Confined,7.6,27.65
2024-10-21,Haveri,14.795913777865152,75.39064840937853,37.06,81.8,30.1,9.0,450,694,Agricultural,Sandy,13.2,0.0,11.7,Confined,35.8,36.23
2025-05-05,Gokak,16.154085700787867,74.82715244754401,5.2,32.8,28.8,6.2,1494,360,Urban,Silty,7.3,0.0,9.1,Unconfined,7.7,4.93
2021-12-12,Devanahalli,13.23960189291303,77.70043353141067,26.22,13.8,21.6,5.4,989,743,Agricultural,Loam,1.4,0.0,7.1,Unconfined,23.5,26.45
2023-08-04,Chitradurga,14.203278912206859,76.41085671137557,13.5,122.2,27.3,7.4,369,587,Urban,Loam,8.9,0.0,12.8,Unconfined,5.1,11.48
2022-04-12,Yadgir,16.773970246324023,77.1375197757319,33.16,40.6,29.4,7.4,509,90,Agricultural,Sandy,5.7,0.0,11.7,Confined,49.3,33.21
2024-02-06,Shivamogga,13.9320882658031,75.57511351817887,35.57,8.9,20.1,5.6,254,57,Urban,Silty,12.5,0.0,0.6,Unconfined,3.9,35.71
2023-05-05,Kundapura,13.625023861138338,74.67163310333102,12.69,4.7,37.8,9.1,642,455,Forest,Clay,22.9,-0.08,2.3,Unconfined,13.3,13.19
2023-10-20,Karwar,14.80970101731053,74.1226707471684,32.91,55.0,31.2,9.3,1148,609,Urban,Silty,7.8,0.37,2.1,Confined,18.8,32.43
2023-10-21,Sringeri,13.42112436658461,75.25269648650918,23.16,54.6,25.8,7.2,1160,450,Agricultural,Silty,11.4,0.0,6.0,Unconfined,48.9,22.92
2022-09-30,Anekal,12.693421374592514,77.67921307017255,34.98,173.3,26.8,7.2,1478,302,Urban,Silty,12.3,0.0,1.8,Unconfined,5.5,31.93
2023-05-19,Puttur,12.76822712669664,75.21576794195126,23.75,20.3,28.2,5.8,503,356,Agricultural,Loam,14.7,-0.91,8.7,Confined,12.1,23.85
2022-01-15,Raichur,16.238786690855743,77.34196472469846,35.33,0.5,29.5,6.2,867,473,Urban,Sandy,7.5,0.0,2.9,Unconfined,4.1,35.67
2021-08-24,Badami,15.906239392265686,75.68809646991618,8.43,166.1,28.3,7.3,624,210,Agricultural,Sandy,6.0,0.0,6.5,Unconfined,26.9,5.74
2024-05-10,Tumakuru,13.358661234639417,77.1163067866314,38.2,32.0,33.2,7.6,1171,140,Urban,Silty,14.3,0.0,1.0,Unconfined,4.5,37.99
2022-02-26,Hunasuru,12.291012059501636,76.29214263565417,18.53,11.6,29.5,8.3,723,120,Agricultural,Silty,4.5,0.0,12.4,Unconfined,23.8,18.95
2024-10-25,Anekal,12.697723906065534,77.6914665009723,19.04,91.9,30.0,8.9,1402,505,Urban,Silty,21.2,0.0,12.9,Unconfined,3.3,17.68
2021-10-17,Udupi,13.332313872827587,74.74001245742541,33.18,88.5,25.0,5.8,846,56,Urban,Silty,24.9,0.32,5.3,Confined,28.1,31.95
2024-03-22,Raichur,16.204732352279258,77.36623655110793,37.35,8.3,30.8,8.0,1106,758,Urban,Sandy,7.6,0.0,6.5,Confined,6.5,37.65
2023-06-28,Udupi,13.32580028455996,74.75393165122611,39.38,108.8,27.5,7.4,1162,582,Forest,Sandy,8.1,0.18,8.6,Confined,18.3,37.74
2022-07-08,Bengaluru North,13.018387150678313,77.58267683148192,26.14,149.3,24.4,6.0,805,322,Urban,Clay,13.4,0.0,9.6,Unconfined,4.2,23.5
2024-11-24,Puttur,12.74498499613091,75.20368744201014,34.79,58.7,25.1,5.9,914,149,Agricultural,Loam,15.7,0.08,2.7,Unconfined,24.6,34.15
2025-06-04,Sirsi,14.621217359057546,74.83470006444351,10.19,229.9,22.3,6.1,1076,747,Agricultural,Sandy,17.7,0.0,14.7,Confined,43.5,6.33
2024-07-17,Mysuru,12.280850842829905,76.65034599099741,17.95,249.0,27.0,5.9,351,93,Urban,Silty,14.0,0.0,5.9,Confined,0.0,13.26
2020-12-21,Mysuru,12.31209157531627,76.63947359721946,27.66,6.0,21.0,5.5,158,509,Urban,Sandy,7.7,0.0,7.5,Confined,8.6,27.9
2021-02-05,Sakleshpura,12.977138611724657,75.78161130748472,18.88,4.5,29.6,7.4,970,521,Agricultural,Sandy,10.6,0.0,3.4,Unconfined,28.6,19.45
2023-10-23,Kolar,13.129953303948227,78.1353007770882,20.08,42.4,26.2,5.6,1239,287,Urban,Silty,24.2,0.0,7.2,Unconfined,9.5,19.61
2020-12-14,Sirsi,14.60695622852292,74.83701040850771,38.71,9.9,22.6,5.1,724,501,Agricultural,Clay,16.4,0.0,13.0,Confined,23.2,39.0
2022-05-18,Bagalkote,16.18756376207329,75.69542735951526,22.01,9.6,29.9,8.9,563,300,Urban,Clay,6.5,0.0,7.3,Confined,3.2,22.3
2022-12-12,Kolar,13.129837198527545,78.12359972360004,13.2,16.2,23.4,6.3,312,556,Urban,Silty,16.4,0.0,14.9,Unconfined,4.8,13.24
2022-08-27,Chikkamagaluru,13.32804617105784,75.77475371040616,24.29,196.2,26.3,6.6,351,761,Agricultural,Loam,19.9,0.0,6.5,Confined,39.5,21.09
2023-05-14,Chitradurga,14.212454191331993,76.40035470897092,34.75,14.2,41.0,10.3,517,260,Urban,Loam,21.6,0.0,13.5,Unconfined,9.8,35.08
2024-11-01,Sringeri,13.419277479012603,75.25193966570771,27.4,87.5,25.3,6.8,637,592,Agricultural,Sandy,21.1,0.0,1.2,Unconfined,20.5,26.19
2022-10-15,Kollegala,12.158094809442616,77.11583163025294,24.0,71.5,33.2,7.0,365,200,Agricultural,Sandy,15.2,0.0,8.0,Unconfined,55.1,23.47
2025-01-24,Gokak,16.16124419942679,74.83933181087944,13.35,5.1,26.0,6.8,937,599,Urban,Loam,18.0,0.0,2.3,Confined,8.1,13.67
2025-07-14,Kollegala,12.143410726413641,77.12428678318696,27.45,175.6,30.8,7.4,602,452,Agricultural,Sandy,23.6,0.0,9.3,Unconfined,27.2,24.58
2020-12-18,Bengaluru North,13.04353951546749,77.60421771710037,17.62,15.6,28.7,6.3,569,409,Urban,Sandy,13.6,0.0,8.9,Unconfined,4.3,17.67
2021-04-07,Sirsi,14.622980262861434,74.82314536293256,19.66,35.1,32.1,9.5,824,506,Agricultural,Clay,20.6,0.0,14.6,Confined,59.4,20.03
2023-10-29,Mandya,12.523652292581183,76.8885151860445,15.66,92.4,32.3,8.9,524,72,Agricultural,Loam,9.5,0.0,5.2,Unconfined,56.9,14.83
2023-05-26,Chitradurga,14.219009184536862,76.3910143895318,31.31,23.9,38.9,10.3,577,690,Urban,Sandy,6.1,0.0,2.0,Unconfined,5.4,31.4
2024-11-20,Chitradurga,14.232063012591217,76.410587365415,7.32,48.0,26.4,6.1,215,575,Urban,Silty,2.2,0.0,4.6,Confined,3.7,6.7
2024-02-10,Yadgir,16.78392492357481,77.14723083640882,35.57,7.9,29.3,5.9,1229,663,Agricultural,Loam,19.1,0.0,9.1,Confined,43.7,36.14
2024-01-11,Bengaluru North,13.021986087369099,77.60785524258843,35.63,7.1,20.1,4.9,532,66,Urban,Sandy,21.9,0.0,3.1,Unconfined,2.7,35.76
2022-10-16,Sakleshpura,12.970484027004629,75.77099130294218,9.84,95.7,34.0,8.8,586,651,Agricultural,Silty,2.6,0.0,11.3,Unconfined,36.1,8.73
2022-09-26,Shivamogga,13.917939018070898,75.57658247594048,28.62,155.2,30.9,6.3,1272,648,Urban,Loam,6.4,0.0,0.4,Confined,3.0,25.86
2024-10-31,Madikeri,12.403261912107082,75.74573507645862,35.58,75.7,33.4,9.4,369,230,Agricultural,Silty,8.6,0.0,3.6,Unconfined,43.8,34.97
2021-05-14,Kollegala,12.161592009853859,77.11869895293786,13.2,47.0,38.5,9.8,896,789,Agricultural,Loam,15.3,0.0,9.8,Confined,41.2,13.16
2022-09-05,Kolar,13.147351839363665,78.1326062706135,30.51,248.4,30.0,7.4,1494,609,Urban,Loam,13.6,0.0,13.4,Unconfined,0.1,25.91
2023-12-16,Hunasuru,12.322812558381095,76.27373600022607,16.49,2.5,20.1,5.9,809,601,Agricultural,Sandy,10.9,0.0,2.3,Unconfined,42.4,17.16
2021-07-26,Doddaballapura,13.291173097345563,77.53986455614307,33.52,236.3,28.1,8.1,661,690,Agricultural,Sandy,4.2,0.0,1.9,Unconfined,26.0,29.46
2025-05-27,Kundapura,13.620363365600651,74.69784146233302,5.78,39.3,35.8,7.3,861,758,Urban,Silty,11.3,0.9,12.5,Confined,23.4,5.5
2023-11-09,Devanahalli,13.25259533214619,77.68616126644177,6.71,36.6,28.0,6.0,657,571,Agricultural,Silty,23.1,0.0,5.9,Confined,38.2,6.66
2020-12-06,Bagalkote,16.164495658838813,75.69366294486282,28.67,3.1,25.1,6.9,849,597,Urban,Clay,12.3,0.0,6.7,Confined,4.3,29.0
2022-08-19,Kolar,13.126686199933632,78.13544108780681,26.55,204.5,31.0,8.8,1342,726,Urban,Clay,21.9,0.0,1.4,Unconfined,6.6,22.97
2021-09-07,Shivamogga,13.928822348680104,75.5744466910859,7.5,238.9,23.6,6.8,643,508,Urban,Loam,11.9,0.0,4.3,Confined,0.9,3.07
2021-11-16,Puttur,12.773721205042209,75.21751194314939,22.82,74.2,28.7,8.4,1023,673,Forest,Loam,16.6,0.08,4.0,Unconfined,38.9,22.14
2024-03-20,Gokak,16.15944419611126,74.83283353216342,14.04,49.2,32.7,7.8,599,241,Urban,Sandy,22.5,0.0,1.1,Confined,0.1,13.45
2021-02-05,Hunasuru,12.294429104989362,76.29549052484695,13.25,8.5,27.0,5.9,1138,773,Agricultural,Loam,15.5,0.0,3.9,Confined,47.5,13.85
2023-03-09,Gokak,16.16342800057619,74.85378115209228,16.81,0.5,39.3,9.5,315,452,Urban,Sandy,11.4,0.0,8.3,Unconfined,9.2,17.37
2022-06-04,Yadgir,16.7546296765819,77.15967016079885,10.24,200.0,30.4,9.0,555,706,Agricultural,Silty,24.3,0.0,13.3,Confined,38.7,7.08
2021-10-18,Kollegala,12.150456926104756,77.12426500042875,37.53,71.6,26.2,5.6,280,343,Agricultural,Silty,13.7,0.0,9.1,Unconfined,28.5,36.66
2025-08-23,Kolar,13.142249623203531,78.13392115671854,14.22,52.7,27.4,7.0,1148,268,Urban,Clay,3.6,0.0,12.3,Unconfined,8.7,13.6
2021-02-02,Athani,16.716485263278788,75.0599440339978,24.22,2.0,25.0,5.5,107,775,Agricultural,Loam,2.8,0.0,0.5,Unconfined,43.8,24.89
2020-12-11,Hunasuru,12.29626780260015,76.29303011265476,9.51,8.8,20.1,4.1,239,598,Agricultural,Loam,9.6,0.0,5.4,Unconfined,20.4,9.74
2022-05-14,Mysuru,12.310815695611291,76.64853070978057,20.66,45.9,39.8,8.4,208,426,Urban,Silty,24.2,0.0,2.0,Unconfined,4.1,20.2
2020-11-04,Udupi,13.333962623634447,74.73080613420393,31.46,66.6,28.4,8.5,1121,191,Urban,Clay,11.2,-0.05,3.5,Unconfined,16.2,30.72
2023-11-06,Ballari,15.152680874760401,76.91640162622959,28.31,42.7,33.7,8.1,986,628,Urban,Clay,9.2,0.0,2.0,Confined,6.9,27.93
2023-11-09,Sanduru,15.081732543501095,76.54278235285899,5.06,70.2,26.7,6.9,803,224,Agricultural,Silty,5.7,0.0,8.4,Unconfined,28.4,4.28
2025-09-15,Bagalkote,16.190993447714092,75.69523624592146,21.99,194.2,27.9,6.5,810,61,Urban,Loam,8.3,0.0,4.7,Confined,1.8,18.45
2020-12-25,Udupi,13.344020310529194,74.73967308827314,25.21,8.4,29.1,5.9,371,85,Forest,Silty,12.0,0.29,5.4,Unconfined,37.1,25.68
2022-01-17,Mangaluru,12.92291406393209,74.87047439033746,10.38,0.2,29.3,6.2,1190,156,Forest,Sandy,20.8,0.79,8.6,Unconfined,10.8,10.72
2022-07-21,Gokak,16.16450793649583,74.82747078550476,31.14,140.1,29.3,8.7,1028,87,Urban,Sandy,8.1,0.0,11.7,Confined,5.7,28.83
2024-03-07,Sagara,14.170407635963773,75.03713710990479,5.03,25.4,37.9,10.5,1148,12,Agricultural,Sandy,12.5,0.0,6.1,Unconfined,27.2,5.32
2022-05-15,Chitradurga,14.218135438596995,76.37991242086349,33.89,7.0,28.8,7.8,1332,542,Urban,Silty,11.3,0.0,4.7,Unconfined,10.0,34.24
2023-09-18,Devanahalli,13.22207467658641,77.70845929167152,35.32,78.7,31.0,7.8,1378,326,Agricultural,Silty,15.4,0.0,14.5,Unconfined,51.7,34.65
2021-11-11,Raichur,16.191579028772427,77.34563568096257,35.74,37.2,30.4,7.5,1157,616,Urban,Loam,17.3,0.0,8.5,Confined,7.8,35.45
2022-12-30,Madikeri,12.41423947726728,75.74885310653441,27.91,17.0,23.7,5.4,532,182,Agricultural,Clay,2.1,0.0,2.0,Confined,40.2,28.24
2021-09-04,Davanagere,14.47067935985112,75.92801154554172,12.99,186.0,29.8,6.9,310,294,Urban,Silty,18.5,0.0,5.5,Unconfined,7.3,9.69
2024-05-23,Devanahalli,13.24824066239082,77.70028573713886,29.46,22.2,32.1,6.5,1361,253,Agricultural,Sandy,13.2,0.0,0.3,Unconfined,31.4,29.66
2022-07-14,Athani,16.709530584153022,75.0535913081021,22.34,114.1,28.0,7.5,1495,380,Agricultural,Clay,17.6,0.0,3.9,Unconfined,33.7,20.77
2024-04-27,Sakleshpura,12.970127849527588,75.79255310793663,24.9,0.3,36.7,9.8,1006,695,Agricultural,Silty,21.2,0.0,7.5,Unconfined,59.9,25.98
2024-03-12,Bagalkote,16.175191263077355,75.70252300838003,8.36,15.7,30.3,7.6,719,258,Urban,Sandy,4.5,0.0,8.8,Unconfined,6.1,8.49
2022-06-20,Gokak,16.16700461398685,74.83060783506748,29.96,85.7,30.4,7.7,1384,343,Urban,Loam,11.8,0.0,14.5,Confined,6.7,28.7
2025-05-02,Devanahalli,13.228449424588959,77.68735883777398,27.76,7.1,33.0,7.6,226,697,Agricultural,Clay,3.1,0.0,11.9,Confined,32.0,28.32
2023-11-04,Chikkamagaluru,13.310592241042416,75.76805595237319,7.79,41.8,28.3,7.0,678,127,Agricultural,Silty,14.8,0.0,5.5,Unconfined,37.5,7.68
2020-12-12,Mangaluru,12.911728247942495,74.85422336031485,38.2,16.2,29.8,7.1,1253,426,Agricultural,Silty,24.8,-0.07,6.8,Unconfined,28.3,38.52
2024-01-06,Mangaluru,12.913470178433597,74.85817580664474,26.91,4.4,28.4,6.3,763,340,Urban,Silty,5.4,-0.1,1.4,Confined,12.1,27.27
2022-07-17,Athani,16.730000491029756,75.05625377917626,21.56,197.2,28.7,7.9,220,498,Agricultural,Sandy,18.7,0.0,11.3,Confined,58.3,18.59
2025-01-09,Kundapura,13.62575741195983,74.69035973061658,18.91,18.7,25.5,6.8,1288,433,Forest,Silty,4.6,0.96,12.4,Unconfined,11.7,18.9
2024-02-04,Kundapura,13.634444422015072,74.67863927921523,35.82,15.2,22.4,6.0,1090,70,Urban,Silty,14.2,-0.33,7.1,Confined,28.7,36.14
2024-02-04,Shivamogga,13.928026006762325,75.56767151495379,15.6,13.2,26.8,7.1,302,417,Urban,Silty,14.9,0.0,7.9,Unconfined,9.8,15.79
2024-02-21,Doddaballapura,13.295607502001566,77.55523030632357,23.94,6.1,20.8,4.9,469,419,Agricultural,Loam,2.9,0.0,13.2,Unconfined,22.0,24.28
2020-12-02,Kundapura,13.628608627689161,74.69077756538798,8.71,3.7,21.8,4.4,589,563,Agricultural,Sandy,12.9,-0.11,3.2,Confined,31.5,9.18
2022-05-28,Haveri,14.780421033358763,75.41595455918059,29.74,32.0,31.1,8.5,270,559,Agricultural,Silty,17.6,0.0,13.6,Unconfined,26.7,29.79
2025-09-11,Puttur,12.765097903859155,75.21113373059427,33.75,232.2,24.6,7.0,554,11,Urban,Sandy,23.0,-0.17,12.3,Unconfined,27.7,29.75
2024-01-06,Sringeri,13.406891215838916,75.25591430759441,37.6,11.9,27.2,5.5,178,471,Agricultural,Clay,8.1,0.0,2.0,Confined,41.8,38.05
2023-12-09,Puttur,12.76388393563607,75.20793602395544,26.01,15.3,22.5,6.0,112,538,Forest,Sandy,2.7,0.4,0.3,Unconfined,31.0,26.27
2023-05-21,Mysuru,12.303808127443109,76.6492811781768,29.3,47.6,32.6,8.9,1247,126,Urban,Silty,16.2,0.0,9.5,Unconfined,1.9,28.81
2022-05-11,Gokak,16.1533315654502,74.8574843029934,6.74,34.4,28.7,8.1,391,10,Urban,Loam,9.3,0.0,12.1,Confined,4.1,6.5
2022-12-26,Kundapura,13.625789691308173,74.6806238893442,25.69,3.9,20.4,5.9,1226,784,Forest,Sandy,7.0,-0.29,14.2,Unconfined,18.7,26.12
2021-03-28,Sanduru,15.095833706088717,76.54253578561692,37.43,28.1,34.5,7.2,322,420,Agricultural,Silty,8.7,0.0,14.7,Confined,59.8,37.83
2021-02-05,Badami,15.92118384390674,75.66941342156458,27.02,12.8,23.4,6.1,970,172,Agricultural,Silty,4.8,0.0,3.8,Unconfined,45.1,27.52
2024-12-17,Devanahalli,13.240379090192688,77.68972394185853,5.78,19.7,24.2,5.6,1143,774,Agricultural,Sandy,9.8,0.0,11.1,Unconfined,52.8,6.19
2025-06-17,Doddaballapura,13.296610255463207,77.52853708939155,34.38,128.0,22.8,6.5,935,778,Agricultural,Clay,5.8,0.0,5.5,Unconfined,43.4,32.58
2020-12-14,Sagara,14.156254125748518,75.04056351876862,33.22,8.2,23.0,4.9,135,136,Agricultural,Loam,6.3,0.0,11.5,Confined,33.1,33.63
2022-11-12,Athani,16.733199279578166,75.0703824249036,36.88,92.1,31.3,6.9,283,513,Agricultural,Silty,7.7,0.0,10.1,Unconfined,35.4,35.74
2021-03-24,Sakleshpura,12.956392100441937,75.78097512771018,11.56,11.9,40.9,11.3,927,92,Agricultural,Loam,2.0,0.0,1.2,Unconfined,58.6,12.47
2020-10-20,Sirsi,14.6169368329193,74.8410613806755,8.82,32.8,31.8,8.6,741,460,Agricultural,Sandy,13.6,0.0,14.3,Confined,56.2,9.16
2022-04-14,Bagalkote,16.19583567189779,75.68921319589303,12.77,35.5,33.6,8.9,207,270,Urban,Loam,17.0,0.0,8.1,Confined,3.7,12.54
2023-01-17,Sringeri,13.435026690294277,75.24860627052968,33.28,9.9,20.8,4.9,927,275,Agricultural,Clay,1.9,0.0,14.3,Confined,50.0,33.83
2020-12-30,Gokak,16.153171657081334,74.82154369252214,20.02,1.9,20.3,6.0,692,712,Urban,Loam,17.6,0.0,13.9,Unconfined,0.2,20.28
2023-06-12,Devanahalli,13.240152896193369,77.69346276270647,24.57,84.0,25.9,7.5,747,148,Agricultural,Sandy,3.6,0.0,8.2,Confined,26.3,23.53
2025-05-31,Ballari,15.140480271595786,76.9186926561779,28.05,49.2,32.9,8.9,185,366,Urban,Silty,10.9,0.0,0.1,Confined,6.9,27.58
2020-12-10,Mysuru,12.300470546486773,76.62734208619682,21.82,1.1,23.4,6.6,343,532,Urban,Sandy,6.1,0.0,7.4,Confined,4.0,22.17
2021-12-28,Kollegala,12.14080544683974,77.10408501825242,15.88,4.1,29.9,7.0,982,770,Agricultural,Sandy,7.3,0.0,15.0,Confined,59.3,16.74
2022-08-05,Haveri,14.790190467673822,75.4212984523214,18.73,105.0,26.3,6.3,610,442,Agricultural,Silty,20.1,0.0,12.8,Unconfined,32.4,17.27
2021-09-26,Madikeri,12.420239232370319,75.7142894190345,11.86,116.4,30.9,8.6,957,34,Agricultural,Clay,3.3,0.0,12.6,Unconfined,53.6,10.5
2023-02-26,Chikkamagaluru,13.301238168367648,75.7613029537013,10.01,18.8,21.5,5.4,1022,676,Agricultural,Clay,4.0,0.0,4.2,Unconfined,25.5,10.16
2023-02-27,Mangaluru,12.928148519637835,74.86868128861471,27.14,3.9,25.9,5.3,588,593,Urban,Clay,24.2,-0.97,6.4,Confined,7.6,27.5
2023-01-29,Mandya,12.529384205545512,76.89893720657369,11.46,16.0,22.5,6.3,591,643,Agricultural,Silty,12.3,0.0,4.1,Unconfined,27.4,11.73
2021-06-19,Bagalkote,16.17752749732895,75.68117220421401,25.9,181.0,29.4,6.2,769,693,Urban,Clay,10.0,0.0,0.2,Unconfined,9.2,22.68
2021-05-09,Karwar,14.807153817275461,74.13710967203404,15.34,4.8,41.9,10.8,350,638,Agricultural,Clay,12.2,0.15,4.7,Unconfined,5.9,15.83
2025-05-30,Kollegala,12.144172431781147,77.12674630137585,28.39,15.3,29.4,7.6,917,465,Agricultural,Sandy,21.0,0.0,10.1,Unconfined,47.2,28.94
2022-05-21,Sagara,14.184081815570085,75.02237029704033,14.53,23.4,39.6,10.5,1438,559,Agricultural,Loam,22.5,0.0,3.4,Unconfined,52.0,15.11
2021-11-19,Madikeri,12.42090297255464,75.74991315115007,6.8,31.5,34.0,9.1,1376,761,Agricultural,Silty,4.2,0.0,7.3,Unconfined,24.7,6.87
2021-01-04,Shivamogga,13.920762258905619,75.55998614349377,13.86,2.2,21.8,5.0,1100,691,Urban,Silty,1.8,0.0,1.9,Confined,0.9,14.07
2024-08-12,Tumakuru,13.341755323034281,77.12156157483655,10.59,199.8,31.9,8.4,520,591,Urban,Silty,2.0,0.0,11.1,Confined,5.4,7.07
2022-10-10,Kollegala,12.145380674022094,77.11488103672043,14.16,25.7,33.0,7.5,832,335,Agricultural,Sandy,3.9,0.0,7.8,Confined,47.2,14.49
2021-12-19,Sakleshpura,12.958782889623825,75.80050608645016,31.39,3.6,29.4,8.7,1397,588,Agricultural,Silty,5.9,0.0,11.3,Confined,31.6,32.07
2022-06-14,Chitradurga,14.222606268114054,76.377836490569,20.17,149.7,27.3,6.5,476,522,Urban,Loam,20.3,0.0,8.7,Unconfined,8.0,17.58
2021-11-26,Madikeri,12.425655155505188,75.7309996471005,34.26,90.3,30.3,7.4,500,565,Agricultural,Silty,5.3,0.0,10.5,Confined,59.2,33.42
2022-01-16,Badami,15.917234818836251,75.68358783311842,18.09,7.1,25.5,5.6,618,309,Agricultural,Loam,8.7,0.0,0.4,Confined,60.0,18.83
2020-10-07,Sagara,14.165248815609253,75.04579311668961,12.87,71.4,26.5,5.7,209,528,Agricultural,Sandy,8.3,0.0,4.8,Confined,59.9,12.33
2023-05-10,Sringeri,13.424875359725215,75.23836141793603,28.41,49.2,38.2,8.5,1221,577,Agricultural,Loam,4.2,0.0,10.9,Unconfined,59.4,28.45
2024-11-30,Puttur,12.76597114163624,75.22907817545835,10.08,29.7,31.0,8.1,771,210,Urban,Silty,13.2,-0.37,13.0,Confined,16.6,10.09
2023-10-14,Sakleshpura,12.958308225433786,75.78666772135782,11.58,92.1,25.2,7.1,391,201,Agricultural,Clay,15.7,0.0,12.1,Unconfined,37.6,10.47
2021-07-13,Tumakuru,13.32871636409885,77.11219346160483,9.62,156.2,26.2,6.4,1020,608,Urban,Sandy,13.2,0.0,1.8,Confined,8.2,6.9
2024-08-06,Bagalkote,16.185911889875886,75.69804262320969,31.8,66.9,30.0,7.7,1256,546,Urban,Silty,19.7,0.0,4.8,Confined,9.2,30.94
2025-04-03,Karwar,14.821454004038808,74.1143316781279,27.68,38.4,40.7,11.7,1147,161,Forest,Clay,12.6,0.08,12.6,Unconfined,7.2,27.56
2020-11-08,Udupi,13.32779766536758,74.73175937204556,13.22,49.6,24.7,6.5,1129,95,Urban,Clay,22.8,0.75,10.3,Unconfined,18.4,12.66
2023-07-30,Raichur,16.199505821058253,77.33270811988645,17.56,171.9,30.9,8.6,885,747,Urban,Clay,9.7,0.0,4.2,Unconfined,5.8,14.61
2021-03-30,Shivamogga,13.939344538128262,75.55351112033378,32.45,4.3,40.8,11.1,220,799,Urban,Sandy,5.8,0.0,3.9,Unconfined,6.6,32.99
2023-07-09,Raichur,16.185069260513504,77.36059326780176,7.57,239.5,30.7,8.3,573,550,Urban,Loam,12.0,0.0,5.6,Confined,8.5,3.28
2022-05-27,Badami,15.897846333848776,75.6713426200008,17.53,21.1,36.2,7.7,799,657,Agricultural,Clay,20.7,0.0,12.7,Unconfined,46.4,17.96
2022-11-14,Tumakuru,13.367142803936824,77.10040577326937,27.65,53.0,30.3,6.7,289,137,Urban,Sandy,17.7,0.0,10.4,Unconfined,1.8,26.94
2021-10-02,Haveri,14.783564937432374,75.39692234256249,29.77,87.5,26.7,6.8,1293,782,Agricultural,Loam,16.2,0.0,8.4,Unconfined,42.5,28.79
2022-08-14,Sagara,14.17514928382354,75.03033490999034,7.58,112.0,24.4,4.9,914,336,Agricultural,Silty,8.0,0.0,6.5,Confined,31.6,5.9
2023-08-19,Mandya,12.529544096619299,76.8902974333188,28.78,147.1,23.7,7.0,696,346,Agricultural,Loam,10.2,0.0,1.1,Confined,47.1,26.66
2022-05-18,Ballari,15.152487650552207,76.90535278451186,30.44,29.9,33.0,8.2,473,277,Urban,Clay,17.1,0.0,10.7,Unconfined,3.8,30.29
2021-03-04,Yadgir,16.78026660606008,77.13570602335763,21.95,46.6,34.5,9.5,1225,356,Agricultural,Loam,2.3,0.0,3.0,Confined,53.9,22.03
2025-04-08,Tumakuru,13.332070043397072,77.09897685510546,17.25,19.9,37.3,9.9,1189,104,Urban,Clay,11.9,0.0,6.2,Confined,4.5,17.39
2022-09-28,Hassan,13.020961672320718,76.09713850801768,23.21,65.9,26.1,5.4,1373,195,Urban,Clay,16.2,0.0,2.5,Confined,9.5,22.26
2022-10-04,Sanduru,15.09412761037513,76.56186281831647,28.33,65.5,32.0,8.5,377,359,Agricultural,Clay,16.4,0.0,2.8,Unconfined,53.3,27.98
2023-01-10,Mandya,12.509362247116426,76.8761896070208,37.43,0.3,28.9,6.1,159,234,Agricultural,Clay,4.5,0.0,1.8,Unconfined,24.3,37.97
2020-10-24,Sakleshpura,12.968209671524406,75.77429498440259,26.86,20.9,29.0,6.7,1343,710,Agricultural,Clay,21.7,0.0,6.3,Confined,50.6,27.28
2021-07-30,Athani,16.733642986617554,75.06453113069024,19.23,92.3,22.9,5.7,395,523,Agricultural,Clay,17.4,0.0,2.6,Unconfined,48.2,18.15
2024-02-29,Sringeri,13.431225457537554,75.2561321406609,37.33,6.4,29.4,6.0,239,111,Agricultural,Clay,25.0,0.0,11.2,Confined,34.2,37.84
2021-01-04,Hunasuru,12.29453057958201,76.29449909816694,34.76,4.5,25.5,6.4,1483,751,Agricultural,Sandy,23.9,0.0,10.6,Unconfined,21.4,35.2
2025-05-30,Mangaluru,12.922249574648227,74.86537557333071,34.71,32.3,41.9,11.0,1313,255,Urban,Loam,18.1,-0.76,5.3,Confined,32.2,35.01
2022-11-23,Bengaluru North,13.03307069249803,77.60829683412558,28.28,85.9,32.6,9.7,129,284,Urban,Loam,10.5,0.0,11.6,Confined,8.8,27.14
2024-10-16,Sakleshpura,12.967997427615824,75.7801065176337,34.65,48.8,34.0,8.6,509,383,Agricultural,Sandy,7.9,0.0,12.3,Confined,46.6,34.57
2025-01-23,Madikeri,12.41840492088592,75.74927015541313,13.3,2.5,27.2,5.5,118,798,Agricultural,Clay,22.0,0.0,7.3,Unconfined,35.5,13.88
2025-05-16,Hunasuru,12.306260859074905,76.3074624305435,10.99,42.7,39.9,9.7,108,89,Agricultural,Loam,14.0,0.0,11.2,Confined,48.6,11.11
2022-08-20,Sakleshpura,12.977655677079133,75.76876784183435,33.53,182.2,23.1,5.9,752,452,Agricultural,Sandy,15.9,0.0,5.6,Unconfined,53.7,30.72
2021-02-01,Davanagere,14.463275596644515,75.92413980564487,38.4,9.1,25.9,5.3,620,637,Urban,Silty,21.9,0.0,0.1,Unconfined,7.2,38.55
2023-06-15,Kollegala,12.156156889020366,77.11644719309679,31.25,112.1,24.6,5.6,687,384,Agricultural,Sandy,23.3,0.0,3.1,Unconfined,22.5,29.51
2025-01-17,Kolar,13.147662169964489,78.1408952396276,35.51,3.6,29.1,6.7,623,194,Urban,Sandy,15.5,0.0,10.4,Unconfined,4.2,35.81
2021-02-28,Karwar,14.811616150835025,74.12016882405409,13.83,13.5,29.2,6.1,996,184,Forest,Clay,20.7,-0.14,9.9,Confined,13.5,14.01
2024-09-05,Yadgir,16.768373629606806,77.1323072640979,32.98,247.8,26.8,7.4,1049,218,Agricultural,Clay,24.4,0.0,10.8,Unconfined,46.9,28.86
2024-11-10,Kollegala,12.164632902586852,77.11721223165002,13.63,75.7,32.5,6.5,1381,436,Agricultural,Silty,10.4,0.0,7.5,Unconfined,56.3,13.0
2020-09-28,Udupi,13.3146144812613,74.75324744287875,32.45,149.3,29.1,7.1,419,78,Agricultural,Loam,22.9,0.81,1.6,Unconfined,6.8,29.81
2022-03-03,Bagalkote,16.190695147180197,75.68685470266429,34.06,35.2,38.5,10.6,551,551,Urban,Loam,18.6,0.0,0.8,Unconfined,5.4,33.94
2023-09-11,Hubballi,15.36731426642161,75.12460674114817,24.62,53.7,28.3,6.6,936,628,Urban,Sandy,3.1,0.0,12.2,Unconfined,7.4,23.95
2021-07-04,Udupi,13.322895006212272,74.73638127396184,27.74,111.7,31.6,8.9,397,324,Agricultural,Clay,8.3,-0.18,12.4,Unconfined,32.6,26.3
2024-02-27,Shivamogga,13.933744017615519,75.56731891695493,36.3,14.5,21.1,4.7,185,242,Urban,Silty,14.8,0.0,4.1,Unconfined,2.9,36.27
2022-06-04,Sakleshpura,12.969208363232854,75.79515541233947,28.49,76.5,28.9,6.2,1467,169,Agricultural,Silty,18.2,0.0,14.5,Confined,44.9,27.72
2021-04-18,Bagalkote,16.18777079053704,75.7106751411422,9.27,23.2,34.0,8.4,434,748,Urban,Sandy,10.6,0.0,1.2,Confined,6.7,9.29
2024-10-14,Athani,16.73432135361819,75.06391130456464,31.43,64.1,25.9,6.3,732,205,Agricultural,Clay,4.9,0.0,2.5,Confined,58.1,31.04
2022-10-10,Puttur,12.760397990754626,75.2180307176869,17.03,78.3,32.1,7.2,1006,698,Forest,Loam,24.3,-0.71,5.7,Unconfined,26.7,16.16
2021-01-11,Gokak,16.144330136629254,74.83035342375176,5.81,14.4,29.4,8.0,351,655,Urban,Silty,11.7,0.0,5.0,Unconfined,0.2,5.92
2022-05-20,Davanagere,14.474192413876521,75.91755045882299,6.02,34.0,30.2,6.7,1176,196,Urban,Silty,20.1,0.0,11.2,Confined,5.1,5.73
2025-09-15,Ballari,15.141641627999094,76.92559316633876,39.42,224.1,28.6,6.8,173,66,Urban,Silty,18.7,0.0,6.5,Unconfined,5.5,35.33
2023-08-08,Mysuru,12.294443788935077,76.65296035933765,28.43,188.1,29.1,7.1,1401,676,Urban,Sandy,9.3,0.0,13.5,Confined,6.6,25.09
2024-05-27,Anekal,12.68859178302453,77.70161285581482,31.1,35.2,37.2,8.8,390,46,Urban,Loam,10.4,0.0,9.8,Unconfined,1.9,30.86
2022-07-13,Doddaballapura,13.29061325688885,77.54834260659104,19.71,127.4,29.5,6.0,297,323,Agricultural,Clay,4.3,0.0,7.3,Unconfined,40.5,17.87
2023-12-09,Chikkamagaluru,13.317053510811037,75.79410324311874,21.45,15.5,25.3,6.7,1123,656,Agricultural,Clay,15.5,0.0,3.4,Confined,25.9,21.73
2020-10-04,Devanahalli,13.227235357225274,77.7010672611632,11.61,30.6,24.5,6.4,778,544,Agricultural,Loam,20.3,0.0,14.0,Confined,32.7,11.64
2024-12-23,Chitradurga,14.210060891967323,76.37773362677,24.58,14.3,20.3,4.1,1283,96,Urban,Silty,10.0,0.0,13.4,Unconfined,7.0,24.57
2024-03-23,Mandya,12.507489611439865,76.8940172165152,36.46,5.3,40.5,11.7,278,283,Agricultural,Sandy,10.8,0.0,2.1,Confined,56.5,37.5
2020-10-09,Udupi,13.333786322264682,74.73048771435836,11.6,52.3,31.7,8.0,953,551,Agricultural,Sandy,10.4,-0.93,2.8,Unconfined,31.9,11.37
2022-12-22,Ballari,15.129884676387896,76.9053019389696,21.15,0.5,29.5,8.3,496,17,Urban,Loam,17.1,0.0,11.3,Confined,9.1,21.65
2024-04-26,Udupi,13.307245128094719,74.73977220837702,20.7,39.2,35.7,8.4,368,344,Forest,Sandy,13.2,0.0,10.4,Confined,14.8,20.48
2021-11-01,Mangaluru,12.896271105120027,74.86378669767937,36.32,85.9,27.6,7.5,703,573,Forest,Silty,1.6,-0.31,9.3,Unconfined,32.7,35.33
2022-09-21,Yadgir,16.764402938224848,77.15749624241178,24.56,80.5,31.2,7.8,595,488,Agricultural,Loam,20.9,0.0,10.3,Unconfined,34.7,23.69
2022-05-08,Hubballi,15.367311298779736,75.11720821229851,31.36,8.9,34.6,7.3,357,126,Urban,Sandy,17.7,0.0,1.3,Unconfined,9.0,31.64
2024-02-05,Sanduru,15.079525316212997,76.54994769079076,28.1,8.0,25.6,7.6,730,566,Agricultural,Silty,17.6,0.0,10.1,Unconfined,57.4,28.89
2020-12-02,Haveri,14.80499089583244,75.41970572429325,22.66,19.7,26.4,6.0,842,769,Agricultural,Sandy,3.6,0.0,10.2,Unconfined,31.8,22.88
2022-04-11,Sringeri,13.42092254652224,75.2472604583562,38.17,14.7,32.5,7.3,909,729,Agricultural,Clay,23.8,0.0,14.2,Confined,36.9,38.61
2025-04-05,Shivamogga,13.939447051397982,75.56525914198406,39.83,42.5,38.0,7.8,187,382,Urban,Sandy,12.9,0.0,10.4,Confined,4.2,39.41
2022-02-27,Mangaluru,12.930783498253223,74.85496380251129,34.28,15.0,29.4,6.3,534,83,Urban,Sandy,16.9,-0.53,9.5,Confined,23.4,34.58
2023-08-29,Haveri,14.794746548586412,75.39409250282948,27.36,63.1,30.1,7.6,834,242,Agricultural,Clay,9.1,0.0,11.1,Unconfined,32.8,26.81
2023-11-16,Hunasuru,12.307865416338297,76.28377046511447,8.38,76.1,26.5,7.7,1446,275,Agricultural,Silty,5.0,0.0,0.3,Unconfined,24.2,7.49
2023-02-26,Sagara,14.184347775197761,75.03331660233621,12.35,1.4,25.0,7.4,1179,19,Agricultural,Silty,8.5,0.0,2.2,Confined,42.3,13.11
2022-07-31,Hubballi,15.370980208491865,75.11950440578866,24.32,127.3,27.4,7.6,1381,82,Urban,Clay,24.5,0.0,6.3,Confined,5.5,22.21
2022-07-06,Davanagere,14.451670581345153,75.92485162463856,24.83,232.5,23.7,6.7,1199,22,Urban,Loam,2.8,0.0,5.7,Unconfined,3.4,20.55
2020-12-16,Puttur,12.77220634290103,75.20698399971482,32.61,0.4,28.8,8.5,1456,759,Agricultural,Clay,20.6,-0.62,9.4,Unconfined,29.1,33.38
2021-05-10,Kundapura,13.629445239785191,74.68651322150757,24.72,3.7,34.5,7.2,1444,12,Forest,Clay,24.3,-0.51,7.3,Unconfined,27.7,25.33
2023-12-12,Puttur,12.77413937848276,75.2110298333173,34.29,0.3,25.3,5.9,842,353,Urban,Loam,18.6,0.09,3.3,Unconfined,7.9,34.65
2021-10-10,Karwar,14.829338391988358,74.12583890444972,9.08,44.5,28.4,5.7,236,414,Forest,Loam,5.1,-0.82,8.5,Confined,7.0,8.63
2021-01-27,Mangaluru,12.916973083958451,74.85000865945831,17.07,7.6,25.3,5.1,803,510,Agricultural,Clay,23.2,0.78,12.0,Confined,18.3,17.28
2022-01-18,Sagara,14.167563258229906,75.03314729373398,36.36,0.7,25.9,6.1,1167,436,Agricultural,Silty,16.9,0.0,5.3,Unconfined,45.5,37.11
2023-12-03,Udupi,13.339815428273239,74.74744352782972,28.37,17.1,20.0,5.3,1001,484,Forest,Sandy,7.6,0.89,12.0,Confined,17.6,28.38
2022-02-12,Mangaluru,12.924170161153373,74.8384216263576,22.64,13.5,20.4,5.4,271,482,Urban,Silty,18.3,0.99,8.9,Confined,24.3,22.78
2021-07-21,Devanahalli,13.223231532605814,77.71371347905182,33.85,172.5,31.7,6.9,1140,153,Agricultural,Sandy,5.9,0.0,6.0,Unconfined,24.8,30.99
2021-12-14,Hassan,13.009427490160729,76.09773036349884,18.94,15.9,26.9,5.8,931,361,Urban,Silty,16.1,0.0,8.5,Confined,1.7,18.93
2021-08-05,Athani,16.73585787227606,75.06854275837779,34.12,245.6,22.2,6.7,345,55,Agricultural,Silty,23.9,0.0,3.0,Confined,32.9,29.87
2024-03-11,Hassan,13.0326965093187,76.101708441424,21.55,17.6,28.2,7.8,1018,557,Urban,Silty,14.2,0.0,12.7,Unconfined,8.7,21.68
2024-05-24,Gokak,16.149806555478385,74.83530945514106,30.86,27.3,37.6,9.2,1291,566,Urban,Sandy,1.7,0.0,10.9,Confined,9.9,30.87
2022-07-31,Kollegala,12.139918705140422,77.11644508774322,11.72,234.6,28.3,6.8,506,235,Agricultural,Silty,15.8,0.0,6.8,Unconfined,57.2,7.94
2021-05-28,Tumakuru,13.336340141210197,77.10297991788651,29.69,25.9,28.9,7.9,305,777,Urban,Sandy,23.6,0.0,4.5,Confined,6.5,29.63
2022-07-15,Haveri,14.78582052728789,75.40010241680547,30.16,225.4,31.2,8.2,835,743,Agricultural,Clay,13.7,0.0,10.6,Confined,54.0,26.6
2022-10-29,Sringeri,13.416104430346921,75.25354062214086,36.12,57.2,32.8,9.8,867,498,Agricultural,Loam,17.3,0.0,13.9,Unconfined,45.2,35.92
2022-12-25,Kundapura,13.625842653273867,74.68160981841291,26.41,0.2,29.5,7.4,1178,378,Agricultural,Loam,22.8,-0.71,1.0,Unconfined,21.8,27.07
2023-02-02,Mangaluru,12.915697202569952,74.849431122651,21.68,1.6,20.5,4.8,1165,141,Urban,Silty,24.5,0.0,4.0,Confined,6.0,21.95
2023-05-16,Chitradurga,14.210686856715368,76.41091598451959,22.45,46.3,31.8,7.4,614,666,Urban,Silty,24.7,0.0,6.9,Unconfined,6.0,21.95
2024-11-26,Chikkamagaluru,13.31930605398449,75.78538975304902,32.34,41.2,25.1,6.1,678,680,Agricultural,Sandy,22.6,0.0,3.6,Confined,37.9,32.2
2024-07-29,Bengaluru North,13.038336228634714,77.58700949807493,18.18,211.1,27.4,7.9,337,341,Urban,Loam,7.4,0.0,0.3,Unconfined,9.3,14.45
2022-06-29,Karwar,14.810972089516518,74.13005786713326,11.62,62.2,31.5,6.5,1388,220,Urban,Loam,5.4,0.58,1.7,Confined,37.6,11.02
2023-04-11,Sakleshpura,12.957169513627491,75.78607453057501,31.32,5.8,41.7,9.9,740,641,Agricultural,Loam,6.8,0.0,2.8,Confined,47.3,32.17
2023-11-04,Kolar,13.138613503813765,78.13324029060263,7.94,42.1,27.5,6.2,572,524,Urban,Loam,19.2,0.0,3.9,Unconfined,7.2,7.48
2022-09-18,Kolar,13.142980149215644,78.13475692997184,27.47,244.3,29.2,5.9,1125,773,Urban,Silty,15.0,0.0,4.0,Confined,5.0,22.93
2022-11-29,Hassan,13.006819524175404,76.0917421477501,5.71,27.8,33.4,6.9,450,664,Urban,Clay,5.4,0.0,12.0,Unconfined,6.9,5.57
2022-06-27,Shivamogga,13.912017893787766,75.55800047475005,20.33,131.6,29.0,8.6,854,556,Urban,Loam,5.5,0.0,10.7,Unconfined,9.0,18.22
2024-03-07,Davanagere,14.474394297810628,75.92185682930138,31.3,39.8,41.5,10.0,1211,142,Urban,Sandy,23.3,0.0,12.6,Unconfined,9.1,31.1
2024-06-02,Chikkamagaluru,13.317691182268396,75.77622264672667,31.97,60.8,29.7,7.2,735,184,Agricultural,Sandy,17.2,0.0,9.5,Unconfined,54.9,31.66
2020-12-06,Sagara,14.164937721080957,75.03341524458244,37.51,10.1,25.0,5.1,183,402,Agricultural,Clay,23.2,0.0,6.0,Unconfined,53.1,38.09
2023-03-11,Hassan,13.006887715762389,76.08382349483979,28.58,47.0,31.6,6.9,1417,111,Urban,Silty,10.8,0.0,1.0,Confined,7.4,28.06
2024-12-18,Sakleshpura,12.975437273750972,75.79462944818927,34.95,5.1,23.8,4.9,678,100,Agricultural,Loam,1.7,0.0,1.9,Confined,30.8,35.4
2021-12-09,Athani,16.736708312974933,75.0689434419248,18.18,11.6,26.4,5.3,1413,34,Agricultural,Sandy,16.1,0.0,3.9,Unconfined,53.2,18.75
2024-07-29,Doddaballapura,13.298181283325556,77.5496245439365,10.94,202.0,23.3,6.4,1319,451,Agricultural,Clay,24.0,0.0,14.5,Confined,41.8,7.64
2024-05-12,Anekal,12.698826452940406,77.68515716447172,13.62,39.1,40.9,8.7,724,712,Urban,Silty,15.5,0.0,6.5,Unconfined,7.7,13.35
2025-05-17,Bagalkote,16.1745107538257,75.68404475537355,25.27,25.8,36.1,10.5,197,751,Urban,Loam,23.5,0.0,7.4,Unconfined,6.8,25.35
2023-04-06,Chikkamagaluru,13.348261258384404,75.77138090395944,29.1,36.9,40.9,9.3,464,216,Agricultural,Silty,21.7,0.0,2.0,Unconfined,25.2,29.08
2022-08-14,Davanagere,14.457805342053367,75.9098522605969,13.33,51.3,24.3,7.1,278,561,Urban,Loam,13.1,0.0,10.5,Unconfined,9.2,12.75
2021-01-06,Mysuru,12.290155756062388,76.65009554821351,34.15,18.5,21.3,6.3,687,366,Urban,Clay,12.4,0.0,0.8,Unconfined,0.1,34.1
2024-09-24,Sanduru,15.093549099627879,76.55642649005294,17.31,218.9,25.6,5.3,1136,156,Agricultural,Sandy,14.9,0.0,3.9,Unconfined,58.8,13.78
2021-02-09,Sagara,14.167074239178957,75.03918501490051,28.73,11.9,25.2,5.4,1132,656,Agricultural,Silty,3.9,0.0,11.2,Unconfined,59.6,29.36
2024-04-08,Tumakuru,13.342068077243617,77.09764086347957,12.15,4.5,37.8,8.5,1026,325,Urban,Clay,14.4,0.0,13.2,Unconfined,1.5,12.5
2023-05-29,Hunasuru,12.312271697166326,76.28308467739768,31.12,6.1,36.2,8.4,489,268,Agricultural,Loam,10.8,0.0,9.2,Confined,26.0,31.68
2022-09-12,Davanagere,14.457325351129361,75.93483516592225,22.06,77.0,28.2,6.6,595,502,Urban,Silty,7.7,0.0,5.5,Confined,1.8,20.87
2024-09-27,Hassan,13.020920926323447,76.09618034860829,7.13,65.0,23.3,6.7,1452,234,Urban,Loam,6.1,0.0,9.1,Unconfined,1.9,6.18
2023-03-28,Davanagere,14.46723814740901,75.91162683152369,19.53,0.7,34.0,8.0,1214,194,Urban,Silty,13.0,0.0,7.3,Unconfined,0.0,19.92
2022-06-14,Raichur,16.204577607704174,77.36007769134768,33.39,54.9,22.6,6.7,583,763,Urban,Sandy,4.4,0.0,5.6,Confined,2.1,32.65
2024-01-11,Shivamogga,13.911472306997217,75.55763063295177,22.29,6.4,24.7,6.2,349,703,Urban,Clay,2.3,0.0,5.2,Confined,1.6,22.49
2023-01-31,Badami,15.922548349584028,75.68509097469801,11.15,5.8,27.4,7.6,1288,371,Agricultural,Silty,6.3,0.0,5.6,Unconfined,59.7,12.01
2023-09-25,Kolar,13.145619179443514,78.14774626958501,39.46,151.2,22.1,6.2,1347,204,Urban,Loam,2.1,0.0,10.3,Unconfined,0.7,36.75
2022-11-27,Chikkamagaluru,13.320281450311596,75.78193216139803,23.73,53.9,25.6,6.3,264,373,Agricultural,Sandy,9.0,0.0,6.4,Confined,42.3,23.39
2025-04-25,Badami,15.902815603629756,75.67224582282408,18.87,3.5,41.5,10.8,1227,253,Agricultural,Sandy,9.3,0.0,14.3,Unconfined,22.5,19.57
2020-09-27,Sringeri,13.413022038524092,75.2512888258732,18.96,139.8,29.4,6.6,376,490,Agricultural,Sandy,21.4,0.0,7.7,Unconfined,20.3,16.7
2023-07-25,Kundapura,13.634809334916584,74.69351406479234,18.23,129.7,23.4,4.8,1291,360,Urban,Sandy,24.9,0.21,13.7,Unconfined,27.7,16.13
2025-07-18,Puttur,12.771701601173486,75.20693720962888,16.08,183.9,30.7,8.0,1105,458,Urban,Silty,20.5,-0.37,2.4,Confined,8.1,12.92
2024-01-15,Hassan,13.024260696297006,76.10872418182029,15.47,17.4,23.3,6.3,1275,339,Urban,Loam,13.4,0.0,4.3,Confined,2.6,15.46
2025-02-07,Ballari,15.125348931636063,76.92450400375182,8.56,11.5,23.2,6.2,1138,588,Urban,Sandy,16.7,0.0,3.3,Confined,3.3,8.67
2020-12-30,Haveri,14.78343635116135,75.40728313799158,18.07,17.8,25.5,6.0,960,146,Agricultural,Silty,15.5,0.0,6.2,Confined,50.7,18.52
2025-06-09,Puttur,12.769648711583866,75.19848696339778,37.46,156.3,25.2,6.4,269,800,Forest,Silty,6.8,-0.2,1.8,Unconfined,31.4,34.99
2023-11-20,Sringeri,13.404853018170844,75.25584886487817,24.36,64.5,31.4,8.7,1135,296,Agricultural,Loam,13.0,0.0,0.9,Unconfined,49.5,24.0
2022-10-05,Shivamogga,13.964719338814158,75.57219147323505,29.92,95.7,26.3,5.8,711,538,Urban,Silty,23.8,0.0,1.8,Confined,1.7,28.31
2023-07-20,Devanahalli,13.229278139801714,77.71065367215134,19.46,100.4,29.2,6.3,1112,662,Agricultural,Silty,8.7,0.0,3.1,Unconfined,59.0,18.36
2022-07-08,Karwar,14.807549932541649,74.13196225516431,37.14,105.9,27.3,7.0,556,678,Urban,Silty,16.8,-0.89,2.3,Confined,19.4,35.66
2022-04-19,Kolar,13.14356300384854,78.14051541435045,39.37,5.1,33.5,7.1,1408,448,Urban,Sandy,21.8,0.0,11.6,Unconfined,0.9,39.63
2025-08-08,Sakleshpura,12.95964135943229,75.7876192875501,13.1,184.7,27.8,6.7,1145,626,Agricultural,Clay,17.3,0.0,13.7,Confined,41.7,10.16
2020-11-08,Bagalkote,16.180980788724057,75.6906314834098,17.37,31.2,24.8,7.4,820,330,Urban,Sandy,17.9,0.0,1.1,Confined,9.6,17.21
2023-10-12,Bengaluru North,13.033806072636944,77.59548978048839,15.68,29.0,30.0,8.3,1181,399,Urban,Loam,3.1,0.0,9.7,Unconfined,1.0,15.53
2021-01-09,Puttur,12.755415699617668,75.21260916040583,18.1,2.0,25.7,7.2,1330,800,Forest,Loam,11.3,0.1,14.2,Unconfined,13.3,18.54
2025-02-20,Kundapura,13.625785853655314,74.67866871298008,24.4,11.2,29.7,6.5,1389,731,Urban,Clay,3.6,-0.41,10.5,Confined,23.4,24.78
2023-06-12,Sringeri,13.437303284836148,75.24977971010942,20.34,104.2,29.3,6.2,459,780,Agricultural,Silty,5.7,0.0,4.3,Confined,34.7,18.91
2025-09-20,Davanagere,14.454779237818688,75.89715298310641,36.53,144.9,29.9,7.9,1376,75,Urban,Sandy,2.7,0.0,7.6,Unconfined,0.1,34.03
2024-08-21,Devanahalli,13.240518959984465,77.7237279338171,27.94,202.3,25.2,6.8,873,266,Agricultural,Sandy,7.5,0.0,5.5,Unconfined,45.9,24.69
2021-04-09,Madikeri,12.41423921338549,75.73389696525427,30.26,47.6,40.6,9.3,843,412,Agricultural,Clay,2.1,0.0,11.3,Unconfined,21.3,29.99
2021-02-03,Kundapura,13.628542114271514,74.70475186466963,21.42,7.9,29.0,8.3,308,397,Urban,Loam,8.4,-0.32,6.9,Confined,34.5,22.05
2023-03-20,Sirsi,14.618147108654322,74.82262027443119,29.81,26.9,28.2,6.3,433,244,Agricultural,Loam,8.0,0.0,15.0,Unconfined,41.8,30.0
2025-06-03,Sringeri,13.431015437789272,75.24400102418299,21.18,172.7,29.5,6.5,832,209,Agricultural,Silty,16.5,0.0,2.0,Unconfined,31.1,18.36
2022-05-05,Shivamogga,13.908056181280996,75.55913821733641,32.7,16.1,30.6,8.9,262,554,Urban,Sandy,7.0,0.0,14.1,Unconfined,1.6,32.84
2025-05-01,Mangaluru,12.896572683942628,74.85039196469259,5.29,29.7,39.5,8.6,180,164,Urban,Silty,8.7,0.69,14.3,Unconfined,39.2,5.45
2023-09-20,Sirsi,14.61769252301118,74.82088277120795,6.74,110.9,29.3,8.4,884,187,Agricultural,Loam,24.5,0.0,10.2,Unconfined,25.8,5.2
2020-12-14,Puttur,12.770438166408173,75.19210953227511,31.22,7.4,24.8,6.6,524,202,Forest,Clay,6.8,0.51,0.2,Unconfined,6.1,31.41
2024-04-11,Mysuru,12.30349660415702,76.64406146659192,15.64,34.4,29.4,8.3,257,129,Urban,Clay,3.1,0.0,2.8,Confined,4.8,15.42
2021-10-01,Anekal,12.714640358143,77.71093503175588,23.95,56.4,32.5,6.7,822,596,Urban,Sandy,6.8,0.0,2.1,Unconfined,5.1,23.21
2024-09-05,Yadgir,16.77487405466625,77.1486828576681,34.95,55.6,30.2,8.1,1367,476,Agricultural,Sandy,12.6,0.0,1.9,Unconfined,52.3,34.77
2025-05-13,Sirsi,14.603978026337424,74.82713898880138,38.99,35.4,41.1,8.3,1041,456,Agricultural,Silty,14.0,0.0,6.0,Confined,56.7,39.26
2023-08-14,Davanagere,14.462093716335891,75.92406798041272,11.7,108.2,24.5,5.8,704,248,Urban,Silty,11.0,0.0,11.7,Unconfined,1.7,9.84
2023-04-23,Udupi,13.334859977374455,74.75011506490138,26.95,37.7,32.9,6.8,463,589,Forest,Sandy,22.6,0.4,9.0,Unconfined,10.4,26.6
2021-11-20,Doddaballapura,13.297976308429671,77.53757348760628,33.47,42.8,25.8,5.8,1237,779,Agricultural,Silty,7.2,0.0,0.5,Unconfined,40.3,33.31
2021-12-15,Athani,16.718847698397152,75.07199194470961,30.12,19.1,21.3,6.2,862,185,Agricultural,Loam,7.5,0.0,5.8,Confined,24.1,30.29
2022-01-10,Mysuru,12.306401971554628,76.62523012839323,16.03,8.2,24.3,5.9,720,232,Urban,Loam,24.5,0.0,8.6,Confined,6.0,16.22
2024-07-30,Udupi,13.328249394257544,74.74745012426101,19.46,149.2,25.0,6.2,1000,555,Urban,Clay,25.0,-0.35,6.4,Confined,33.8,17.16
2022-05-26,Anekal,12.691959931211324,77.71678114882457,20.79,27.1,41.6,11.4,548,381,Urban,Clay,2.2,0.0,11.6,Unconfined,6.7,20.88
2025-05-02,Mangaluru,12.914233393269372,74.85690040079069,36.44,24.1,37.4,9.6,395,98,Urban,Sandy,24.8,0.24,8.0,Unconfined,24.5,36.66
2024-08-10,Madikeri,12.421469897821177,75.73672649144069,27.08,140.0,31.4,9.2,372,505,Agricultural,Clay,12.1,0.0,1.0,Confined,44.2,25.18
2025-08-15,Gokak,16.167763609714797,74.8296238901541,32.88,146.7,31.3,8.8,1496,91,Urban,Sandy,16.0,0.0,8.9,Confined,9.4,30.48
2020-11-15,Anekal,12.700083978236284,77.67330547645149,16.33,31.9,31.1,8.2,1090,139,Urban,Clay,21.6,0.0,3.5,Unconfined,1.9,16.12
2024-09-22,Hassan,13.005686076439245,76.10251878230841,6.21,142.6,22.5,4.5,533,567,Urban,Loam,20.1,0.0,5.8,Unconfined,0.5,3.59
2022-12-26,Udupi,13.338412593747686,74.74348916135247,19.7,12.8,28.1,7.4,787,444,Forest,Silty,22.9,-0.56,4.4,Confined,39.5,20.27
2021-05-21,Yadgir,16.76081091159641,77.15694832669824,6.92,8.5,36.4,7.5,234,730,Agricultural,Sandy,24.9,0.0,12.4,Confined,38.5,7.51
2025-07-28,Mangaluru,12.905071728329572,74.84922325687457,10.55,72.4,24.2,6.1,1121,480,Forest,Sandy,10.6,-0.17,12.1,Confined,28.7,9.71
2022-11-13,Tumakuru,13.344614937698136,77.10126288267837,34.04,56.4,25.1,6.9,1303,767,Urban,Clay,10.7,0.0,13.9,Confined,7.0,33.33
2025-05-22,Doddaballapura,13.308424142795648,77.55239122079534,17.47,10.7,33.4,6.9,673,454,Agricultural,Clay,7.4,0.0,12.3,Unconfined,40.0,18.0
2023-11-17,Hubballi,15.370621609505731,75.12836922938725,24.18,40.5,32.2,7.9,215,119,Urban,Clay,10.4,0.0,5.8,Confined,2.4,23.79
2025-08-18,Mysuru,12.308305328492178,76.64575016776321,16.0,201.8,24.4,6.8,1425,361,Urban,Sandy,19.0,0.0,2.3,Unconfined,7.3,12.38
2022-12-30,Athani,16.7232312014879,75.0702985847923,38.6,2.1,28.5,7.1,1068,20,Agricultural,Sandy,18.9,0.0,13.4,Unconfined,39.2,39.3
2020-12-10,Puttur,12.737207974648312,75.20837723176294,7.34,17.0,27.6,8.3,553,110,Urban,Clay,23.4,-0.07,11.5,Confined,31.0,7.73
2025-03-04,Ballari,15.149738143707136,76.92446934391798,12.36,32.8,30.6,6.8,352,789,Urban,Sandy,9.6,0.0,6.8,Confined,0.1,12.04
2024-04-14,Kollegala,12.122625501012921,77.12079294680493,11.39,42.8,31.4,8.0,235,444,Agricultural,Sandy,1.6,0.0,11.2,Unconfined,21.4,11.15
2025-05-13,Madikeri,12.406801161469023,75.72241385567801,37.46,0.4,35.4,7.9,1299,568,Agricultural,Silty,2.8,0.0,7.4,Confined,34.1,38.19
2022-06-06,Hunasuru,12.311039675581123,76.27351478412166,35.68,216.5,28.6,7.4,393,179,Agricultural,Loam,13.3,0.0,14.6,Confined,53.6,32.26
2023-04-04,Hubballi,15.369738326829918,75.10670288196127,39.94,37.7,31.5,6.9,358,380,Urban,Sandy,17.7,0.0,14.5,Unconfined,0.7,39.54
2025-03-14,Haveri,14.811069117060192,75.39556850795871,27.32,43.6,37.4,8.7,1321,481,Agricultural,Sandy,17.2,0.0,3.5,Unconfined,42.0,27.3
2021-08-11,Hunasuru,12.312804633046724,76.27850251612607,33.01,96.5,26.8,7.1,1206,761,Agricultural,Clay,21.9,0.0,13.5,Confined,55.2,31.99
2023-10-28,Bagalkote,16.194890100396158,75.6919305774642,18.07,37.6,24.1,5.1,757,16,Urban,Silty,12.0,0.0,12.3,Unconfined,2.5,17.6
2024-11-30,Doddaballapura,13.270400906463315,77.54703687189,20.42,92.6,32.5,6.7,617,227,Agricultural,Clay,1.1,0.0,14.4,Unconfined,51.5,19.42
2024-09-11,Sagara,14.176522026142631,75.03114453651594,39.25,94.7,27.6,7.6,1153,483,Agricultural,Loam,5.9,0.0,12.3,Confined,38.2,38.12
2022-07-07,Kundapura,13.631575973030397,74.66837419219412,26.58,183.9,30.8,8.3,487,86,Forest,Loam,9.3,-0.56,0.9,Confined,37.4,23.75
2023-07-19,Shivamogga,13.922672835706562,75.57148472357274,29.18,88.7,26.5,5.6,417,278,Urban,Sandy,6.5,0.0,8.7,Unconfined,7.6,27.76
2025-09-13,Davanagere,14.472517179233478,75.93016860057314,28.8,50.6,29.1,6.4,421,729,Urban,Sandy,8.9,0.0,7.6,Confined,2.6,28.13
2021-05-22,Udupi,13.323841328530616,74.73129759017199,25.94,46.6,40.9,10.3,499,80,Agricultural,Loam,5.0,-0.99,2.7,Unconfined,9.7,25.72
2025-02-02,Athani,16.732075827808863,75.07563714707155,19.49,18.9,28.3,5.9,777,666,Agricultural,Silty,20.1,0.0,4.4,Unconfined,43.8,19.84
2023-08-22,Udupi,13.333343866249935,74.74114411287157,30.39,105.3,30.2,7.1,308,252,Agricultural,Clay,10.2,-0.89,1.1,Confined,35.5,29.08
2021-11-23,Kundapura,13.61056238910311,74.68048633944329,34.73,98.1,33.5,9.0,306,123,Urban,Clay,11.5,-0.63,11.9,Confined,32.4,33.6
2023-12-21,Bagalkote,16.17913017833171,75.6923244435595,30.26,18.5,26.4,7.1,246,768,Urban,Sandy,12.2,0.0,1.5,Unconfined,3.6,30.28
2021-11-26,Kundapura,13.639186690244706,74.68650416681793,17.07,87.2,28.3,7.0,989,709,Forest,Clay,16.0,0.66,3.1,Confined,12.5,15.73
2023-12-19,Tumakuru,13.340253910484236,77.09870964184412,11.74,4.6,27.7,7.4,1254,75,Urban,Silty,16.9,0.0,11.5,Unconfined,2.8,12.05
2022-12-17,Madikeri,12.418728086210198,75.74031769480357,6.33,3.9,29.1,6.7,512,609,Agricultural,Sandy,12.3,0.0,3.0,Confined,54.5,7.13
2025-04-27,Mandya,12.508236112563416,76.90363814303242,16.76,7.0,35.0,9.7,1307,720,Agricultural,Sandy,5.5,0.0,12.7,Confined,20.4,17.31
2022-09-09,Sagara,14.180959803132628,75.04019613110883,14.43,128.8,22.4,6.1,918,229,Agricultural,Sandy,6.5,0.0,12.3,Unconfined,38.3,12.54
2024-02-10,Hassan,13.01948173644049,76.10130772763509,34.09,8.9,29.0,7.0,1220,496,Urban,Sandy,23.8,0.0,13.5,Unconfined,1.5,34.28
2022-08-04,Hassan,13.017410603129806,76.1027888019381,22.99,184.7,30.3,7.2,714,195,Urban,Clay,23.8,0.0,10.8,Unconfined,3.2,19.69
2022-05-24,Chitradurga,14.221603238155371,76.41857921585283,6.85,13.1,36.2,7.9,327,294,Urban,Clay,10.9,0.0,4.2,Unconfined,8.3,7.07
2025-05-02,Devanahalli,13.233017022051556,77.69704699792233,13.28,26.8,29.1,6.5,477,729,Agricultural,Sandy,18.3,0.0,6.8,Confined,33.8,13.41
2021-10-06,Davanagere,14.47029789602966,75.92616401112573,11.13,85.7,25.8,5.5,1071,783,Urban,Clay,7.9,0.0,13.6,Confined,6.7,9.76
2023-01-04,Sringeri,13.416068984464752,75.26900407268693,39.02,5.5,20.1,4.9,335,458,Agricultural,Loam,21.8,0.0,0.7,Unconfined,28.1,39.44
2020-12-21,Tumakuru,13.357790896880116,77.10560791246422,15.84,11.0,26.3,6.2,420,725,Urban,Clay,5.6,0.0,8.2,Unconfined,4.8,15.98
2025-01-18,Tumakuru,13.343166789867384,77.08611640665778,31.09,2.0,29.3,8.3,1060,579,Urban,Sandy,23.4,0.0,7.9,Confined,9.3,31.56
2024-07-15,Athani,16.72093069630207,75.07357193269459,19.93,176.3,29.7,6.8,1338,676,Agricultural,Loam,13.3,0.0,3.7,Confined,21.9,16.96
2021-10-16,Hunasuru,12.306392100420979,76.2812138515293,26.32,41.2,32.4,7.5,371,527,Agricultural,Clay,3.9,0.0,6.3,Confined,36.0,26.23
2021-04-22,Devanahalli,13.21702885798925,77.70829324288655,16.97,40.1,38.6,11.4,316,151,Agricultural,Loam,12.7,0.0,5.7,Confined,55.6,17.29
2024-02-12,Puttur,12.749486071092067,75.21165054749527,13.39,5.1,28.2,6.5,863,440,Agricultural,Silty,10.9,0.64,12.4,Confined,36.5,13.91
2024-02-19,Davanagere,14.455206175614228,75.9193890751091,20.54,18.2,23.4,4.9,535,249,Urban,Clay,4.3,0.0,0.3,Confined,6.4,20.48
2024-11-10,Badami,15.927584294868938,75.67431237489645,18.31,27.3,28.0,5.8,544,332,Agricultural,Loam,11.0,0.0,9.8,Confined,57.5,18.63
2021-05-11,Bengaluru North,13.031931856462059,77.60301161910176,36.25,28.9,39.8,9.1,103,496,Urban,Clay,1.9,0.0,6.4,Confined,8.8,36.21
2023-09-26,Bengaluru North,13.044026572117387,77.59044427664253,16.39,151.7,30.7,7.4,310,704,Urban,Clay,6.0,0.0,1.6,Unconfined,6.8,13.79
2025-06-22,Sakleshpura,12.964555044953846,75.78572560268536,37.11,126.9,30.3,6.7,835,75,Agricultural,Sandy,10.9,0.0,12.3,Confined,32.6,35.23
2024-03-05,Anekal,12.705135116414224,77.69580550784138,23.57,16.6,35.9,7.8,1294,764,Urban,Loam,21.9,0.0,0.5,Unconfined,4.9,23.68
2022-11-12,Sakleshpura,12.975677486860334,75.77132331537716,13.29,59.3,32.0,6.6,1011,149,Agricultural,Loam,21.6,0.0,12.0,Confined,31.0,12.74
2023-06-21,Chikkamagaluru,13.299013090042418,75.80750130418507,18.15,90.1,26.6,5.6,390,385,Agricultural,Loam,18.7,0.0,13.4,Unconfined,30.1,16.93
2024-10-07,Kundapura,13.647825481894401,74.69931874940225,20.82,74.1,29.8,6.7,501,500,Agricultural,Loam,8.9,0.07,13.4,Confined,26.8,19.93
2022-12-30,Yadgir,16.772986596875903,77.13881866949505,18.17,15.1,29.8,7.6,901,579,Agricultural,Silty,19.8,0.0,3.5,Confined,34.8,18.6
2020-11-19,Sirsi,14.619745506613178,74.82678702721783,36.55,73.6,33.8,8.8,110,460,Agricultural,Silty,1.3,0.0,7.4,Confined,50.2,36.02
2025-05-14,Mysuru,12.28932882586681,76.637467778135,32.2,28.5,33.1,7.5,942,791,Urban,Clay,19.5,0.0,7.6,Unconfined,9.6,32.1
2022-06-26,Bagalkote,16.18990084448527,75.69571817932989,34.19,166.6,24.0,5.0,471,207,Urban,Loam,12.6,0.0,10.5,Confined,5.6,31.16
2022-11-04,Sringeri,13.413272193302271,75.24714086283882,21.05,74.6,30.9,8.4,1485,72,Agricultural,Loam,11.3,0.0,7.2,Confined,47.1,20.45
2021-03-01,Bagalkote,16.169767262247067,75.71588274810557,13.07,19.4,32.9,8.1,441,198,Urban,Loam,16.1,0.0,12.1,Confined,8.9,13.18
2024-08-28,Madikeri,12.422454141304838,75.73317695094842,31.19,137.6,27.1,7.6,1434,494,Agricultural,Loam,5.3,0.0,14.7,Confined,55.9,29.38
2025-01-11,Kollegala,12.166044824612248,77.11605512042865,28.12,16.2,20.0,5.1,1185,111,Agricultural,Loam,1.6,0.0,5.3,Confined,42.1,28.47
2024-04-05,Athani,16.73661662375655,75.04960232232179,31.52,15.3,33.4,9.2,1309,203,Agricultural,Sandy,10.7,0.0,8.4,Confined,46.3,32.14
2024-01-30,Hunasuru,12.300058939010835,76.2849979339249,21.02,12.5,29.3,7.4,1452,280,Agricultural,Clay,16.3,0.0,5.3,Confined,33.7,21.48
2025-02-20,Bengaluru North,13.0380820367203,77.59904662965045,35.45,3.6,23.8,6.6,794,584,Urban,Silty,6.5,0.0,5.1,Unconfined,1.6,35.72
2025-05-25,Sringeri,13.426425003656929,75.24908295417927,33.94,27.5,28.3,6.2,415,370,Agricultural,Sandy,3.3,0.0,8.1,Unconfined,56.4,34.26
2024-12-23,Haveri,14.788774878067208,75.41585129835322,16.95,1.3,22.0,6.0,1172,550,Agricultural,Loam,9.9,0.0,10.7,Unconfined,55.7,17.78
2023-04-01,Hassan,13.013516158599645,76.11251215215178,9.96,34.4,31.8,6.8,987,410,Urban,Silty,7.9,0.0,6.9,Unconfined,1.5,9.63
2022-06-07,Chitradurga,14.226380744327297,76.39706855666424,12.43,78.5,31.6,7.5,295,302,Urban,Loam,9.3,0.0,10.4,Unconfined,5.5,11.29
2021-07-22,Raichur,16.205539148077396,77.35500452977854,38.86,74.8,28.2,6.7,1298,450,Urban,Loam,12.9,0.0,13.9,Unconfined,0.0,37.7
2021-10-19,Chitradurga,14.230053790919532,76.40737134867447,37.07,71.4,30.7,6.9,337,424,Urban,Clay,9.9,0.0,1.2,Confined,5.6,36.04
2025-08-25,Yadgir,16.74173998477004,77.14986001011826,15.52,123.5,22.7,4.9,704,692,Agricultural,Loam,22.3,0.0,4.5,Confined,27.6,13.57
2022-01-03,Bengaluru North,13.038614225574022,77.59358873419387,25.42,8.9,25.8,6.3,1151,26,Urban,Silty,14.6,0.0,10.7,Confined,2.4,25.58
2022-03-20,Devanahalli,13.223208719532945,77.69900205154751,28.06,28.8,30.0,6.2,1040,731,Agricultural,Loam,12.3,0.0,10.3,Unconfined,34.2,28.14
2023-07-30,Sakleshpura,12.951711324536074,75.8074530874758,39.33,116.5,28.8,6.9,897,111,Agricultural,Sandy,17.0,0.0,10.5,Unconfined,26.2,37.61
2021-07-17,Hunasuru,12.32660478875954,76.28208603932873,16.22,156.7,24.1,6.9,1077,579,Agricultural,Sandy,17.9,0.0,5.3,Unconfined,27.8,13.71
2020-12-12,Devanahalli,13.255012579993016,77.70230203381647,33.19,10.2,25.0,6.3,668,663,Agricultural,Clay,22.9,0.0,14.5,Unconfined,59.9,33.9
2025-08-07,Sakleshpura,12.954716412758948,75.78893237685362,31.28,147.2,30.4,8.9,436,736,Agricultural,Sandy,24.8,0.0,6.5,Unconfined,51.5,29.3
2021-10-20,Ballari,15.135692338036767,76.91809803195936,34.3,44.9,32.8,9.6,1223,323,Urban,Loam,9.0,0.0,4.3,Unconfined,6.6,33.95
2025-02-04,Madikeri,12.440029519318134,75.73298353204113,7.42,2.0,21.5,5.7,1081,25,Agricultural,Loam,3.2,0.0,5.7,Unconfined,32.2,7.99
2023-01-09,Anekal,12.700748943173444,77.67668854228805,14.32,16.0,25.7,6.8,1345,692,Urban,Silty,20.9,0.0,1.1,Confined,8.8,14.43
2023-05-11,Raichur,16.1909825341214,77.33391573875554,22.84,20.4,40.7,9.1,617,96,Urban,Clay,8.3,0.0,9.8,Unconfined,5.9,22.95
2022-07-27,Puttur,12.769291174578093,75.20255173316272,22.79,233.4,25.4,7.1,1330,788,Urban,Loam,17.2,0.02,2.4,Confined,19.5,18.67
2022-09-23,Madikeri,12.44075805439454,75.73848202766617,29.79,124.7,25.2,6.0,304,211,Agricultural,Silty,4.5,0.0,11.5,Unconfined,50.1,28.1
2024-11-20,Mandya,12.515089518228722,76.90178781120729,33.7,97.4,29.3,7.8,1258,141,Agricultural,Loam,10.2,0.0,8.3,Unconfined,51.3,32.66
2022-02-13,Anekal,12.717134011061992,77.69870449891854,16.23,3.1,24.9,7.3,512,337,Urban,Sandy,9.7,0.0,5.6,Confined,0.3,16.54
2021-07-03,Raichur,16.204369096717365,77.35540976805993,19.64,215.9,29.7,6.8,1243,644,Urban,Loam,20.5,0.0,13.3,Confined,5.8,15.72
2021-01-01,Raichur,16.208633136789892,77.34574382421633,23.47,5.4,25.2,6.2,1458,592,Urban,Loam,19.6,0.0,5.2,Confined,6.1,23.73
2025-01-25,Bagalkote,16.189814180739305,75.70529176303143,37.91,5.4,29.4,8.4,1051,544,Urban,Loam,10.3,0.0,5.1,Confined,6.9,38.29
2021-12-19,Chitradurga,14.2189466613374,76.40014803109143,36.45,11.4,22.4,5.4,485,50,Urban,Clay,22.6,0.0,0.6,Confined,4.3,36.54
2023-08-15,Mysuru,12.301996521014173,76.63932364286725,26.71,133.4,31.5,9.1,1484,542,Urban,Clay,2.0,0.0,5.9,Unconfined,8.3,24.58
2025-01-23,Ballari,15.142255282984863,76.92004468345985,30.73,7.5,28.5,6.0,151,22,Urban,Clay,17.3,0.0,1.1,Unconfined,8.5,30.97
2023-03-26,Hunasuru,12.295565105771136,76.26956667922045,30.6,23.5,34.8,7.4,769,386,Agricultural,Sandy,7.9,0.0,4.6,Confined,26.6,30.77
2025-01-07,Kundapura,13.621580566931243,74.68571980101795,18.69,6.4,21.2,5.1,1218,665,Agricultural,Sandy,21.4,-0.25,13.9,Confined,23.4,19.08
2023-09-30,Sanduru,15.096330624354824,76.54922478305166,23.56,216.5,29.5,8.0,1126,134,Agricultural,Sandy,8.0,0.0,6.9,Unconfined,25.0,19.88
2025-03-03,Kollegala,12.150416326508234,77.12276368238184,33.21,0.6,33.8,9.7,807,123,Agricultural,Loam,16.7,0.0,5.6,Confined,49.4,34.18
2021-12-27,Bagalkote,16.182733526888974,75.71217755061605,7.09,0.6,20.5,4.4,1499,703,Urban,Clay,2.0,0.0,11.0,Confined,1.2,7.31
2022-02-10,Bagalkote,16.17912040956436,75.68301874286978,19.9,1.0,22.5,4.5,949,150,Urban,Clay,2.5,0.0,13.3,Unconfined,1.7,20.12
2021-09-03,Mandya,12.529842210743626,76.8945858622099,12.02,52.0,31.5,6.7,787,75,Agricultural,Clay,13.5,0.0,13.2,Confined,22.1,11.54
2022-01-20,Davanagere,14.464578752552294,75.92286650523674,17.73,17.4,27.4,7.2,932,431,Urban,Clay,15.6,0.0,9.4,Unconfined,1.2,17.75
2023-07-18,Haveri,14.78341124475302,75.42645158644667,9.69,131.4,22.6,6.7,1197,73,Agricultural,Silty,3.0,0.0,0.2,Confined,44.8,7.84
2021-05-30,Mandya,12.532358320504441,76.90527813398819,23.03,5.9,35.2,10.1,289,720,Agricultural,Loam,22.3,0.0,1.1,Confined,38.1,23.8
2020-10-10,Shivamogga,13.91625735876083,75.55848635019831,23.16,58.3,27.9,7.1,377,518,Urban,Sandy,13.0,0.0,7.7,Unconfined,8.5,22.43
2025-08-19,Madikeri,12.427602358777051,75.74312947481714,11.64,140.2,30.7,9.1,1226,625,Agricultural,Loam,18.7,0.0,0.6,Confined,49.7,9.79
2023-03-27,Raichur,16.2071810585119,77.34047172204366,23.37,18.2,39.4,8.1,552,395,Urban,Clay,10.3,0.0,13.7,Unconfined,4.6,23.46
2024-01-16,Chikkamagaluru,13.317144714170775,75.75919602003616,39.44,3.6,25.0,5.9,892,290,Agricultural,Clay,12.9,0.0,10.7,Unconfined,31.5,39.98
2025-06-27,Doddaballapura,13.302583059034891,77.55416521511602,21.79,70.7,27.7,5.7,255,126,Agricultural,Loam,19.4,0.0,9.8,Unconfined,52.2,21.18
2025-01-07,Yadgir,16.739333905238453,77.14301593797445,37.25,7.8,29.8,6.9,616,343,Agricultural,Sandy,21.6,0.0,14.7,Unconfined,25.5,37.69
2025-06-20,Sakleshpura,12.971134136901803,75.79646754357894,34.43,208.9,24.7,5.5,1357,394,Agricultural,Sandy,5.8,0.0,3.6,Unconfined,45.2,30.98
2025-06-14,Sringeri,13.409435763745769,75.25597008159711,16.71,134.0,22.5,6.7,1157,379,Agricultural,Silty,15.5,0.0,13.3,Unconfined,42.5,14.79
2020-12-01,Chikkamagaluru,13.314516374245564,75.79272510181013,8.94,11.8,20.9,5.9,788,178,Agricultural,Loam,18.6,0.0,5.0,Unconfined,21.8,9.22
2020-11-20,Yadgir,16.755107102519258,77.1523161069427,32.36,60.4,34.0,7.4,502,269,Agricultural,Loam,10.3,0.0,13.2,Confined,26.6,31.79
2020-12-09,Davanagere,14.45698437006128,75.9232676643247,7.25,16.9,29.2,7.9,1162,172,Urban,Sandy,10.3,0.0,10.0,Unconfined,6.1,7.37
2022-06-15,Tumakuru,13.347124161777922,77.11185569568796,22.44,190.9,25.4,7.6,1369,167,Urban,Sandy,5.8,0.0,12.6,Confined,3.6,19.04
2021-02-06,Davanagere,14.458112575325526,75.93196907619067,12.65,5.5,22.0,6.4,1486,11,Urban,Clay,10.7,0.0,8.4,Confined,4.9,12.91
2022-10-05,Chikkamagaluru,13.31492715463311,75.7919519543257,10.69,85.1,33.6,8.4,1249,702,Agricultural,Clay,21.2,0.0,6.0,Unconfined,46.8,9.88
2022-04-30,Kundapura,13.629252887082503,74.6907826993169,18.93,11.9,29.2,8.3,1463,457,Forest,Sandy,6.8,0.24,14.9,Confined,9.0,19.17
2024-05-26,Bagalkote,16.18242286571416,75.69757867654337,6.27,5.7,37.7,11.0,263,733,Urban,Silty,4.5,0.0,11.4,Confined,2.9,6.73
2023-07-19,Haveri,14.79578499308923,75.4013209246329,11.72,121.9,22.7,6.7,267,469,Agricultural,Loam,20.3,0.0,7.5,Unconfined,52.7,10.14
2022-07-30,Madikeri,12.422475082096954,75.72521270169221,8.23,50.6,22.3,6.3,1414,96,Agricultural,Sandy,7.6,0.0,6.1,Unconfined,20.3,7.74
2020-11-29,Mysuru,12.305657824044015,76.63652701359196,27.87,64.3,30.0,7.7,905,422,Urban,Silty,3.9,0.0,13.3,Unconfined,4.5,27.01
2022-08-02,Anekal,12.723243065316707,77.70471323334282,8.09,213.8,24.6,6.5,1290,414,Urban,Loam,20.8,0.0,12.5,Confined,3.9,4.18
2022-02-16,Doddaballapura,13.29815563938021,77.54628145018731,29.94,17.0,22.1,5.2,963,668,Agricultural,Loam,2.4,0.0,7.1,Confined,56.5,30.43
2023-11-24,Tumakuru,13.332158680445422,77.0847027561766,20.89,35.3,32.7,7.8,368,60,Urban,Silty,23.0,0.0,2.4,Unconfined,4.7,20.62
2025-06-09,Madikeri,12.429091305575907,75.74692181676508,36.99,242.1,27.5,8.0,388,562,Agricultural,Loam,18.9,0.0,10.2,Unconfined,45.2,33.0
2025-06-11,Puttur,12.756287018089022,75.22178091208873,8.91,146.5,24.6,7.3,603,416,Agricultural,Sandy,23.7,-0.14,1.0,Unconfined,27.8,6.64
2020-12-25,Hubballi,15.36255891936429,75.11824238204161,38.33,7.5,26.4,7.0,1238,784,Urban,Sandy,24.5,0.0,14.1,Unconfined,2.9,38.56
2022-08-14,Chikkamagaluru,13.329292257168067,75.77951673241768,13.74,198.2,32.0,9.6,206,192,Agricultural,Sandy,4.6,0.0,2.7,Confined,23.8,10.49
2025-07-20,Yadgir,16.76056334915934,77.13372405810767,30.82,189.9,28.8,6.3,1494,755,Agricultural,Clay,15.1,0.0,5.1,Confined,54.3,27.88
2022-05-13,Bagalkote,16.1792297438852,75.69681880259759,22.27,28.9,33.4,9.0,1441,112,Urban,Silty,21.8,0.0,0.3,Unconfined,5.3,22.2
2023-06-05,Mangaluru,12.908141309358587,74.8622188065267,31.32,61.9,24.1,5.5,1421,292,Agricultural,Loam,18.4,0.46,4.2,Confined,9.5,30.41
2024-03-05,Badami,15.903736241514888,75.67619375549553,31.21,10.5,39.9,11.4,669,253,Agricultural,Loam,23.9,0.0,4.6,Confined,30.0,31.87
2022-02-21,Kollegala,12.143462280484778,77.09753045927356,9.8,11.6,29.3,6.9,822,751,Agricultural,Clay,13.4,0.0,12.0,Unconfined,47.3,10.39
2023-03-05,Mysuru,12.296232506664182,76.63921820377612,38.92,2.0,32.7,9.8,997,475,Urban,Sandy,11.7,0.0,9.5,Unconfined,0.9,39.38
2022-02-02,Mysuru,12.306857064276716,76.62547100288069,12.85,12.4,29.2,5.9,156,757,Urban,Clay,17.8,0.0,1.1,Unconfined,9.1,12.99
2022-04-02,Kollegala,12.147010761521736,77.10772258736714,25.14,49.8,36.1,8.3,1210,573,Agricultural,Clay,1.3,0.0,13.5,Confined,20.4,24.76
2022-06-02,Yadgir,16.75721249809399,77.1441954027333,17.29,94.4,27.4,6.9,866,13,Agricultural,Sandy,5.9,0.0,8.1,Confined,32.9,16.08
2025-08-24,Bagalkote,16.180795634883232,75.6900405862584,26.7,99.1,31.2,8.4,1217,768,Urban,Sandy,3.2,0.0,5.7,Unconfined,7.0,25.21
2023-03-06,Mysuru,12.29842109788098,76.64329189880526,15.48,31.7,40.3,11.1,511,251,Urban,Loam,5.4,0.0,1.8,Unconfined,3.4,15.44
2021-02-12,Raichur,16.205309908557442,77.34454326784659,23.34,5.3,23.9,7.0,1087,323,Urban,Clay,13.1,0.0,6.3,Unconfined,7.0,23.65
2023-09-01,Mangaluru,12.916884563260727,74.86146745374106,5.92,243.1,27.1,7.7,1084,729,Agricultural,Clay,6.6,-0.84,6.2,Unconfined,9.6,1.62
2022-07-25,Hunasuru,12.306634643539956,76.27636789644937,7.69,192.5,24.8,7.0,166,30,Agricultural,Silty,24.9,0.0,8.5,Confined,37.9,4.57
2024-02-04,Bagalkote,16.178083172836427,75.6954995858704,10.26,7.1,26.2,6.6,849,498,Urban,Loam,21.3,0.0,13.4,Confined,8.9,10.54
2025-03-21,Badami,15.926786497059428,75.67980099869196,7.96,21.4,37.4,8.0,1324,720,Agricultural,Sandy,21.9,0.0,13.7,Confined,47.6,8.41
2025-02-09,Mandya,12.538914959794788,76.88989264185855,20.07,0.8,27.7,5.6,1206,41,Agricultural,Loam,24.8,0.0,9.3,Confined,52.3,20.86
2024-07-23,Kundapura,13.624516090739489,74.68231854016227,6.93,102.8,22.9,5.1,319,292,Agricultural,Sandy,11.2,0.45,13.3,Unconfined,22.3,5.31
2023-10-02,Mangaluru,12.903276787927307,74.85803677885663,30.95,86.7,25.3,5.7,1205,196,Urban,Sandy,5.0,0.78,0.8,Confined,12.5,29.55
2023-04-19,Kollegala,12.153225686798471,77.117208231265,11.58,4.1,35.6,7.7,632,158,Agricultural,Sandy,6.8,0.0,2.8,Unconfined,36.4,12.25
2024-05-28,Madikeri,12.424045425145096,75.70381027277274,14.95,42.9,28.9,8.3,419,501,Agricultural,Silty,13.7,0.0,14.9,Unconfined,49.2,15.0
2024-08-23,Hassan,12.987442769339612,76.12240884480057,29.92,208.5,30.6,7.9,1382,544,Urban,Clay,8.6,0.0,7.2,Confined,4.0,26.18
2024-11-16,Madikeri,12.4355869447361,75.73607990878843,16.77,26.4,26.9,5.7,1131,87,Agricultural,Loam,1.4,0.0,12.7,Unconfined,56.8,17.1
2024-10-14,Sagara,14.181534529884859,75.02632544510033,30.15,31.3,29.5,6.0,461,263,Agricultural,Clay,14.5,0.0,10.2,Unconfined,51.7,30.34
2024-07-11,Sakleshpura,12.985054659273576,75.7958717490032,33.05,90.1,27.6,6.9,215,38,Agricultural,Loam,11.9,0.0,4.2,Confined,54.5,32.14
2024-01-27,Mysuru,12.287399141655714,76.63900400674913,12.06,14.8,28.6,7.1,1110,419,Urban,Silty,16.8,0.0,6.8,Confined,5.0,12.17
2024-05-18,Sagara,14.168401748355821,75.0244849962061,12.13,28.9,34.6,8.1,775,37,Agricultural,Clay,9.3,0.0,7.4,Unconfined,53.6,12.49
2023-01-15,Hunasuru,12.318884459276626,76.30239969300506,5.79,15.1,20.4,5.5,1452,37,Agricultural,Sandy,3.0,0.0,8.0,Confined,42.9,6.19
2024-05-03,Sanduru,15.107070835529317,76.53891256811242,15.64,30.3,39.6,9.9,495,160,Agricultural,Clay,13.6,0.0,1.8,Confined,57.0,16.1
2022-03-23,Hassan,13.024256053156643,76.10741063306021,10.99,13.3,35.5,10.0,1451,283,Urban,Clay,21.7,0.0,6.2,Unconfined,2.3,11.25
2025-02-27,Devanahalli,13.2395991595002,77.70426635244469,30.08,8.3,22.1,5.5,296,326,Agricultural,Loam,22.9,0.0,1.2,Unconfined,30.2,30.49
2022-12-01,Mysuru,12.299286669583761,76.63991970756285,26.37,15.6,21.2,4.8,1497,267,Urban,Silty,1.5,0.0,3.8,Unconfined,0.2,26.3
2021-12-10,Gokak,16.16853158635772,74.83639684364813,27.74,11.8,21.4,5.0,262,462,Urban,Clay,16.9,0.0,13.1,Confined,6.8,27.82
2022-07-11,Haveri,14.783129155679873,75.41654068993817,12.98,62.6,30.0,6.7,1410,672,Agricultural,Sandy,21.1,0.0,5.5,Unconfined,31.2,12.38
2024-02-07,Mangaluru,12.916442350844278,74.85526053231713,8.29,1.3,24.5,7.2,1439,60,Urban,Silty,8.6,-0.66,7.7,Confined,5.9,8.75
2025-07-09,Doddaballapura,13.299446502192621,77.55435512975963,19.08,149.9,27.0,6.5,1461,473,Agricultural,Clay,24.4,0.0,11.0,Unconfined,27.4,16.68
2024-10-29,Mandya,12.511510331353382,76.89670934179355,14.75,72.7,33.0,7.5,859,210,Agricultural,Sandy,10.4,0.0,8.6,Confined,44.2,14.11
2021-08-23,Kolar,13.133177275788794,78.13937220847565,18.16,81.8,22.1,6.0,1188,679,Urban,Loam,23.1,0.0,12.5,Confined,9.3,16.92
2022-02-20,Kolar,13.129736761283464,78.13385904435802,22.51,4.5,28.9,7.9,486,634,Urban,Loam,24.1,0.0,11.2,Unconfined,6.2,22.88
2024-11-05,Udupi,13.306977941168348,74.7365703842553,5.95,65.3,32.0,6.8,1008,51,Forest,Sandy,6.1,0.55,2.6,Confined,35.7,5.29
2021-04-02,Anekal,12.72031038249113,77.69354754538249,6.8,12.9,42.0,10.8,1375,535,Urban,Clay,16.7,0.0,14.9,Confined,6.8,7.15
2025-07-18,Doddaballapura,13.288754601260408,77.55936090801202,17.29,199.5,29.8,6.4,1039,484,Agricultural,Clay,13.2,0.0,7.0,Confined,37.8,14.0
2022-08-24,Puttur,12.757104994402084,75.20626899063366,21.22,151.4,22.1,6.6,1455,424,Forest,Loam,4.5,-0.34,11.0,Unconfined,9.6,18.65
2021-08-28,Chitradurga,14.241227893389578,76.39133605217641,35.17,89.6,29.0,7.6,408,772,Urban,Silty,11.2,0.0,0.3,Confined,6.5,33.82
2025-08-06,Yadgir,16.762836600005173,77.1474089195823,38.01,163.1,25.6,7.1,574,520,Agricultural,Clay,1.3,0.0,5.9,Unconfined,42.9,35.53
2022-07-25,Puttur,12.759980319155424,75.20401092651304,18.37,161.9,29.1,6.3,763,407,Urban,Loam,10.3,0.56,2.2,Confined,23.9,15.63
2024-02-23,Hubballi,15.36330191775932,75.12215125844774,31.53,13.5,23.0,5.5,572,61,Urban,Loam,8.1,0.0,13.2,Unconfined,5.9,31.59
2024-04-18,Tumakuru,13.339473578019954,77.0982956497178,23.59,7.2,39.3,10.3,1340,558,Urban,Silty,11.3,0.0,2.7,Confined,5.9,24.02
2023-04-08,Ballari,15.146852652713243,76.93497619846964,9.24,17.8,33.5,8.2,1139,472,Urban,Clay,23.3,0.0,2.4,Confined,4.9,9.34
2022-01-29,Mysuru,12.31215902202007,76.64276097543481,27.26,14.4,23.6,6.2,674,387,Urban,Loam,17.0,0.0,8.0,Unconfined,5.3,27.34
2021-06-10,Puttur,12.78172183887981,75.20288334143936,18.06,122.2,24.6,6.9,497,448,Urban,Sandy,11.8,-0.01,0.9,Unconfined,34.7,16.31
2022-08-13,Sringeri,13.4087835798464,75.2432059297021,29.86,83.5,30.4,8.1,1468,640,Agricultural,Sandy,18.2,0.0,6.8,Confined,46.5,29.06
2024-10-22,Ballari,15.144342774919835,76.92428700707039,6.93,23.1,28.8,7.4,463,261,Urban,Loam,20.0,0.0,14.0,Confined,2.4,6.86
2024-06-14,Sanduru,15.100514374369514,76.56298520892649,11.7,71.9,26.1,5.9,674,241,Agricultural,Clay,14.0,0.0,1.7,Confined,30.1,10.86
2020-12-05,Chitradurga,14.227408035188391,76.41147708489211,37.77,15.3,28.3,6.8,305,608,Urban,Sandy,17.8,0.0,8.0,Confined,9.1,37.9
2021-12-17,Anekal,12.696259694767852,77.67199705565208,26.86,10.6,26.4,5.8,842,626,Urban,Clay,12.0,0.0,8.2,Unconfined,8.9,27.03
2023-06-09,Raichur,16.19329330382979,77.34166312545554,24.55,129.5,25.5,6.7,1016,715,Urban,Loam,11.5,0.0,1.6,Unconfined,8.8,22.38
2024-03-23,Madikeri,12.406418330485085,75.73003701690705,14.62,14.8,28.8,8.4,888,653,Agricultural,Loam,6.8,0.0,3.2,Unconfined,46.1,15.21
2021-06-30,Doddaballapura,13.285877848385736,77.53464947522313,34.79,157.6,29.9,6.6,538,109,Agricultural,Clay,18.0,0.0,1.3,Unconfined,47.5,32.44
2025-05-18,Ballari,15.143583523370706,76.91761221413556,35.69,24.2,32.3,7.3,999,15,Urban,Sandy,17.9,0.0,7.7,Confined,8.2,35.65
2022-05-11,Sagara,14.148714769455497,75.02981549301015,7.21,1.9,30.6,9.1,919,456,Agricultural,Silty,21.0,0.0,2.2,Confined,47.1,8.1
2021-08-05,Bengaluru North,13.03284104047735,77.59570738790993,5.55,58.0,29.3,6.0,1258,528,Urban,Sandy,1.4,0.0,0.6,Unconfined,7.8,4.77
2025-04-02,Mandya,12.497478745098132,76.89542794105006,28.24,33.2,33.0,9.4,480,421,Agricultural,Clay,20.7,0.0,12.0,Unconfined,32.0,28.37
2022-11-28,Hubballi,15.358681245769766,75.11728686126895,13.59,42.0,26.5,6.7,658,60,Urban,Silty,21.1,0.0,3.2,Unconfined,1.1,13.1
2024-10-04,Davanagere,14.447248260063567,75.93556725650107,21.18,46.2,32.6,8.5,807,93,Urban,Sandy,3.2,0.0,12.0,Unconfined,7.6,20.76
2022-02-03,Haveri,14.773464455262422,75.41640712152272,37.53,9.3,26.3,5.6,852,232,Agricultural,Silty,16.0,0.0,8.8,Unconfined,41.2,38.04
2023-01-10,Mysuru,12.307818591770527,76.6435348144002,35.47,19.9,24.2,5.1,565,482,Urban,Sandy,7.8,0.0,11.6,Confined,10.0,35.43
2020-12-18,Sringeri,13.412494399234895,75.2353962441592,33.44,0.7,29.5,7.8,287,729,Agricultural,Sandy,17.0,0.0,3.1,Unconfined,41.8,34.23
2021-11-18,Athani,16.70615495424378,75.05836394547502,33.17,80.7,26.4,7.1,390,344,Agricultural,Loam,14.9,0.0,10.0,Confined,46.3,32.37
2024-08-27,Haveri,14.779536488219621,75.39021682069719,12.08,133.3,28.7,6.5,1099,45,Agricultural,Clay,2.7,0.0,6.3,Unconfined,53.5,10.27
2021-12-09,Mangaluru,12.897747972728993,74.85139473420008,36.05,7.9,28.9,6.5,749,93,Forest,Clay,20.3,0.45,3.8,Unconfined,38.2,36.55
2024-01-18,Doddaballapura,13.30269476940784,77.54609603620342,15.91,15.0,28.9,8.0,399,390,Agricultural,Silty,9.8,0.0,8.0,Unconfined,55.3,16.56
2020-10-12,Sakleshpura,12.973717498887885,75.81029178911113,36.65,56.0,27.3,7.1,319,293,Agricultural,Clay,7.4,0.0,2.6,Unconfined,56.5,36.45
2024-11-15,Sanduru,15.087020721926512,76.54034892357888,22.03,41.4,24.7,5.1,250,309,Agricultural,Sandy,5.8,0.0,12.6,Confined,41.7,21.87
2021-08-05,Mysuru,12.291346776447645,76.64143390318718,7.89,190.5,28.4,7.7,532,523,Urban,Loam,5.2,0.0,2.9,Confined,6.5,4.53
2021-04-02,Chitradurga,14.219195313385155,76.38849519318161,39.48,34.8,41.5,10.6,280,518,Urban,Sandy,14.6,0.0,14.1,Unconfined,2.9,39.34
2025-08-14,Bengaluru North,13.046903886773054,77.60096244372338,32.09,211.2,25.4,6.6,985,326,Urban,Sandy,2.1,0.0,6.9,Unconfined,2.3,28.22
2023-12-14,Kolar,13.13840974727885,78.11131704159304,30.7,11.0,24.9,6.9,127,751,Urban,Loam,4.8,0.0,9.3,Confined,0.0,30.82
2024-04-27,Sagara,14.169031926344514,75.02687891589387,10.96,29.8,37.4,10.5,243,519,Agricultural,Silty,11.1,0.0,13.2,Confined,47.2,11.36
2023-07-07,Ballari,15.143475263566755,76.92499979482743,20.6,132.9,22.3,5.5,398,49,Urban,Silty,9.7,0.0,10.1,Confined,4.2,18.26
2022-01-10,Mysuru,12.285742092316086,76.63494353486175,6.15,10.8,23.7,6.4,199,283,Urban,Loam,11.8,0.0,14.6,Confined,5.8,6.31
2021-11-20,Badami,15.91164912452211,75.67200609279098,39.48,79.0,29.6,7.3,1327,591,Agricultural,Sandy,14.6,0.0,2.4,Unconfined,36.4,38.63
2024-04-16,Hunasuru,12.299559386480688,76.26697587060546,13.56,39.3,37.4,9.5,444,438,Agricultural,Silty,5.3,0.0,6.1,Unconfined,57.8,13.83
2022-11-25,Doddaballapura,13.291158024493845,77.54577548167538,13.36,57.5,25.0,5.2,1237,498,Agricultural,Silty,19.5,0.0,7.4,Unconfined,28.1,12.75
2024-04-20,Anekal,12.686820607537099,77.70315614798854,9.3,27.7,31.2,6.8,797,486,Urban,Clay,11.7,0.0,4.6,Confined,0.2,9.09
2024-01-05,Devanahalli,13.22710131326183,77.68865314715555,36.93,13.9,24.7,5.1,1499,11,Agricultural,Loam,14.4,0.0,6.9,Unconfined,26.4,37.17
2022-11-10,Udupi,13.337245022135974,74.73711749803626,24.49,39.9,33.4,8.4,1388,371,Forest,Clay,22.5,0.41,5.0,Unconfined,13.1,24.2
2021-02-22,Bengaluru North,13.037164253501258,77.58825066152174,18.75,8.6,26.2,6.2,861,393,Urban,Sandy,22.1,0.0,0.9,Unconfined,4.7,18.93
2025-04-04,Tumakuru,13.355486997588454,77.11975942771367,19.8,47.3,30.2,6.7,1380,654,Urban,Loam,1.7,0.0,4.5,Confined,9.7,19.29
2021-11-04,Hubballi,15.356320300647042,75.11348957543815,6.2,78.8,26.0,5.7,621,368,Urban,Clay,18.5,0.0,3.4,Confined,3.2,4.94
2025-03-09,Madikeri,12.435943639793372,75.74080502549351,16.43,49.7,35.7,9.1,916,123,Agricultural,Silty,1.4,0.0,2.3,Unconfined,55.1,16.44
2023-12-03,Chikkamagaluru,13.32774767484566,75.7727472897736,26.94,11.6,25.7,6.2,521,131,Agricultural,Silty,3.3,0.0,8.7,Confined,23.7,27.25
2024-08-11,Gokak,16.162248714930772,74.82502125572225,7.01,172.5,24.8,7.1,956,189,Urban,Clay,6.2,0.0,10.3,Unconfined,2.9,3.94
2024-12-15,Davanagere,14.479964015119819,75.92055784920086,37.7,2.4,23.7,6.9,905,770,Urban,Loam,10.1,0.0,12.2,Confined,0.8,38.01
2023-01-08,Udupi,13.335890000805726,74.74552041237648,28.06,9.7,26.3,5.5,556,797,Agricultural,Sandy,11.8,-0.53,5.3,Unconfined,15.1,28.34
2022-05-31,Tumakuru,13.361590393539952,77.09487236963054,18.88,31.0,32.8,6.8,1268,617,Urban,Silty,9.5,0.0,3.2,Unconfined,10.0,18.7
2021-04-14,Chikkamagaluru,13.3080276685447,75.79320851330452,6.08,23.5,39.8,10.5,1317,772,Agricultural,Sandy,10.2,0.0,4.5,Unconfined,23.9,6.37
2024-02-11,Puttur,12.7804532682566,75.21830432789932,33.62,8.6,24.8,5.7,712,57,Forest,Loam,20.2,0.34,6.4,Confined,17.8,33.88
2025-02-07,Haveri,14.790062290020282,75.4172792792543,38.38,4.7,25.3,6.7,811,708,Agricultural,Clay,13.0,0.0,9.1,Confined,35.7,38.98
2023-10-22,Mysuru,12.304655997225499,76.63475698220478,15.92,76.9,27.7,7.7,124,11,Urban,Clay,11.5,0.0,13.9,Unconfined,1.6,14.78
2021-08-31,Sanduru,15.093734265329799,76.53377856227705,28.38,191.1,26.9,6.1,128,129,Agricultural,Clay,19.5,0.0,2.6,Unconfined,57.6,25.44
2023-06-23,Ballari,15.13925762926446,76.90791527244193,24.16,237.1,23.8,5.2,789,551,Urban,Loam,8.0,0.0,8.5,Unconfined,1.6,19.69
2024-03-23,Madikeri,12.432147442144007,75.72766012983011,8.47,40.6,30.9,6.8,270,457,Agricultural,Sandy,9.3,0.0,1.4,Confined,41.1,8.41
2024-07-15,Sakleshpura,12.964487797402768,75.77067807357568,10.75,120.3,29.4,7.5,525,128,Agricultural,Loam,1.7,0.0,14.0,Unconfined,53.3,9.25
2023-05-26,Sagara,14.163482001306448,75.03228993053366,10.32,7.9,40.2,10.6,446,309,Agricultural,Sandy,7.6,0.0,12.5,Unconfined,46.6,11.16
2024-01-06,Udupi,13.326497160707866,74.75398628864664,38.67,0.4,24.6,5.7,1063,324,Urban,Sandy,2.4,0.04,8.0,Unconfined,35.1,39.29
2023-06-21,Ballari,15.144951631409274,76.92798385933907,31.48,93.3,27.1,5.4,1484,796,Urban,Sandy,1.8,0.0,1.8,Confined,8.9,29.97
2025-08-31,Badami,15.927616653699207,75.68163213472549,27.36,177.2,24.3,5.1,626,566,Agricultural,Silty,18.1,0.0,13.4,Confined,39.5,24.47
2021-12-11,Sringeri,13.42459615553715,75.24071887825232,32.4,15.9,21.5,5.2,783,262,Agricultural,Clay,4.6,0.0,8.9,Confined,50.3,32.84
2022-05-28,Mangaluru,12.929173905664108,74.85811701522353,13.56,1.0,31.4,8.1,192,140,Forest,Sandy,15.9,-0.74,4.6,Unconfined,16.2,14.18
2022-04-29,Kollegala,12.156749313791812,77.11865611582968,16.0,45.2,30.0,8.2,704,739,Agricultural,Clay,5.5,0.0,13.0,Unconfined,54.3,16.05
2021-08-18,Kundapura,13.634403976638492,74.7013261109273,29.43,226.3,29.3,7.1,878,149,Agricultural,Clay,21.2,-0.45,5.2,Confined,24.5,25.55
2021-09-13,Badami,15.917427846037565,75.67614976150281,8.48,81.7,27.1,7.3,944,360,Agricultural,Loam,15.0,0.0,11.0,Confined,33.2,7.54
2021-08-16,Hassan,13.00704983019922,76.10383146495174,20.27,190.1,24.5,5.4,424,18,Urban,Clay,16.7,0.0,12.6,Confined,3.7,16.77
2022-10-14,Bagalkote,16.178263665055066,75.68598394990522,11.31,51.7,32.1,7.7,386,537,Urban,Clay,22.3,0.0,14.9,Unconfined,5.3,10.71
2022-12-16,Yadgir,16.764904243244963,77.14093274221007,18.25,6.6,25.7,6.9,939,279,Agricultural,Sandy,13.3,0.0,6.5,Confined,36.8,18.83
2024-07-05,Sirsi,14.601320234676328,74.84459214733727,24.51,207.3,22.7,6.1,1390,646,Agricultural,Silty,12.6,0.0,3.0,Unconfined,21.8,20.89
2022-12-16,Davanagere,14.474950573110668,75.91604766239055,26.35,2.3,27.2,7.1,205,117,Urban,Silty,21.5,0.0,12.2,Unconfined,3.1,26.69
2024-01-20,Udupi,13.333018390749677,74.75487586046745,19.25,0.8,21.1,5.8,179,483,Forest,Silty,3.2,0.43,0.5,Confined,5.8,19.54
2022-02-15,Mysuru,12.290808720559374,76.62966796461914,29.16,16.2,25.1,6.6,857,678,Urban,Sandy,11.8,0.0,2.1,Confined,6.1,29.23
2021-01-04,Gokak,16.162429519639186,74.823035654075,23.37,18.3,27.4,6.4,1431,632,Urban,Clay,17.1,0.0,1.4,Unconfined,7.7,23.4
2025-06-26,Hassan,13.028895355236308,76.09067343799063,21.2,108.4,23.3,5.3,1483,717,Urban,Silty,13.4,0.0,12.6,Confined,6.5,19.36
2022-04-07,Haveri,14.789257849957943,75.41049853437372,33.63,34.4,29.3,7.9,849,169,Agricultural,Loam,4.8,0.0,5.2,Confined,50.4,33.84
2021-04-20,Kundapura,13.63963021725192,74.68918174655366,7.91,17.8,32.4,9.0,1313,593,Agricultural,Silty,12.1,-0.01,7.9,Unconfined,20.0,8.2
2021-10-06,Hunasuru,12.295296851159225,76.29760146693582,21.75,21.0,29.8,7.1,1236,132,Agricultural,Loam,12.6,0.0,13.0,Confined,47.4,22.16
2023-11-26,Haveri,14.792737858525616,75.41164296152695,37.58,70.2,26.4,7.6,1479,107,Agricultural,Silty,10.0,0.0,7.9,Unconfined,35.8,36.91
2023-10-06,Kolar,13.139720560456965,78.14738440049256,12.65,65.9,30.3,7.3,1039,239,Urban,Sandy,15.2,0.0,13.7,Confined,7.5,11.77
2022-02-10,Chikkamagaluru,13.326024634139197,75.77848017788014,11.88,1.6,25.6,5.8,672,524,Agricultural,Silty,9.6,0.0,12.8,Unconfined,31.3,12.45
2024-06-24,Mangaluru,12.919278997105417,74.87057993203516,10.59,60.0,24.1,5.3,527,708,Agricultural,Silty,16.8,-0.49,12.0,Unconfined,15.0,9.85
2021-10-16,Sringeri,13.420035180063396,75.25523350219144,14.59,54.1,28.5,7.5,1014,279,Agricultural,Sandy,22.6,0.0,11.3,Confined,33.4,14.22
2022-09-17,Tumakuru,13.341609403467649,77.1020017169701,37.27,197.2,22.2,6.1,1407,452,Urban,Clay,10.0,0.0,5.6,Unconfined,5.6,33.69
2025-02-16,Anekal,12.714141178931417,77.69698969802282,18.88,1.2,21.8,6.5,453,41,Urban,Sandy,20.3,0.0,2.2,Unconfined,2.4,19.2
2025-04-05,Kundapura,13.628763665472654,74.69928441359832,31.9,17.2,35.0,7.6,943,426,Forest,Clay,8.7,-0.99,0.3,Confined,18.7,32.22
2022-08-12,Mandya,12.533211008188788,76.91791566015385,37.7,70.4,24.3,6.4,557,207,Agricultural,Sandy,14.6,0.0,12.8,Confined,46.9,37.08
2025-08-13,Chikkamagaluru,13.314422311898198,75.77140393193564,6.11,239.7,23.4,6.9,333,693,Agricultural,Sandy,24.6,0.0,0.3,Confined,26.5,1.93
2022-12-13,Sringeri,13.41349512656622,75.24294228137192,35.7,0.7,22.6,4.9,866,607,Agricultural,Silty,2.6,0.0,13.6,Unconfined,30.8,36.24
2021-01-25,Mandya,12.512802763154706,76.88884625068675,7.28,15.1,24.6,5.6,1156,527,Agricultural,Sandy,11.0,0.0,13.5,Confined,55.2,7.81
2021-09-24,Kundapura,13.647473717697675,74.6893500849467,17.06,98.1,25.7,5.7,136,435,Agricultural,Loam,12.2,0.14,6.5,Unconfined,26.1,15.63
2024-12-20,Tumakuru,13.349295577260925,77.10964078631224,10.55,9.8,27.5,8.2,886,797,Urban,Sandy,17.5,0.0,5.0,Confined,3.3,10.8
2021-06-07,Hassan,13.008950000956782,76.1000697805282,32.18,73.1,28.1,6.3,936,598,Urban,Loam,11.8,0.0,14.2,Confined,8.7,31.12
2022-11-04,Raichur,16.19660873912303,77.35877546914719,16.01,85.0,33.9,9.9,1365,499,Urban,Sandy,20.7,0.0,11.4,Unconfined,5.4,14.86
2022-09-27,Hunasuru,12.319540165513555,76.29106550580556,19.02,159.2,31.5,6.5,779,90,Agricultural,Sandy,12.0,0.0,3.6,Unconfined,43.8,16.6
2024-03-06,Bagalkote,16.19086251305264,75.69649900734663,36.97,25.6,37.5,8.8,1401,507,Urban,Sandy,3.4,0.0,11.4,Confined,3.5,36.93
2021-07-29,Madikeri,12.430222777180099,75.74298079242713,31.43,144.6,25.8,7.6,514,412,Agricultural,Clay,13.0,0.0,4.9,Confined,21.6,29.13
2022-07-25,Kolar,13.140501735655775,78.15145568684338,5.49,227.8,31.6,7.5,352,200,Urban,Sandy,19.5,0.0,12.5,Confined,0.9,1.32
2025-05-10,Kundapura,13.636668742831937,74.68708971811205,37.01,27.4,37.7,9.5,795,338,Urban,Silty,20.5,-0.45,2.4,Unconfined,8.5,37.07
2023-09-15,Sirsi,14.624495172359598,74.8329803072376,35.35,119.2,25.3,6.6,1276,800,Agricultural,Clay,16.2,0.0,12.5,Confined,30.8,33.6
2020-10-15,Karwar,14.817726865409584,74.1236968145651,39.73,41.6,24.0,5.7,936,71,Urban,Clay,6.2,0.32,9.1,Unconfined,36.8,39.52
2024-05-06,Sirsi,14.62472905072874,74.83814564029046,11.46,6.3,32.1,7.1,877,362,Agricultural,Clay,14.6,0.0,11.3,Confined,57.7,12.27
2021-06-14,Gokak,16.18711139687698,74.83305529541546,12.31,202.8,28.3,7.9,1152,623,Urban,Sandy,14.3,0.0,8.9,Unconfined,8.9,8.74
2021-06-30,Hubballi,15.354195789556103,75.10923768567223,10.86,67.0,25.9,5.7,1323,410,Urban,Silty,8.5,0.0,7.0,Unconfined,3.4,9.84
2025-05-26,Badami,15.929584403503808,75.67902988356174,18.98,22.1,36.2,7.4,1095,89,Agricultural,Clay,23.5,0.0,7.1,Unconfined,35.5,19.26
2021-05-16,Athani,16.727953933409502,75.04918095722232,17.43,24.6,34.1,7.4,983,210,Agricultural,Loam,21.0,0.0,2.8,Confined,32.7,17.64
2025-07-03,Puttur,12.765025918327964,75.20400549397885,14.25,236.7,24.9,6.4,630,214,Forest,Sandy,5.5,-0.38,5.5,Confined,34.7,10.22
2024-06-28,Gokak,16.161112774481097,74.84765963020014,38.86,184.6,23.9,6.9,797,221,Urban,Silty,3.7,0.0,12.7,Unconfined,5.5,35.57
2023-07-18,Badami,15.913070927969407,75.66969767093121,17.77,211.5,29.0,8.4,814,740,Agricultural,Silty,2.5,0.0,8.4,Confined,35.1,14.31
2020-09-24,Gokak,16.16654699546064,74.83660267997347,36.91,182.4,30.6,8.3,860,311,Urban,Clay,11.0,0.0,4.8,Unconfined,5.4,33.73
2022-03-28,Athani,16.727993778232054,75.05179138013091,20.53,18.8,36.5,7.5,139,529,Agricultural,Sandy,2.0,0.0,4.9,Confined,31.8,20.85
2024-10-07,Yadgir,16.774297559667975,77.14513941855947,15.41,87.4,25.5,7.0,1365,677,Agricultural,Sandy,4.6,0.0,2.2,Unconfined,56.1,14.57
2023-11-10,Bengaluru North,13.035177607012802,77.5788565158423,29.33,80.2,31.4,6.8,633,303,Urban,Sandy,15.2,0.0,1.4,Confined,1.4,28.08
2023-10-08,Chikkamagaluru,13.317704709834697,75.78398370031378,36.19,96.4,24.7,7.0,768,65,Agricultural,Loam,3.2,0.0,1.8,Unconfined,23.4,34.85
2024-10-07,Bagalkote,16.186517660807173,75.70592426508603,5.2,31.8,24.4,4.9,667,109,Urban,Silty,4.7,0.0,8.4,Confined,9.6,4.91
2025-04-07,Chikkamagaluru,13.31623936764118,75.79096430783318,35.1,46.5,31.0,9.0,943,164,Agricultural,Clay,13.0,0.0,10.0,Confined,45.2,35.07
2023-07-08,Athani,16.7456499928438,75.06915265542054,22.25,237.1,29.2,6.4,328,627,Agricultural,Clay,21.2,0.0,1.2,Unconfined,39.4,18.22
2024-05-12,Puttur,12.770159097878174,75.2343610691793,13.84,40.9,33.3,9.2,1492,651,Agricultural,Sandy,5.7,0.05,6.7,Confined,30.7,13.78
2024-07-08,Badami,15.932514906644174,75.67089024958422,14.62,186.9,22.8,6.3,396,752,Agricultural,Sandy,11.8,0.0,9.5,Confined,35.3,11.55
2024-06-05,Hassan,13.010265815576096,76.09580285233498,18.29,206.0,25.9,6.1,359,595,Urban,Loam,11.3,0.0,10.2,Unconfined,0.1,14.48
2022-07-14,Madikeri,12.426665439984491,75.74424696325802,37.16,190.9,23.0,4.7,1191,429,Agricultural,Clay,21.9,0.0,9.3,Unconfined,54.3,34.12
2021-11-08,Kollegala,12.143930204652444,77.13125453277004,35.62,96.6,29.0,7.2,1482,616,Agricultural,Clay,19.0,0.0,5.1,Confined,39.0,34.44
2020-11-16,Sringeri,13.422313492259107,75.26429949560341,5.47,90.7,25.8,7.0,569,244,Agricultural,Loam,5.4,0.0,6.0,Unconfined,28.5,4.29
2021-04-10,Chitradurga,14.218845164878886,76.38679214982382,13.14,24.5,38.6,11.4,1109,24,Urban,Silty,18.4,0.0,9.7,Confined,7.0,13.29
2023-05-12,Yadgir,16.786195685585955,77.14240977628296,7.96,33.1,33.8,8.5,536,289,Agricultural,Sandy,12.5,0.0,1.8,Unconfined,33.9,8.06
2025-04-02,Bagalkote,16.19198167029784,75.69667818272566,23.49,26.8,34.9,9.8,963,590,Urban,Sandy,16.7,0.0,5.6,Confined,7.8,23.52
2021-06-16,Bengaluru North,13.03271170780546,77.59470377622506,18.44,204.7,30.0,7.3,190,696,Urban,Loam,22.1,0.0,4.4,Unconfined,0.2,14.71
2025-09-04,Kundapura,13.619753372550083,74.68437727059327,11.49,173.8,25.0,6.0,567,342,Forest,Clay,6.9,-0.94,9.6,Confined,18.1,8.59
2022-05-04,Tumakuru,13.348220314741729,77.09613174073316,39.07,7.5,39.2,11.1,953,130,Urban,Sandy,7.1,0.0,1.0,Unconfined,2.3,39.5
2025-07-01,Tumakuru,13.350316204289111,77.11066560035512,8.15,175.5,29.6,6.6,1090,581,Urban,Clay,11.2,0.0,5.9,Confined,3.9,5.01
2022-03-07,Anekal,12.689437152991616,77.66666780390196,9.44,38.2,31.0,8.0,644,299,Urban,Silty,13.8,0.0,11.4,Unconfined,5.4,9.13
2022-07-31,Udupi,13.326283508055143,74.75637907976609,13.0,150.9,31.4,9.3,1440,40,Forest,Loam,14.6,-0.44,4.0,Confined,36.9,10.86
2025-06-06,Mandya,12.539448081958064,76.90146270639394,10.19,233.3,31.2,6.5,727,149,Agricultural,Loam,24.7,0.0,10.0,Unconfined,45.5,6.3
2022-10-26,Hubballi,15.375345168140232,75.12813224482814,38.27,43.4,27.1,5.7,865,348,Urban,Silty,8.3,0.0,8.0,Confined,7.8,37.77
2024-08-15,Doddaballapura,13.287771495114644,77.54716117645515,30.31,188.4,28.9,8.0,809,415,Agricultural,Loam,3.3,0.0,0.2,Confined,27.7,27.22
2024-03-26,Kundapura,13.619690365651802,74.69003948854152,31.95,15.0,38.7,8.6,1284,329,Urban,Silty,20.5,-0.69,8.1,Confined,7.0,32.22
2023-11-29,Shivamogga,13.910587484909232,75.57552206874907,39.36,29.8,25.9,7.1,146,489,Urban,Clay,8.7,0.0,7.5,Unconfined,4.0,39.16
2022-04-23,Kollegala,12.150704277621202,77.09902733158948,37.84,30.8,35.3,8.4,1421,398,Agricultural,Loam,19.6,0.0,7.3,Confined,25.6,37.9
2021-01-14,Devanahalli,13.218704766685665,77.69941254310497,30.26,15.7,25.0,5.9,1394,487,Agricultural,Sandy,22.6,0.0,1.2,Confined,45.0,30.69
2021-10-22,Haveri,14.799935922964565,75.39866135592581,23.85,89.2,29.2,8.2,1261,510,Agricultural,Silty,19.5,0.0,6.7,Unconfined,59.5,23.07
2024-11-13,Udupi,13.349735551540169,74.73898961142478,11.66,35.9,26.2,6.3,1065,120,Forest,Silty,17.9,-0.42,7.4,Unconfined,11.2,11.41
2021-12-04,Sirsi,14.62538341214479,74.82919493382074,15.95,11.1,25.9,5.2,945,689,Agricultural,Silty,2.9,0.0,4.1,Unconfined,55.6,16.54
2021-08-16,Anekal,12.71248600724814,77.72017759087792,10.54,242.3,23.2,5.0,1005,399,Urban,Sandy,2.0,0.0,8.3,Confined,2.4,5.97
2024-05-25,Davanagere,14.474846439424466,75.92947525578111,6.77,13.4,41.9,11.9,1412,128,Urban,Sandy,12.5,0.0,11.9,Unconfined,4.7,7.14
2025-03-28,Haveri,14.786937064746517,75.414151264872,16.95,48.7,38.0,9.7,276,78,Agricultural,Silty,21.8,0.0,2.9,Unconfined,22.3,16.68
2023-03-01,Chikkamagaluru,13.300844240811838,75.77860476135858,10.12,1.1,30.0,8.6,1254,743,Agricultural,Clay,15.3,0.0,3.2,Confined,50.6,11.03
2023-08-11,Shivamogga,13.942318558795614,75.56281046907745,24.49,116.9,31.5,9.4,918,653,Urban,Silty,14.9,0.0,7.1,Confined,5.7,22.68
2025-02-21,Gokak,16.20098050852478,74.81929198231231,31.8,7.2,21.8,5.4,476,708,Urban,Loam,20.2,0.0,13.1,Unconfined,1.7,31.94
2021-11-07,Bengaluru North,13.04833990333456,77.57639229314745,25.38,55.1,28.1,7.4,323,599,Urban,Clay,19.8,0.0,6.5,Confined,5.5,24.7
2021-03-06,Yadgir,16.74162944909077,77.13689472922158,38.62,20.2,32.3,6.7,1082,621,Agricultural,Loam,19.8,0.0,10.4,Confined,27.6,38.83
2024-01-29,Hubballi,15.376692919558275,75.12891387451171,15.02,4.2,29.6,7.9,1323,580,Urban,Loam,1.6,0.0,11.8,Confined,1.6,15.35
2022-01-14,Sringeri,13.426488797077086,75.23034276361426,32.61,10.6,20.9,4.9,1277,577,Agricultural,Loam,7.0,0.0,3.3,Unconfined,21.4,32.86
2023-02-08,Chitradurga,14.20641039794591,76.39618214047566,23.43,2.7,22.2,5.0,891,153,Urban,Silty,5.9,0.0,5.4,Confined,2.2,23.65
2022-11-21,Doddaballapura,13.297862729990701,77.54480911046245,31.78,71.3,30.5,8.9,786,510,Agricultural,Sandy,5.3,0.0,10.6,Unconfined,47.7,31.28
2022-06-23,Udupi,13.318705750936779,74.75325056511836,5.13,129.8,26.0,6.8,1303,479,Agricultural,Loam,2.4,-0.6,12.8,Unconfined,10.3,3.04
2025-03-24,Shivamogga,13.915429336075649,75.59036610978609,9.44,48.6,34.2,8.2,732,788,Urban,Sandy,15.4,0.0,2.6,Confined,2.4,8.9
2020-09-24,Hunasuru,12.296620981064997,76.28982345797904,16.87,182.8,25.0,6.9,764,783,Agricultural,Silty,10.5,0.0,11.0,Unconfined,27.7,13.84
2025-03-12,Haveri,14.806515186005873,75.40583063583125,13.82,47.8,33.6,9.0,303,253,Agricultural,Sandy,16.8,0.0,14.1,Unconfined,54.5,13.86
2021-12-17,Bagalkote,16.19155416394059,75.68188124195262,13.32,12.3,28.8,6.2,771,157,Urban,Clay,7.2,0.0,6.7,Unconfined,2.6,13.41
2024-12-21,Kundapura,13.636211829443281,74.70655126861364,8.26,15.2,26.1,6.6,1103,235,Agricultural,Clay,11.7,0.88,9.1,Unconfined,24.6,8.44
2023-09-02,Madikeri,12.404547853883237,75.752299959147,37.53,52.1,24.6,6.3,859,224,Agricultural,Loam,2.8,0.0,7.7,Unconfined,37.9,37.18
2020-09-29,Davanagere,14.469164945895695,75.9190359902754,24.61,103.0,24.3,5.6,823,331,Urban,Clay,20.6,0.0,4.4,Confined,1.8,22.85
2021-02-20,Udupi,13.339058645914287,74.73482275158656,15.36,18.0,20.4,4.3,361,563,Agricultural,Sandy,13.8,0.49,1.4,Confined,35.1,15.52
2022-07-10,Mangaluru,12.917129990340216,74.85536782712622,6.34,106.3,22.6,5.6,107,417,Urban,Silty,24.3,0.01,8.9,Confined,7.0,4.56
2020-11-09,Bengaluru North,13.03042321490799,77.58550463530557,12.98,90.0,32.9,7.3,1063,189,Urban,Loam,13.7,0.0,10.5,Confined,2.3,11.57
2024-02-26,Tumakuru,13.3458842725951,77.09556692817425,9.65,16.7,21.9,4.8,167,666,Urban,Loam,21.5,0.0,2.5,Unconfined,9.5,9.65
2024-06-17,Sringeri,13.428393100187858,75.25257783320423,20.3,247.6,31.3,6.3,597,151,Agricultural,Clay,17.2,0.0,6.3,Unconfined,24.9,15.91
2021-05-23,Sanduru,15.091615193982829,76.56037511562661,34.84,36.0,29.6,8.2,1441,633,Agricultural,Loam,13.7,0.0,0.6,Confined,22.8,34.76
2022-10-31,Sirsi,14.619551305081645,74.82969764815785,27.52,58.4,25.4,6.7,1184,287,Agricultural,Silty,13.6,0.0,3.1,Confined,53.2,27.22
2024-12-04,Athani,16.74230585527626,75.05973043913446,13.78,8.8,29.5,7.2,385,199,Agricultural,Silty,23.0,0.0,7.6,Confined,39.9,14.36
2021-04-10,Ballari,15.151255385974299,76.93195636236565,15.67,4.2,37.4,9.7,793,236,Urban,Loam,18.5,0.0,1.2,Confined,7.6,16.15
2021-03-21,Kundapura,13.64607619711349,74.68686699008703,35.25,21.3,41.4,9.8,1021,212,Forest,Sandy,6.1,-0.73,7.9,Unconfined,33.0,35.72
2025-08-23,Shivamogga,13.911855603432066,75.58506013925609,39.1,203.3,28.1,6.8,1087,568,Urban,Silty,6.2,0.0,0.7,Confined,4.7,35.42
2020-12-09,Mangaluru,12.925203957068502,74.83539596490063,15.42,7.0,26.4,7.3,287,51,Forest,Silty,22.9,-0.98,5.8,Unconfined,39.8,16.14
2023-08-01,Badami,15.918038652525636,75.678136750532,34.4,229.3,23.7,5.4,612,426,Agricultural,Sandy,24.9,0.0,1.1,Confined,26.3,30.35
2020-11-12,Sanduru,15.10300836348303,76.54508280586832,13.03,71.5,24.5,5.9,416,274,Agricultural,Sandy,14.7,0.0,9.1,Unconfined,55.3,12.45
2023-01-16,Sanduru,15.090531462867084,76.53934631756853,24.41,14.6,24.8,7.0,1445,424,Agricultural,Clay,1.7,0.0,12.7,Confined,55.6,25.02
2023-02-26,Sanduru,15.092058618842238,76.55726621248095,18.6,6.8,23.2,5.1,693,495,Agricultural,Clay,16.5,0.0,2.0,Unconfined,27.4,18.99
2023-07-09,Ballari,15.152995332977866,76.92428950570597,22.64,178.0,23.0,6.2,339,404,Urban,Sandy,18.1,0.0,9.6,Unconfined,4.7,19.44
2020-12-18,Bagalkote,16.179954276817107,75.69981773719977,27.76,12.3,27.2,6.3,479,599,Urban,Silty,17.1,0.0,9.7,Unconfined,9.2,27.92
2025-07-02,Athani,16.720553363417217,75.07722684337095,8.94,77.3,30.2,9.0,197,738,Agricultural,Sandy,19.1,0.0,12.6,Confined,45.9,8.3
2024-09-21,Yadgir,16.75988787069684,77.15096949149104,23.53,142.2,25.6,5.4,1323,180,Agricultural,Silty,8.6,0.0,13.2,Confined,27.0,21.23
2023-04-15,Bagalkote,16.184990148323692,75.72294362173812,24.94,15.0,41.6,9.7,891,628,Urban,Sandy,24.8,0.0,3.1,Unconfined,3.2,25.16
2021-01-26,Kolar,13.132823073665861,78.135989941578,32.98,9.4,21.5,4.8,1428,734,Urban,Sandy,5.9,0.0,11.0,Unconfined,1.0,33.04
2023-06-28,Mysuru,12.309438759982665,76.65519686102446,21.87,109.9,24.0,6.4,329,91,Urban,Sandy,13.2,0.0,2.0,Unconfined,8.1,20.07
2025-01-13,Haveri,14.795425592055656,75.41098099146228,6.24,13.4,22.9,5.0,964,33,Agricultural,Silty,1.7,0.0,1.5,Confined,51.3,6.74
2024-04-14,Ballari,15.149161041113244,76.94102758451412,17.43,2.6,35.1,10.5,753,665,Urban,Loam,21.7,0.0,2.1,Confined,1.5,17.92
2020-10-13,Sanduru,15.093384777742587,76.54016503696673,25.11,39.8,25.5,6.3,880,601,Agricultural,Silty,11.2,0.0,1.8,Confined,55.0,25.18
2023-12-17,Kollegala,12.157322074774209,77.11763759486593,38.67,14.8,21.5,6.4,1499,680,Agricultural,Loam,1.1,0.0,4.6,Confined,58.2,39.28
2024-06-03,Bengaluru North,13.025424938175858,77.60049986014718,17.27,241.4,25.1,5.6,280,317,Urban,Clay,6.4,0.0,5.8,Confined,1.1,12.73
2025-05-10,Sanduru,15.090451055517157,76.54800712134136,26.5,11.7,41.0,9.1,416,520,Agricultural,Loam,20.8,0.0,6.9,Confined,58.1,27.3
2022-08-19,Puttur,12.778640935716915,75.23228290633706,7.69,143.0,25.9,7.8,332,185,Forest,Silty,6.6,0.34,6.4,Confined,33.0,5.52
2021-08-25,Tumakuru,13.333478508671828,77.10566516357828,10.12,239.3,28.5,7.2,197,755,Urban,Silty,23.7,0.0,7.8,Confined,7.1,5.76
2024-12-06,Badami,15.914932680540748,75.66604289911209,24.83,3.7,21.0,5.4,315,257,Agricultural,Clay,13.6,0.0,1.1,Confined,55.7,25.58
2023-09-14,Raichur,16.214352541932637,77.35771120323909,32.06,117.6,30.8,8.3,830,193,Urban,Loam,9.1,0.0,14.0,Confined,5.5,30.18
2022-05-02,Sirsi,14.630147748677036,74.8361469221341,23.81,36.5,29.7,7.3,175,22,Agricultural,Sandy,21.2,0.0,1.7,Unconfined,26.8,23.71
2025-08-28,Athani,16.745064938097684,75.06337402055277,35.99,241.5,24.4,7.3,573,311,Agricultural,Clay,18.3,0.0,8.8,Confined,23.5,31.76
2021-10-14,Devanahalli,13.251170743590114,77.69776736053778,11.28,70.2,28.8,5.9,422,559,Agricultural,Clay,1.8,0.0,1.2,Unconfined,42.9,10.6
2025-04-05,Hassan,13.034563485637412,76.1034188575235,22.69,16.2,30.8,8.6,517,554,Urban,Loam,12.6,0.0,0.9,Unconfined,3.9,22.84
2025-05-29,Haveri,14.787750697183755,75.41720977907967,39.97,20.8,37.3,8.6,1157,788,Agricultural,Sandy,2.9,0.0,6.9,Unconfined,21.4,40.2
2020-12-01,Sirsi,14.62463193289612,74.83360597998514,11.37,4.3,26.0,5.5,836,54,Agricultural,Loam,24.9,0.0,6.8,Unconfined,49.5,12.05
2021-09-04,Kolar,13.145804714173416,78.11559003678998,14.35,98.7,29.1,5.9,1162,199,Urban,Clay,18.6,0.0,14.2,Confined,6.2,12.73
2024-06-26,Karwar,14.817586441515475,74.145895087991,38.6,168.5,26.8,6.4,987,415,Forest,Sandy,3.8,-0.17,3.5,Unconfined,26.8,35.84
2024-10-31,Udupi,13.329537657504025,74.75221756140378,14.68,80.3,31.2,9.3,211,710,Forest,Silty,16.2,0.83,10.3,Unconfined,23.2,13.69
2021-01-08,Davanagere,14.450070784529427,75.90316965984863,9.6,4.9,20.6,5.5,855,538,Urban,Clay,11.4,0.0,6.0,Unconfined,3.0,9.81
2023-01-19,Karwar,14.835294984951119,74.11159766279044,23.26,5.0,29.2,7.8,137,677,Agricultural,Loam,22.2,-0.38,8.1,Confined,12.1,23.71
2024-05-24,Gokak,16.17901681076228,74.8214369164652,24.83,10.5,41.5,10.2,295,250,Urban,Silty,23.9,0.0,5.7,Unconfined,9.8,25.23
2021-07-26,Hassan,13.000814426775747,76.11070017832505,28.2,129.3,29.1,6.3,1241,625,Urban,Silty,14.6,0.0,9.4,Confined,8.6,26.01
2022-01-16,Sringeri,13.441579058231286,75.24919157186777,32.48,1.9,20.7,5.5,572,11,Agricultural,Sandy,8.1,0.0,6.1,Confined,51.0,33.23
2025-06-21,Sagara,14.167651189154522,75.03298579322758,15.19,55.8,31.1,8.5,1355,117,Agricultural,Silty,9.4,0.0,14.7,Confined,28.9,14.79
2023-04-21,Hunasuru,12.300788232022114,76.27116972999994,13.76,33.9,39.0,8.0,149,797,Agricultural,Clay,10.7,0.0,1.7,Confined,56.6,14.05
2022-01-17,Haveri,14.807222037601429,75.40958210572022,31.97,11.0,24.8,7.3,299,414,Agricultural,Loam,3.0,0.0,11.6,Confined,38.7,32.5
2024-01-23,Tumakuru,13.341028386295468,77.09185632781359,13.19,17.2,29.8,6.2,168,106,Urban,Loam,16.8,0.0,14.6,Confined,4.1,13.2
2022-08-16,Kolar,13.13183452370936,78.14062500225533,21.01,208.3,29.1,6.6,750,786,Urban,Clay,20.1,0.0,0.2,Confined,4.5,17.22
2023-01-11,Raichur,16.212950559752997,77.35810428560306,7.43,1.4,23.9,6.3,1088,570,Urban,Loam,15.1,0.0,5.9,Confined,2.2,7.74
2025-08-17,Madikeri,12.421597300660745,75.74070388624308,33.21,105.1,30.3,6.8,636,315,Agricultural,Silty,15.8,0.0,5.4,Unconfined,56.6,32.01
2025-04-03,Anekal,12.694429293976265,77.68441599486655,28.06,22.5,32.4,8.5,863,586,Urban,Sandy,23.4,0.0,9.7,Unconfined,0.0,28.04
2022-12-25,Gokak,16.15423352392774,74.83099992781806,19.76,6.7,29.0,6.0,1463,760,Urban,Clay,9.8,0.0,11.5,Confined,4.2,19.97
2022-12-06,Gokak,16.156250456009698,74.84182784471537,5.55,7.9,20.5,5.8,1423,643,Urban,Silty,22.1,0.0,0.2,Confined,7.3,5.75
2022-01-26,Mangaluru,12.908962002146323,74.84549206084,30.41,17.4,24.7,5.0,217,355,Forest,Loam,8.0,-0.85,0.2,Unconfined,13.2,30.53
2022-09-18,Bengaluru North,13.019845937906599,77.60528257082781,35.1,150.2,26.6,5.7,1018,703,Urban,Clay,9.4,0.0,12.6,Confined,1.8,32.4
2023-09-12,Sringeri,13.421041379891761,75.23946497984745,26.93,128.3,31.2,7.5,1282,557,Agricultural,Clay,7.3,0.0,10.7,Confined,46.8,25.21
2021-01-17,Sakleshpura,12.98582384717193,75.77714424328893,12.05,4.6,26.7,7.5,795,316,Agricultural,Clay,17.1,0.0,14.4,Unconfined,52.2,12.86
2024-06-12,Chikkamagaluru,13.323017633145554,75.78876736438808,7.32,197.9,27.3,6.3,785,616,Agricultural,Loam,22.3,0.0,4.6,Confined,41.6,4.09
2022-01-25,Mandya,12.50467322344104,76.91566971451196,19.01,14.0,25.8,7.4,1239,336,Agricultural,Sandy,17.3,0.0,3.4,Unconfined,32.6,19.43
2025-03-01,Ballari,15.146400559850882,76.919587493239,31.66,21.6,39.5,8.5,169,190,Urban,Sandy,20.8,0.0,9.4,Confined,3.2,31.69
2022-04-20,Hassan,13.021019183397396,76.07825714637458,11.63,35.9,41.4,11.9,572,454,Urban,Clay,24.9,0.0,1.5,Unconfined,5.9,11.57
2023-03-26,Mangaluru,12.911470375468564,74.86116555190057,35.74,7.4,28.6,6.9,924,760,Agricultural,Sandy,22.2,-0.47,7.5,Unconfined,9.9,36.08
2024-08-18,Sagara,14.157648755247058,75.03385508532065,26.77,231.0,29.5,6.0,659,515,Agricultural,Clay,20.2,0.0,2.9,Confined,46.2,22.91
2022-03-27,Chitradurga,14.223234538234056,76.41024554927672,10.37,6.3,36.6,7.6,721,417,Urban,Clay,9.2,0.0,5.5,Confined,8.4,10.71
2021-10-11,Ballari,15.135776332960445,76.93626523693173,23.97,57.8,24.8,6.5,685,797,Urban,Loam,16.7,0.0,8.2,Confined,3.5,23.17
2025-04-11,Anekal,12.701673685339737,77.69473506722457,22.02,30.6,37.2,8.6,1412,525,Urban,Silty,3.7,0.0,2.7,Confined,3.9,21.88
2024-09-05,Hunasuru,12.30697066623123,76.28844855012885,7.8,153.8,24.9,6.9,1339,51,Agricultural,Sandy,20.6,0.0,4.4,Confined,43.6,5.5
2024-10-01,Doddaballapura,13.27579364029432,77.55766726317583,32.42,38.0,29.1,6.2,818,303,Agricultural,Sandy,10.8,0.0,8.4,Unconfined,32.5,32.3
2024-09-23,Gokak,16.16902364385441,74.84297394613426,7.8,105.0,30.8,8.9,110,444,Urban,Clay,15.4,0.0,1.7,Unconfined,7.6,6.22
2022-03-18,Madikeri,12.42104834661657,75.74611688064775,24.14,7.5,30.3,6.5,1235,287,Agricultural,Sandy,11.7,0.0,14.0,Confined,56.2,24.88
2025-05-12,Tumakuru,13.359177840429682,77.11212173826044,33.63,24.0,39.7,8.2,1304,81,Urban,Silty,3.1,0.0,8.4,Unconfined,8.2,33.64
2023-09-18,Haveri,14.759470975897884,75.41978113135889,7.09,139.1,27.3,6.5,1115,642,Agricultural,Loam,14.6,0.0,10.6,Confined,29.1,4.92
2023-03-20,Karwar,14.789828078571546,74.12366107354545,6.46,9.8,40.9,10.3,181,377,Forest,Silty,13.3,-0.56,12.2,Confined,10.7,6.94
2022-02-17,Davanagere,14.450874249442968,75.91589467611327,28.41,3.9,26.7,6.4,1180,366,Urban,Loam,9.6,0.0,8.2,Confined,4.4,28.7
2025-09-07,Kolar,13.132468522493655,78.13993524882127,39.45,183.2,28.0,6.4,1143,738,Urban,Loam,15.7,0.0,10.5,Unconfined,0.8,36.11
2022-03-30,Shivamogga,13.927171365643867,75.55830884990924,26.25,12.4,32.5,8.8,400,319,Urban,Clay,4.3,0.0,10.5,Confined,2.2,26.46
2022-12-26,Gokak,16.153265846784397,74.84365749002048,11.91,15.1,28.6,8.0,875,222,Urban,Sandy,14.4,0.0,9.6,Unconfined,8.5,12.09
2025-07-19,Chikkamagaluru,13.322111130653989,75.75567486905722,6.91,109.3,25.2,5.8,1300,589,Agricultural,Sandy,13.1,0.0,0.3,Confined,40.6,5.42
2024-01-20,Devanahalli,13.232038830914991,77.70402016646513,6.31,18.1,23.7,7.1,1259,625,Agricultural,Silty,20.8,0.0,11.3,Unconfined,46.3,6.77
2023-01-03,Puttur,12.77093858200327,75.21199553885356,21.74,0.0,22.5,6.3,424,714,Agricultural,Sandy,21.8,0.19,5.4,Unconfined,37.6,22.41
2022-04-18,Hunasuru,12.305926873026825,76.26343850730723,36.62,18.2,41.2,10.5,1314,369,Agricultural,Loam,20.6,0.0,6.3,Unconfined,22.9,37.01
2024-04-01,Davanagere,14.47111234291216,75.92598400620894,27.05,20.2,33.5,8.1,1131,133,Urban,Clay,17.5,0.0,3.2,Confined,7.2,27.12
2025-01-04,Chitradurga,14.224098082909233,76.38586676255883,8.88,16.6,21.5,5.5,921,463,Urban,Silty,11.6,0.0,11.3,Confined,6.2,8.88
2021-08-07,Shivamogga,13.93169891180521,75.55101030251645,18.26,119.1,28.8,6.7,1163,784,Urban,Silty,8.7,0.0,10.9,Unconfined,1.1,16.22
2021-07-30,Karwar,14.82184245041887,74.1273117598379,10.33,227.2,28.7,6.0,820,649,Urban,Silty,13.8,-0.81,8.5,Confined,16.0,6.33
2024-07-12,Sirsi,14.606511076540015,74.8459468955143,28.26,202.8,30.9,6.3,744,109,Agricultural,Silty,8.8,0.0,2.7,Confined,24.1,24.76
2024-07-05,Kundapura,13.634583883864728,74.69701679149281,6.8,224.0,26.5,6.7,558,420,Forest,Sandy,7.7,-0.11,7.2,Unconfined,11.6,2.78
2024-10-17,Hassan,12.997758113577804,76.1104314335466,9.52,95.1,32.8,7.6,227,325,Urban,Loam,14.0,0.0,8.0,Unconfined,2.3,8.02
2024-09-14,Sagara,14.167725939699746,75.037030095948,35.09,160.7,25.1,6.5,396,710,Agricultural,Sandy,11.0,0.0,14.9,Unconfined,26.4,32.47
2021-06-08,Anekal,12.718779379447959,77.70945517519638,16.86,209.7,29.3,7.4,842,502,Urban,Loam,23.4,0.0,5.9,Unconfined,1.1,13.05
2025-02-13,Gokak,16.168804294841117,74.82644186160961,17.99,0.8,29.8,8.1,1050,497,Urban,Loam,2.6,0.0,4.8,Unconfined,0.8,18.39
2024-06-28,Kollegala,12.144134653598952,77.10958405422895,10.58,52.6,25.1,5.0,1453,534,Agricultural,Clay,22.9,0.0,5.9,Unconfined,33.0,10.11
2023-03-02,Raichur,16.204630450685936,77.34767310489399,20.07,46.3,37.7,9.5,758,201,Urban,Silty,8.9,0.0,13.8,Unconfined,5.6,19.68
2024-09-30,Bagalkote,16.17905177478144,75.68783808505566,8.68,225.9,24.5,5.9,745,597,Urban,Loam,14.4,0.0,12.8,Confined,8.9,4.55
2023-01-21,Madikeri,12.425039874678323,75.75024966126101,9.37,16.5,29.2,7.6,814,450,Agricultural,Loam,6.0,0.0,6.7,Confined,59.5,10.02
2023-01-18,Hunasuru,12.30195272791157,76.28178768591782,38.16,5.3,23.1,4.9,176,457,Agricultural,Sandy,16.1,0.0,5.0,Unconfined,48.7,38.79
2023-09-13,Udupi,13.326574863291604,74.74180793030234,33.62,81.0,30.3,7.4,1239,12,Forest,Sandy,17.2,-0.35,11.3,Unconfined,27.9,32.68
2021-01-12,Chikkamagaluru,13.315611931482632,75.77244874160424,20.97,11.1,26.3,6.7,697,280,Agricultural,Clay,20.0,0.0,2.5,Unconfined,44.0,21.52
2025-02-07,Bengaluru North,13.041681063054057,77.59040334163068,15.31,15.9,24.1,5.8,955,742,Urban,Loam,14.2,0.0,11.4,Unconfined,3.5,15.32
2025-02-23,Karwar,14.814036304675147,74.14247247539961,13.62,4.5,20.0,4.6,1202,426,Agricultural,Silty,7.8,0.98,12.2,Confined,38.1,14.04
2024-07-25,Shivamogga,13.918321060010566,75.57114478991036,36.18,70.1,30.1,6.0,670,800,Urban,Clay,23.9,0.0,5.7,Confined,3.0,35.11
2023-03-29,Sagara,14.155945864794365,75.02813094312224,37.01,4.0,29.0,7.8,672,326,Agricultural,Silty,3.2,0.0,11.2,Unconfined,29.8,37.62
2024-02-27,Sakleshpura,12.938047942968103,75.78450003295477,13.39,14.9,20.4,4.5,601,186,Agricultural,Loam,6.9,0.0,9.4,Unconfined,39.5,13.71
2024-12-30,Bengaluru North,13.035115715052775,77.5946097854501,31.44,16.3,26.5,5.4,1458,292,Urban,Silty,22.1,0.0,14.8,Confined,1.5,31.4
2022-06-24,Sirsi,14.625047392051611,74.84166983061284,22.57,185.7,30.5,8.6,224,249,Agricultural,Clay,8.2,0.0,8.5,Unconfined,40.8,19.69
2025-03-24,Chikkamagaluru,13.316542596903549,75.79662782391644,16.35,35.0,37.3,9.6,1161,670,Agricultural,Loam,7.1,0.0,4.3,Unconfined,21.0,16.34
2024-03-07,Raichur,16.19988536366042,77.34532868574026,16.92,46.3,29.1,8.2,1125,26,Urban,Loam,11.5,0.0,15.0,Confined,3.5,16.44
2025-08-09,Bengaluru North,13.018935043317628,77.60031196383834,7.78,208.1,29.3,6.1,1250,252,Urban,Loam,15.5,0.0,7.9,Confined,4.4,3.97
2024-04-29,Bengaluru North,13.06340214039693,77.60361652301293,17.54,34.7,32.0,6.7,1418,476,Urban,Clay,5.6,0.0,11.7,Confined,2.9,17.21
2023-12-06,Sagara,14.161864018465678,75.03140091503022,19.87,9.3,23.5,5.5,845,103,Agricultural,Loam,5.2,0.0,9.1,Confined,41.0,20.37
2025-04-19,Bagalkote,16.197446029436467,75.68575006174193,19.34,32.1,35.0,9.5,1001,411,Urban,Sandy,7.5,0.0,11.2,Confined,9.4,19.27
2024-09-02,Badami,15.925064063625197,75.68015685860088,30.87,212.3,23.4,5.9,905,667,Agricultural,Loam,6.6,0.0,12.9,Confined,32.1,27.24
2022-10-01,Sirsi,14.623396902970065,74.82523592690136,26.49,28.9,33.4,7.7,383,404,Agricultural,Clay,2.6,0.0,10.6,Confined,31.2,26.61
2021-06-15,Yadgir,16.752347692099313,77.13497092145722,28.32,167.8,24.9,5.0,441,770,Agricultural,Silty,20.8,0.0,0.9,Confined,54.1,25.75
2023-07-30,Badami,15.931228429717263,75.67589633665315,18.82,125.3,23.9,6.4,1018,577,Agricultural,Clay,1.2,0.0,1.3,Unconfined,41.5,17.05
2021-10-02,Karwar,14.800579555145479,74.1253148136673,6.97,28.7,27.9,8.4,594,289,Forest,Loam,23.7,0.22,3.7,Confined,28.6,7.08
2022-11-20,Mangaluru,12.915283562762461,74.8545415047314,12.7,94.1,24.1,7.1,888,590,Forest,Silty,22.3,0.53,11.0,Unconfined,17.7,11.3
2022-11-01,Badami,15.919263966607263,75.67892603651312,20.94,47.3,28.1,6.6,1098,490,Agricultural,Clay,6.0,0.0,7.2,Confined,47.7,20.8
2022-12-16,Sakleshpura,12.960706829824545,75.79255174583321,24.22,3.7,26.4,6.3,159,169,Agricultural,Clay,7.6,0.0,12.7,Unconfined,56.1,25.02
2023-04-25,Sringeri,13.421685756804386,75.23995102370931,36.36,40.0,38.4,9.3,1377,206,Agricultural,Sandy,4.3,0.0,2.5,Confined,37.8,36.4
2025-05-13,Hassan,13.004753791429328,76.08971860512861,7.75,13.8,28.1,7.2,544,400,Urban,Silty,21.4,0.0,9.0,Unconfined,9.3,7.93
2024-04-22,Haveri,14.801223325842514,75.39672841975252,30.04,15.8,39.0,8.1,1098,270,Agricultural,Loam,11.8,0.0,12.8,Confined,58.2,30.71
2024-06-19,Kundapura,13.624934097308463,74.67023199216453,14.42,80.3,24.3,5.9,142,268,Urban,Loam,20.5,0.55,2.5,Unconfined,9.5,13.15
2024-05-19,Karwar,14.812134275285164,74.12789073766116,10.36,14.9,34.9,7.9,1184,615,Agricultural,Silty,2.5,-0.71,1.2,Confined,35.1,10.88
2021-01-22,Tumakuru,13.348395307770014,77.09731568077977,6.92,17.6,24.5,5.6,1489,24,Urban,Loam,2.5,0.0,1.1,Unconfined,5.1,6.9
2023-04-27,Bengaluru North,13.04395130598336,77.60727439018629,15.04,7.9,41.3,10.7,186,753,Urban,Loam,9.8,0.0,5.6,Unconfined,1.0,15.43
2024-03-13,Shivamogga,13.941609706874141,75.57365588051854,9.64,24.1,30.2,7.3,1100,79,Urban,Clay,14.6,0.0,0.7,Confined,4.3,9.57
2022-02-10,Ballari,15.131842456955463,76.91792482876825,11.29,8.0,26.7,7.1,810,513,Urban,Clay,9.3,0.0,11.9,Unconfined,9.9,11.58
2025-05-10,Anekal,12.698804680117357,77.69172214881118,38.13,44.0,37.7,9.1,1414,205,Urban,Silty,10.3,0.0,3.0,Unconfined,3.4,37.74
2024-05-15,Sringeri,13.407139717422023,75.23593179016974,15.9,14.3,41.5,11.4,318,633,Agricultural,Clay,15.2,0.0,14.4,Confined,45.4,16.64
2021-08-17,Sagara,14.15827612837402,75.04095787519178,10.9,53.0,27.1,6.7,1478,587,Agricultural,Silty,23.6,0.0,6.1,Unconfined,47.5,10.65
2022-05-24,Bagalkote,16.176342313805115,75.69603408976378,21.67,21.5,40.2,9.5,822,71,Urban,Loam,22.5,0.0,11.8,Unconfined,9.9,21.81
2025-08-02,Puttur,12.748719853113908,75.2133682369776,8.84,191.9,26.3,6.7,151,248,Urban,Sandy,6.2,-0.74,4.7,Confined,39.4,5.8
2023-02-13,Doddaballapura,13.28688771882774,77.5548718733323,23.34,2.9,23.6,6.3,755,95,Agricultural,Sandy,11.6,0.0,14.4,Unconfined,53.8,24.14
2020-12-20,Hassan,13.00236567404467,76.09217476017865,16.52,7.6,25.7,7.4,895,245,Urban,Silty,24.1,0.0,14.8,Unconfined,7.3,16.81
2024-07-27,Bengaluru North,13.038722965456849,77.6013262389614,11.07,77.9,31.9,8.9,381,462,Urban,Clay,4.6,0.0,3.7,Unconfined,3.0,9.99
2021-12-23,Raichur,16.205344814735824,77.33836459689267,38.75,17.0,24.2,5.4,167,615,Urban,Clay,20.0,0.0,13.5,Unconfined,9.5,38.77
2021-01-15,Puttur,12.761442502726453,75.22227527477172,10.58,20.0,20.9,5.9,415,407,Forest,Silty,10.9,0.2,9.1,Confined,17.2,10.63
2024-09-09,Shivamogga,13.946224374440444,75.5619943902641,19.26,182.1,30.5,7.8,196,594,Urban,Clay,11.1,0.0,11.2,Confined,8.1,16.09
2022-03-19,Bagalkote,16.192012288070515,75.70242156013272,38.59,42.9,30.0,7.5,202,164,Urban,Clay,12.5,0.0,10.8,Confined,8.9,38.2
2023-07-05,Anekal,12.697115361339815,77.68815506234185,36.53,201.7,22.9,4.9,375,524,Urban,Sandy,21.0,0.0,4.9,Unconfined,2.0,32.76
2023-04-20,Anekal,12.704177917538955,77.69576005871379,27.61,27.0,37.4,10.8,955,744,Urban,Silty,11.8,0.0,11.5,Unconfined,8.8,27.7
2021-05-05,Sirsi,14.639136525121122,74.84663973409722,10.34,48.4,35.1,7.8,674,340,Agricultural,Clay,11.7,0.0,7.1,Unconfined,40.1,10.16
2020-12-09,Hassan,13.015582310399909,76.11830302929538,16.99,13.4,22.2,5.7,989,693,Urban,Silty,2.1,0.0,9.0,Confined,0.8,17.01
2023-03-25,Shivamogga,13.942567487584524,75.55602386498641,33.71,19.9,33.8,8.8,1393,151,Urban,Loam,18.2,0.0,5.4,Confined,3.8,33.79
2021-06-22,Badami,15.928666927352475,75.67833683445821,21.33,129.5,31.2,8.3,1199,731,Agricultural,Sandy,24.4,0.0,6.2,Unconfined,52.3,19.68
2023-08-20,Mysuru,12.289602869506442,76.6401826695871,31.39,168.8,27.8,6.9,1097,691,Urban,Loam,17.7,0.0,11.2,Confined,2.1,28.38
2021-05-26,Kollegala,12.168161606289939,77.1167833289555,29.87,37.9,32.3,7.2,1406,495,Agricultural,Loam,14.8,0.0,13.2,Unconfined,56.3,30.04
2021-10-07,Hubballi,15.36942134952398,75.11247973201382,22.56,59.4,32.1,8.3,978,95,Urban,Silty,9.2,0.0,13.9,Unconfined,3.0,21.82
2024-02-05,Mysuru,12.311773211039084,76.63750678663598,37.45,1.6,29.2,7.6,890,463,Urban,Loam,7.3,0.0,2.4,Confined,4.5,37.84
2021-03-13,Haveri,14.787584231971358,75.40536758241818,25.65,15.2,37.9,11.3,423,283,Agricultural,Sandy,21.3,0.0,3.6,Confined,38.1,26.29
2022-09-03,Kundapura,13.640920132817454,74.69072599220345,35.53,131.6,28.6,8.6,491,367,Forest,Clay,10.6,0.99,9.4,Unconfined,6.9,33.3
2023-04-22,Badami,15.909147986522674,75.67561492258058,31.79,34.7,36.1,8.7,878,788,Agricultural,Sandy,20.3,0.0,13.7,Confined,40.0,31.93
2021-10-19,Mangaluru,12.917670257253404,74.84269834023546,29.73,44.0,28.7,7.8,158,95,Urban,Silty,14.1,-0.43,12.9,Confined,23.3,29.52
2021-01-05,Mandya,12.543167398682277,76.8994175228883,5.95,2.3,29.2,6.9,999,202,Agricultural,Silty,20.6,0.0,14.5,Unconfined,24.6,6.5
2022-06-12,Sanduru,15.085733480718734,76.5505005292486,20.79,147.4,29.7,8.0,460,481,Agricultural,Sandy,10.4,0.0,4.6,Confined,35.4,18.6
2025-06-15,Mandya,12.515342978192034,76.8870055116265,30.8,140.3,26.0,5.9,435,693,Agricultural,Clay,10.4,0.0,10.4,Confined,44.9,28.74
2025-03-08,Doddaballapura,13.288968825898449,77.54012831884948,34.71,6.7,40.0,10.8,442,432,Agricultural,Clay,2.8,0.0,10.8,Unconfined,30.5,35.42
2023-09-02,Puttur,12.751455343202892,75.2021749991728,15.38,139.4,22.2,5.6,135,212,Urban,Clay,9.9,-0.07,2.0,Confined,29.7,13.18
2023-12-18,Devanahalli,13.229676831718285,77.70532306005519,35.66,19.4,22.8,5.4,562,468,Agricultural,Sandy,23.3,0.0,12.0,Confined,52.1,36.06
2021-06-14,Kolar,13.145902727075846,78.12793065520255,8.23,186.3,26.7,6.7,328,69,Urban,Clay,13.9,0.0,5.1,Confined,9.6,4.93
2023-05-17,Kollegala,12.14666377824243,77.12747797855702,35.39,0.1,30.5,8.3,131,483,Agricultural,Clay,16.8,0.0,10.7,Unconfined,28.4,36.09
2024-08-20,Kolar,13.148669842731946,78.11671266773719,39.57,122.2,28.4,7.3,690,572,Urban,Loam,8.9,0.0,11.4,Confined,9.7,37.59
2023-04-17,Davanagere,14.46899125714415,75.92378633727515,30.18,20.7,34.4,7.1,519,701,Urban,Sandy,10.3,0.0,14.1,Unconfined,2.5,30.15
2023-05-07,Raichur,16.206805187979572,77.3428307645784,26.49,18.0,38.8,10.4,375,504,Urban,Sandy,5.6,0.0,8.4,Unconfined,1.7,26.67
2023-03-20,Haveri,14.785958055594884,75.40735742189304,30.41,10.7,31.5,9.1,378,216,Agricultural,Sandy,18.1,0.0,2.6,Unconfined,46.1,31.11
2021-05-09,Raichur,16.213525038776446,77.36041256655581,33.73,14.9,36.9,9.1,1218,777,Urban,Clay,17.3,0.0,9.7,Unconfined,0.0,33.89
2024-12-21,Kundapura,13.63956992653639,74.68939898896767,39.11,17.7,27.0,5.6,1426,47,Forest,Silty,6.6,-0.23,13.1,Unconfined,25.7,39.32
2024-02-08,Anekal,12.712860418490271,77.69376860742047,7.82,4.9,22.8,4.6,465,72,Urban,Loam,15.0,0.0,13.2,Unconfined,7.8,8.03
2022-02-15,Hubballi,15.353764176907799,75.13488991666705,17.49,6.1,24.9,5.1,713,674,Urban,Clay,14.7,0.0,14.6,Unconfined,8.3,17.71
2023-07-13,Hunasuru,12.302631901112703,76.27793058689032,11.67,104.6,25.0,5.3,530,106,Agricultural,Clay,8.9,0.0,8.0,Confined,28.8,10.13
2022-04-10,Kolar,13.135605893599378,78.14638415467094,18.56,41.7,32.8,7.1,170,177,Urban,Clay,12.2,0.0,4.8,Confined,0.2,18.08
2021-11-06,Hunasuru,12.303772922025384,76.292281441906,31.63,66.4,28.8,7.0,875,166,Agricultural,Sandy,21.1,0.0,1.6,Unconfined,51.0,31.16
2022-03-18,Karwar,14.819320456354546,74.13820475205394,21.76,4.5,40.3,11.5,598,485,Urban,Loam,21.3,-0.81,5.2,Confined,25.8,22.58
2020-09-25,Sakleshpura,12.974929658690453,75.78055917192219,13.71,57.7,30.5,8.2,517,554,Agricultural,Loam,12.8,0.0,11.6,Unconfined,38.2,13.35
2021-05-12,Kollegala,12.137452722409982,77.11741134437305,27.46,22.2,30.6,7.4,1423,578,Agricultural,Loam,7.9,0.0,0.8,Unconfined,39.7,27.78
2022-01-01,Ballari,15.137309161537795,76.9132879412027,11.43,6.1,21.7,4.6,357,568,Urban,Sandy,12.8,0.0,5.4,Confined,7.0,11.61
2021-06-06,Chikkamagaluru,13.302243474430476,75.78248711211245,38.95,142.0,27.2,6.0,302,437,Agricultural,Sandy,18.9,0.0,9.2,Unconfined,38.7,36.8
2022-02-25,Kundapura,13.624212675314833,74.69279760422717,15.79,17.5,22.6,6.1,268,232,Forest,Clay,6.3,0.64,11.8,Unconfined,11.7,15.8
2023-09-09,Kollegala,12.14082565505343,77.10566924489176,14.28,215.0,23.6,5.6,167,287,Agricultural,Loam,22.1,0.0,9.5,Unconfined,59.9,10.86
2023-09-28,Kollegala,12.135196245546673,77.11694160918371,17.99,157.1,28.6,7.9,1401,684,Agricultural,Silty,4.9,0.0,12.6,Unconfined,25.1,15.49
2021-01-30,Athani,16.715526744341226,75.04461711472482,17.89,18.8,23.6,6.7,1235,132,Agricultural,Silty,6.9,0.0,6.6,Confined,25.2,18.1
2024-10-13,Gokak,16.152384582687986,74.83735895293403,22.6,23.8,27.3,7.7,1187,541,Urban,Silty,6.7,0.0,7.6,Confined,4.4,22.55
2021-06-11,Chikkamagaluru,13.319848183162083,75.77859764942399,34.21,127.6,26.6,7.4,149,127,Agricultural,Sandy,10.1,0.0,12.6,Confined,41.1,32.44
2025-09-22,Devanahalli,13.214627679406501,77.68221943791099,15.49,110.0,31.2,7.1,788,361,Agricultural,Silty,11.9,0.0,3.6,Confined,24.1,13.89
2024-05-08,Doddaballapura,13.275255212736779,77.54344257227798,29.87,39.3,35.3,7.5,100,211,Agricultural,Silty,14.2,0.0,12.1,Unconfined,20.5,29.66
2023-05-19,Anekal,12.714211915862002,77.69821791377935,35.86,30.3,40.6,11.0,1093,323,Urban,Sandy,7.8,0.0,3.2,Unconfined,5.7,35.86
2021-07-19,Yadgir,16.75076154083291,77.13772267038522,10.77,200.5,27.8,5.7,567,332,Agricultural,Loam,6.9,0.0,5.7,Unconfined,30.3,7.35
2024-07-04,Chikkamagaluru,13.293272632852835,75.79897537969698,38.72,164.3,25.3,5.6,1266,717,Agricultural,Sandy,6.4,0.0,4.7,Confined,32.8,36.04
2022-09-03,Bagalkote,16.17435583688296,75.67793162112766,26.18,194.1,30.1,6.5,585,194,Urban,Sandy,5.7,0.0,13.5,Confined,0.3,22.63
2023-11-19,Athani,16.72042172896679,75.08269045959004,18.45,81.1,28.7,6.5,1073,116,Agricultural,Clay,20.7,0.0,10.7,Confined,41.2,17.56
2023-02-12,Bagalkote,16.17565598581255,75.70494680272458,20.02,1.4,20.8,4.9,1059,634,Urban,Loam,9.0,0.0,5.1,Confined,9.6,20.33
2024-08-08,Karwar,14.822335179700461,74.13755802789606,27.84,189.2,25.4,7.5,1149,230,Agricultural,Sandy,16.7,-0.04,7.3,Confined,34.0,24.78
2022-09-23,Shivamogga,13.926785833468841,75.55940922567616,12.77,70.3,28.8,8.5,107,762,Urban,Clay,9.6,0.0,14.7,Unconfined,8.4,11.87
2022-05-15,Sakleshpura,12.970728185958302,75.77914785162645,5.7,18.8,40.8,12.2,315,209,Agricultural,Loam,6.0,0.0,11.1,Confined,35.0,6.28
2022-12-19,Madikeri,12.43099280313529,75.73187280029448,28.68,19.1,27.5,7.7,532,593,Agricultural,Sandy,11.0,0.0,10.6,Confined,58.3,29.27
2022-12-24,Haveri,14.80757850197899,75.40922938482097,17.66,11.4,27.1,6.2,471,155,Agricultural,Sandy,22.4,0.0,0.6,Confined,20.2,17.94
2025-07-22,Madikeri,12.422543545339233,75.74282427510741,36.59,171.4,24.6,5.4,281,65,Agricultural,Silty,11.1,0.0,8.9,Confined,22.6,33.66
2021-10-20,Sringeri,13.423674954680461,75.26936734964184,15.29,55.4,24.7,6.9,332,214,Agricultural,Silty,23.5,0.0,3.5,Unconfined,57.3,15.1
2023-10-19,Athani,16.710786843187563,75.07777305929564,5.48,23.0,30.8,8.2,129,154,Agricultural,Sandy,24.9,0.0,1.2,Unconfined,26.9,5.7
2025-01-25,Kolar,13.124567381175334,78.14295192842857,31.68,7.4,22.6,4.9,979,487,Urban,Loam,24.1,0.0,8.0,Unconfined,2.4,31.8
2025-09-20,Bagalkote,16.19258586898326,75.69440269078866,8.05,226.1,22.9,6.2,633,267,Urban,Clay,5.6,0.0,7.6,Unconfined,7.2,3.91
2025-06-10,Sanduru,15.097865503824345,76.53854043249083,24.61,188.9,24.2,5.4,265,724,Agricultural,Silty,14.9,0.0,12.8,Confined,50.6,21.61
2025-02-03,Sirsi,14.620617989719214,74.83815195706022,24.81,9.8,22.0,5.4,647,645,Agricultural,Silty,14.3,0.0,4.1,Confined,54.5,25.43
2021-10-17,Doddaballapura,13.303877624187011,77.54755552097986,7.77,33.0,25.2,7.0,1483,213,Agricultural,Loam,19.0,0.0,4.2,Unconfined,53.7,8.0
2024-10-24,Sanduru,15.11231652073953,76.5548684514154,34.0,85.7,29.4,6.9,956,141,Agricultural,Loam,23.4,0.0,9.7,Unconfined,51.6,33.15
2021-10-01,Anekal,12.720202324232018,77.68976587066749,22.89,82.1,31.4,6.4,375,270,Urban,Loam,4.1,0.0,14.3,Confined,8.1,21.65
2024-02-08,Davanagere,14.464901559756917,75.9190719586502,17.34,5.3,23.5,6.6,1289,50,Urban,Sandy,16.3,0.0,2.9,Unconfined,4.0,17.6
2025-09-08,Chikkamagaluru,13.3170101807093,75.77868670490393,16.67,95.3,27.9,6.7,478,463,Agricultural,Sandy,10.8,0.0,11.5,Unconfined,57.5,15.67
2021-03-22,Tumakuru,13.336752539271217,77.1039823575255,39.92,13.7,38.3,8.6,1345,365,Urban,Loam,24.9,0.0,7.7,Unconfined,0.9,40.09
2021-09-15,Kollegala,12.169948892545705,77.13115222631674,17.42,225.0,28.2,8.4,825,456,Agricultural,Loam,18.9,0.0,0.2,Confined,46.2,13.8
2022-05-01,Ballari,15.139511199468096,76.91169588395618,35.11,1.9,34.5,7.7,458,395,Urban,Loam,9.4,0.0,9.7,Confined,1.2,35.47
2021-07-22,Doddaballapura,13.292232364828761,77.54792684136135,28.91,143.0,28.1,7.0,208,582,Agricultural,Sandy,11.0,0.0,1.7,Confined,27.8,26.68
2023-08-31,Shivamogga,13.920962544162018,75.57580742756647,12.68,97.8,28.6,7.3,1091,320,Urban,Clay,10.2,0.0,14.2,Confined,4.8,11.14
2023-01-03,Gokak,16.1461179159288,74.81238713953647,8.94,3.9,29.5,6.3,972,539,Urban,Clay,12.6,0.0,8.0,Confined,9.7,9.27
2024-08-08,Athani,16.728746813358025,75.05710335908233,23.19,211.9,27.1,6.8,160,56,Agricultural,Loam,6.5,0.0,13.4,Unconfined,51.3,19.81
2021-09-30,Mangaluru,12.894836887720933,74.87123779044335,13.44,124.8,29.0,8.1,783,445,Urban,Silty,9.1,-0.19,4.5,Unconfined,35.0,11.72
2024-12-18,Sringeri,13.403574439167574,75.25796410063226,29.86,18.7,29.0,8.3,397,338,Agricultural,Sandy,14.7,0.0,11.3,Confined,48.3,30.38
2023-03-12,Kundapura,13.625059869160294,74.68654565273529,13.84,32.0,41.0,9.8,1146,783,Agricultural,Silty,11.3,-0.94,10.4,Confined,8.3,13.87
2024-07-31,Chikkamagaluru,13.31125876190133,75.7502154677204,30.0,70.3,25.9,6.7,655,421,Agricultural,Loam,7.0,0.0,0.6,Confined,26.5,29.19
2024-07-13,Sringeri,13.430663661363349,75.23717436649635,31.73,118.7,26.7,6.8,1352,114,Agricultural,Silty,15.2,0.0,13.5,Confined,51.1,30.21
2022-05-08,Raichur,16.231044965591106,77.36257899755473,34.59,35.8,29.1,7.1,1366,217,Urban,Sandy,14.8,0.0,13.4,Confined,2.1,34.25
2022-03-05,Sagara,14.143727015972503,75.0261740883178,25.21,31.8,38.4,8.5,1354,422,Agricultural,Sandy,21.1,0.0,14.5,Unconfined,30.7,25.31
2025-04-11,Yadgir,16.764513392468047,77.13164049606931,27.16,35.8,38.1,9.1,1218,217,Agricultural,Clay,9.0,0.0,14.7,Unconfined,44.7,27.35
2021-09-06,Madikeri,12.42193850145131,75.73056466122361,12.54,117.5,28.0,8.2,1098,150,Agricultural,Clay,15.6,0.0,13.4,Unconfined,56.9,11.17
2020-11-27,Mangaluru,12.917670399397446,74.85677535418012,15.82,63.9,25.9,5.3,283,333,Forest,Loam,5.2,0.87,8.8,Confined,24.2,14.96
2021-08-10,Devanahalli,13.236717828794953,77.69928260756114,31.97,183.9,25.2,5.5,1179,366,Agricultural,Loam,13.0,0.0,0.5,Unconfined,33.0,28.9
2024-02-24,Tumakuru,13.311320483464009,77.08956464347884,25.67,1.2,26.7,7.7,225,198,Urban,Loam,5.4,0.0,13.2,Unconfined,3.8,26.07
2020-12-21,Yadgir,16.757722496328636,77.1424178294903,18.55,7.8,27.7,6.1,292,168,Agricultural,Silty,9.3,0.0,9.3,Unconfined,26.8,18.97
2025-05-09,Anekal,12.70717891595638,77.70361386979452,27.05,7.4,41.3,9.1,868,339,Urban,Loam,11.8,0.0,14.7,Confined,7.0,27.43
2023-11-23,Mysuru,12.285945931845442,76.6255258904226,38.61,72.8,32.3,7.5,982,265,Urban,Loam,4.7,0.0,7.4,Unconfined,4.5,37.57
2024-05-17,Chikkamagaluru,13.326333325208877,75.77344998819072,9.55,43.8,32.4,7.7,1385,741,Agricultural,Sandy,2.3,0.0,13.1,Confined,59.0,9.65
2025-05-14,Hassan,13.022742504881137,76.11619722191546,30.14,14.2,35.5,7.1,679,426,Urban,Silty,11.5,0.0,5.8,Confined,5.4,30.27
2025-02-21,Athani,16.738332035472062,75.07074669364009,5.34,11.7,27.8,7.1,734,282,Agricultural,Sandy,15.9,0.0,1.8,Confined,38.3,5.84
2022-06-25,Devanahalli,13.244066472992936,77.70531468830187,12.91,57.1,31.7,9.1,407,116,Agricultural,Silty,11.7,0.0,6.6,Confined,23.0,12.45
2024-02-01,Hubballi,15.35481593816733,75.09916906521813,24.64,11.2,25.1,6.9,722,191,Urban,Clay,17.4,0.0,0.8,Confined,8.7,24.85
2024-03-16,Haveri,14.809788319480608,75.39104300436108,32.64,31.8,33.1,9.8,539,548,Agricultural,Silty,5.2,0.0,11.0,Confined,27.5,32.77
2023-11-20,Puttur,12.761257152203061,75.20607169154178,27.53,96.8,26.3,7.4,839,606,Urban,Clay,18.1,0.56,3.8,Confined,15.3,26.06
2021-01-20,Kollegala,12.143315944156681,77.13396134123667,16.54,15.3,25.9,6.6,1315,287,Agricultural,Clay,6.9,0.0,13.4,Unconfined,48.9,17.05
2021-04-03,Raichur,16.198789586267555,77.3755389840168,23.63,45.8,33.8,7.4,312,776,Urban,Silty,24.1,0.0,12.8,Unconfined,9.2,23.18
2025-04-25,Sringeri,13.427652620076175,75.25308834689886,30.25,38.8,39.8,10.1,460,644,Agricultural,Silty,19.2,0.0,2.6,Confined,51.1,30.49
2022-04-03,Sanduru,15.090056292646205,76.54342809960283,5.75,15.3,32.7,6.6,697,358,Agricultural,Clay,10.9,0.0,12.8,Confined,58.5,6.36
2021-04-27,Bagalkote,16.180847748190303,75.69034531793942,12.95,19.3,34.4,7.0,823,244,Urban,Clay,4.5,0.0,2.0,Unconfined,8.1,12.99
2022-05-02,Sirsi,14.619688991216492,74.85289251158574,22.01,12.1,41.0,12.1,506,769,Agricultural,Loam,1.9,0.0,5.0,Confined,55.7,22.93
2020-12-22,Puttur,12.758103206244963,75.19838987950541,36.78,4.5,22.2,5.2,975,439,Forest,Silty,19.1,0.11,4.6,Unconfined,39.6,37.33
2021-04-05,Athani,16.734186975181494,75.0585679099012,18.75,48.4,29.9,7.4,100,172,Agricultural,Loam,15.3,0.0,13.0,Confined,58.5,18.74
2025-04-09,Tumakuru,13.356218857208484,77.0986293804274,7.11,49.8,38.1,9.3,434,364,Urban,Silty,19.6,0.0,2.2,Confined,7.5,6.65
2025-09-22,Chikkamagaluru,13.331637301710277,75.77756132548326,33.05,245.6,31.3,7.2,276,398,Agricultural,Loam,1.7,0.0,4.2,Unconfined,29.7,28.79
2022-07-03,Hassan,13.016271869648325,76.10213005966052,13.06,186.6,31.7,7.0,818,177,Urban,Clay,1.1,0.0,11.3,Unconfined,0.4,9.68
2022-05-09,Davanagere,14.461214974704877,75.92053371521418,12.42,49.7,33.7,9.7,1335,42,Urban,Clay,16.5,0.0,3.1,Unconfined,2.7,11.94
2024-02-05,Madikeri,12.426155048632307,75.73896426227621,7.88,13.7,29.3,6.6,846,738,Agricultural,Sandy,6.7,0.0,10.1,Confined,39.5,8.33
2024-03-03,Ballari,15.133895787161983,76.91036745235338,27.37,31.8,31.4,6.9,259,667,Urban,Loam,24.4,0.0,6.1,Unconfined,8.7,27.17
2023-07-27,Yadgir,16.763371942759704,77.14666172530295,39.55,123.6,26.3,5.8,691,136,Agricultural,Clay,10.2,0.0,0.2,Unconfined,56.3,37.93
2021-10-12,Sagara,14.183816748875351,75.01578823476163,38.17,38.7,26.8,5.5,1127,778,Agricultural,Silty,7.9,0.0,12.6,Unconfined,51.0,38.18
2024-03-31,Badami,15.943516079808404,75.67090412295353,6.45,9.1,32.6,7.6,598,589,Agricultural,Clay,11.3,0.0,13.2,Unconfined,35.5,7.0
2022-05-23,Sirsi,14.620285572457977,74.82310734165478,5.41,5.0,41.5,9.7,1480,377,Agricultural,Clay,9.0,0.0,8.8,Confined,50.3,6.3
2025-08-10,Karwar,14.786742402926967,74.12888969744591,38.69,151.8,27.3,7.9,118,487,Urban,Clay,1.7,0.67,13.2,Confined,20.6,36.19
2021-11-16,Mandya,12.526121592946996,76.88080096084661,14.34,65.9,33.3,8.2,1349,523,Agricultural,Silty,5.8,0.0,13.5,Unconfined,52.2,13.95
2025-04-09,Raichur,16.201473459124482,77.34463214106786,11.52,18.8,37.9,7.8,1391,514,Urban,Sandy,18.1,0.0,8.2,Unconfined,1.9,11.55
2023-12-28,Madikeri,12.432694580764876,75.75710087373213,35.4,19.6,23.4,6.9,313,372,Agricultural,Silty,22.2,0.0,12.5,Unconfined,38.5,35.74
2025-04-20,Doddaballapura,13.288238191829278,77.53522353702006,28.91,37.9,32.0,7.6,279,46,Agricultural,Silty,12.0,0.0,13.5,Unconfined,23.5,28.77
2024-08-31,Badami,15.915034323254158,75.68384737022615,34.79,142.3,25.0,6.3,1137,647,Agricultural,Clay,13.8,0.0,7.3,Unconfined,54.0,32.8
2022-05-09,Bengaluru North,13.038733095357298,77.59285879478574,28.01,28.1,34.3,9.2,1029,58,Urban,Loam,17.6,0.0,1.8,Confined,9.4,28.0
2022-07-08,Anekal,12.703142915154865,77.71012566052006,21.2,197.4,30.2,7.0,336,319,Urban,Loam,24.2,0.0,0.9,Unconfined,6.2,17.66
2021-11-10,Sakleshpura,12.966162047334903,75.79271808821817,15.59,44.8,29.9,8.9,457,512,Agricultural,Silty,6.7,0.0,7.7,Unconfined,27.6,15.41
2025-04-08,Raichur,16.20604529197619,77.34394499669513,30.67,28.7,28.6,7.1,803,491,Urban,Sandy,3.9,0.0,10.9,Confined,9.0,30.54
2022-03-20,Udupi,13.331192240087375,74.77168938703784,13.7,30.6,41.1,11.6,251,229,Agricultural,Clay,3.5,-0.85,12.7,Confined,16.9,13.92
2023-05-05,Sagara,14.159605989749794,75.00202597964868,16.9,21.9,30.9,8.0,630,186,Agricultural,Sandy,19.4,0.0,12.8,Unconfined,56.0,17.42
2023-10-02,Sirsi,14.626471599426596,74.83745601863161,29.05,72.5,29.0,8.1,303,220,Agricultural,Clay,9.4,0.0,12.0,Confined,39.7,28.4
2021-08-08,Bagalkote,16.176604850813483,75.69799096648855,33.94,166.6,25.9,5.2,618,656,Urban,Clay,9.2,0.0,4.4,Confined,1.7,30.88
2023-12-15,Doddaballapura,13.303553823617765,77.55979812699108,23.85,0.5,22.6,5.0,824,263,Agricultural,Sandy,22.8,0.0,9.1,Confined,58.7,24.68
2024-12-06,Raichur,16.21170042295819,77.35260240631065,18.69,11.2,23.8,4.9,646,558,Urban,Clay,6.6,0.0,14.0,Confined,2.1,18.73
2020-11-22,Sringeri,13.434910979999298,75.24812729058236,34.24,25.5,25.5,7.1,785,28,Agricultural,Loam,23.3,0.0,10.9,Confined,37.9,34.46
2022-01-29,Mangaluru,12.9165505388303,74.86065586334954,13.63,0.4,26.3,7.3,1258,91,Agricultural,Sandy,7.4,0.64,3.8,Unconfined,18.2,14.11
2022-09-27,Sirsi,14.617218151558713,74.82835530216258,28.57,246.8,23.4,6.6,497,728,Agricultural,Loam,15.6,0.0,12.5,Unconfined,45.1,24.41
2023-10-25,Hassan,13.002061205490346,76.11476561166508,8.31,75.4,28.4,6.8,832,163,Urban,Clay,2.1,0.0,5.6,Confined,5.0,7.19
2024-07-18,Bengaluru North,13.032697092448608,77.59205626927691,31.1,71.4,31.0,7.7,699,181,Urban,Silty,7.2,0.0,12.1,Unconfined,3.7,30.09
2022-08-05,Sanduru,15.097751375457356,76.54737073787419,11.08,64.8,27.5,6.7,445,105,Agricultural,Clay,11.7,0.0,7.9,Unconfined,53.6,10.66
2024-11-04,Sanduru,15.089040065948451,76.55318231054726,37.93,45.9,31.8,7.2,1005,701,Agricultural,Sandy,15.8,0.0,13.3,Unconfined,32.8,37.7
2021-06-07,Madikeri,12.424313685147133,75.74302046525743,29.39,203.6,28.4,5.8,795,606,Agricultural,Sandy,23.1,0.0,1.9,Confined,46.4,26.07
2023-02-27,Bengaluru North,13.019948612279949,77.61753659194821,34.16,9.0,28.6,8.6,1420,374,Urban,Sandy,21.1,0.0,9.3,Confined,3.9,34.45
2023-10-01,Karwar,14.800914935544114,74.13751674951347,11.44,82.0,27.2,6.4,1379,342,Agricultural,Sandy,14.0,-0.28,8.0,Confined,39.2,10.54
2022-11-30,Athani,16.72720179078638,75.07385169995483,29.58,56.2,26.4,5.9,1256,184,Agricultural,Loam,8.4,0.0,1.9,Confined,22.7,28.98
2021-08-25,Haveri,14.78323413082395,75.41687008863822,21.26,76.8,27.5,7.2,1433,251,Agricultural,Clay,16.9,0.0,12.1,Unconfined,39.7,20.48
2022-05-13,Bengaluru North,13.032632301955806,77.59571607947977,22.23,29.9,37.2,8.9,672,531,Urban,Silty,16.8,0.0,12.0,Unconfined,4.6,22.12
2024-09-29,Sanduru,15.093158443259956,76.52799057024782,26.26,90.0,23.9,5.3,470,468,Agricultural,Sandy,18.0,0.0,1.7,Unconfined,49.0,25.21
2020-10-26,Hubballi,15.365135162302797,75.1329412759792,30.78,40.2,31.1,7.7,222,423,Urban,Clay,5.2,0.0,1.7,Confined,0.7,30.37
2022-11-15,Bagalkote,16.199408789534417,75.69515131313774,24.89,46.6,24.8,5.9,148,99,Urban,Clay,20.8,0.0,10.8,Unconfined,3.7,24.29
2021-05-02,Puttur,12.739326183024518,75.20566980601905,10.54,2.5,39.5,11.2,282,600,Urban,Silty,15.7,0.49,6.3,Confined,26.8,11.27
2023-07-03,Athani,16.745505562518698,75.07438600290236,27.89,98.2,22.9,5.3,343,43,Agricultural,Sandy,1.8,0.0,13.8,Confined,45.1,26.64
2021-10-07,Sanduru,15.101576313172766,76.53691817645876,20.95,39.4,30.3,8.7,912,100,Agricultural,Sandy,23.6,0.0,6.7,Confined,39.8,20.99
2021-06-19,Raichur,16.2071783522906,77.33862527433334,5.31,96.0,26.7,6.4,1053,73,Urban,Sandy,17.6,0.0,12.0,Confined,5.1,3.76
2023-11-20,Karwar,14.835371909207646,74.12347186147183,18.59,42.5,24.3,5.4,1135,247,Agricultural,Loam,10.7,0.08,14.1,Confined,8.7,18.09
2020-11-01,Devanahalli,13.216657348257005,77.69728961573334,32.04,28.7,25.6,7.6,827,110,Agricultural,Loam,2.9,0.0,14.1,Confined,58.9,32.43
2022-08-23,Devanahalli,13.2254256392586,77.6925330712431,36.02,169.7,24.6,6.8,1009,625,Agricultural,Clay,15.1,0.0,11.6,Confined,27.9,33.25
2021-05-24,Shivamogga,13.928365634113446,75.57630265909066,6.77,13.8,29.0,8.6,728,113,Urban,Loam,14.4,0.0,10.3,Unconfined,4.1,6.96
2024-01-25,Madikeri,12.435829415076961,75.7144539912309,26.54,17.6,23.2,5.1,222,724,Agricultural,Silty,12.5,0.0,1.0,Confined,23.3,26.68
2022-03-25,Anekal,12.703151603391323,77.70673520926451,21.53,22.1,41.9,9.9,278,417,Urban,Sandy,1.1,0.0,4.9,Unconfined,5.6,21.64
2022-12-25,Kolar,13.11576272424716,78.14170131332891,26.32,7.4,21.5,4.7,324,71,Urban,Clay,13.2,0.0,5.4,Confined,3.5,26.44
2022-01-17,Mandya,12.512683944527588,76.90217006604416,38.2,11.4,27.7,7.6,1385,624,Agricultural,Clay,5.1,0.0,7.4,Unconfined,20.5,38.56
2022-05-26,Anekal,12.7081146701181,77.70162385275098,24.68,20.9,33.5,9.1,541,88,Urban,Sandy,2.9,0.0,6.9,Confined,0.3,24.72
2021-03-27,Hunasuru,12.32677020952072,76.28100071624031,22.59,29.9,32.2,8.3,121,116,Agricultural,Clay,8.1,0.0,3.6,Confined,46.7,22.87
2024-01-09,Ballari,15.1445753005386,76.907126092989,36.08,11.1,22.1,4.6,1321,188,Urban,Clay,15.9,0.0,5.3,Unconfined,2.4,36.11
2025-01-08,Badami,15.914870195700072,75.68877017018652,8.44,3.1,24.6,6.1,602,142,Agricultural,Sandy,14.1,0.0,4.5,Unconfined,33.6,9.02
2023-04-05,Ballari,15.136298653954224,76.91697341384797,16.77,8.2,38.4,10.1,310,214,Urban,Loam,15.4,0.0,9.7,Unconfined,2.1,17.13
2024-03-27,Badami,15.911347318863966,75.69579202766087,19.42,38.5,39.3,8.1,1148,794,Agricultural,Loam,13.1,0.0,6.6,Unconfined,55.5,19.61
2024-09-09,Chikkamagaluru,13.3046977712062,75.79199671554959,37.82,197.6,27.1,7.4,1157,126,Agricultural,Loam,13.4,0.0,2.2,Unconfined,49.4,34.73
2024-09-04,Sringeri,13.413191271395506,75.24629131481187,18.97,239.2,26.7,6.2,404,90,Agricultural,Loam,16.7,0.0,5.3,Unconfined,22.3,14.72
2023-01-13,Udupi,13.33420423013028,74.73043788447131,14.47,10.0,28.3,8.0,1017,547,Agricultural,Clay,12.1,0.47,4.2,Unconfined,32.6,14.95
2024-12-14,Tumakuru,13.337883741718846,77.09615789791651,21.56,9.8,20.4,5.7,251,466,Urban,Clay,22.7,0.0,0.4,Unconfined,3.7,21.69
2025-05-17,Gokak,16.163498956233784,74.82288355231671,18.72,12.1,34.4,7.0,871,738,Urban,Silty,4.6,0.0,2.7,Confined,8.9,18.92
2021-11-18,Athani,16.71289019557683,75.04687658512881,12.66,90.2,33.6,8.4,988,296,Agricultural,Silty,24.8,0.0,2.7,Confined,49.7,11.77
2024-12-25,Chikkamagaluru,13.326924022863622,75.78299574395722,21.86,18.9,29.4,6.2,150,482,Agricultural,Loam,24.9,0.0,9.3,Unconfined,33.7,22.13
2022-04-03,Tumakuru,13.323047675104936,77.09166807655232,11.72,30.9,36.9,8.3,1126,325,Urban,Silty,9.3,0.0,4.2,Confined,9.1,11.61
2025-03-21,Tumakuru,13.338897575763093,77.10470240562049,24.61,1.2,37.9,7.9,1239,79,Urban,Loam,10.3,0.0,8.4,Unconfined,6.8,25.05
2023-11-10,Gokak,16.168928146787792,74.83575233083971,19.35,36.8,26.2,6.4,252,53,Urban,Sandy,24.4,0.0,5.7,Unconfined,7.0,19.0
2024-04-17,Gokak,16.16289771411495,74.82797730976986,9.04,21.6,39.9,11.7,1480,304,Urban,Clay,2.1,0.0,1.5,Confined,6.4,9.26
2024-10-17,Mysuru,12.290351617207554,76.63727077024807,22.28,80.3,28.9,7.2,570,601,Urban,Silty,23.9,0.0,10.2,Confined,9.5,21.13
2025-06-08,Chikkamagaluru,13.31456472270351,75.79365833781465,23.3,94.0,31.4,7.7,532,452,Agricultural,Sandy,19.6,0.0,12.8,Confined,34.0,22.15
2025-08-20,Kolar,13.152538555094987,78.1450974754252,8.93,141.0,24.5,6.7,830,713,Urban,Loam,14.0,0.0,11.8,Confined,1.6,6.46
2025-07-02,Puttur,12.754594677962103,75.20167664612356,28.51,115.1,27.3,7.1,673,583,Agricultural,Sandy,17.0,-0.79,5.0,Confined,9.5,26.74
2024-09-10,Yadgir,16.784754437508848,77.1471478650743,32.72,205.4,30.7,6.9,1070,39,Agricultural,Sandy,10.0,0.0,10.6,Confined,25.2,29.21
2024-05-06,Shivamogga,13.92732205205289,75.5688707087789,38.74,7.7,35.8,9.2,221,27,Urban,Loam,23.0,0.0,2.3,Confined,5.6,39.1
2022-01-15,Sagara,14.15682594440994,75.02669420828703,28.48,18.0,21.2,5.6,992,161,Agricultural,Sandy,5.1,0.0,0.7,Unconfined,30.1,28.7
2024-09-12,Sirsi,14.622365831561856,74.84616449608284,21.08,110.4,30.5,8.2,1341,279,Agricultural,Clay,2.5,0.0,6.8,Unconfined,57.7,19.86
2023-01-12,Gokak,16.170042118992868,74.83114327609157,13.74,8.5,21.9,5.2,391,525,Urban,Clay,8.0,0.0,13.1,Confined,2.9,13.86
2025-06-10,Kolar,13.118723457537397,78.13248640341114,28.53,54.8,30.0,7.7,1041,372,Urban,Silty,21.7,0.0,9.4,Confined,6.0,27.88
2023-02-14,Kundapura,13.652297129279805,74.6840590871566,39.85,7.6,20.3,6.1,932,325,Agricultural,Clay,7.1,-0.29,1.0,Confined,36.7,40.4
2021-12-22,Chitradurga,14.211480901406418,76.3908897400558,27.82,5.5,20.9,5.0,531,715,Urban,Clay,17.3,0.0,5.7,Unconfined,6.0,28.02
2022-12-16,Puttur,12.769942561036983,75.2172095024426,36.98,4.1,20.7,4.7,1268,761,Agricultural,Clay,2.5,0.3,0.5,Unconfined,30.6,37.41
2022-12-17,Sakleshpura,12.970347836354641,75.76774308736984,8.3,15.9,27.0,7.3,803,757,Agricultural,Clay,4.3,0.0,12.9,Confined,46.0,8.81
2024-01-20,Ballari,15.142753646532938,76.92217968187818,15.87,5.5,25.8,7.3,1485,493,Urban,Loam,19.0,0.0,12.6,Confined,6.8,16.19
2024-09-20,Raichur,16.202590320107,77.37315729758505,11.59,121.3,26.6,5.7,838,579,Urban,Silty,16.5,0.0,8.1,Confined,1.4,9.46
2023-03-10,Hassan,13.014190869144663,76.10978421254087,38.09,11.7,35.1,8.4,1193,326,Urban,Loam,10.3,0.0,12.3,Confined,3.6,38.31
2023-08-29,Shivamogga,13.928230252335991,75.57174664933818,23.3,134.6,23.2,6.0,728,654,Urban,Clay,18.2,0.0,9.4,Unconfined,2.0,20.93
2024-10-05,Sagara,14.173585748346857,75.02346014895114,19.64,93.6,29.3,8.4,1108,600,Agricultural,Sandy,11.9,0.0,10.2,Unconfined,49.0,18.68
2025-03-01,Chitradurga,14.22404940270675,76.4143577739595,31.43,23.7,30.9,6.9,571,62,Urban,Loam,20.6,0.0,0.3,Unconfined,2.4,31.32
2024-05-01,Bengaluru North,13.017635748904667,77.60718152027682,11.67,34.9,37.0,10.3,1332,189,Urban,Sandy,10.8,0.0,5.7,Confined,9.8,11.59
2022-02-21,Yadgir,16.761968462715522,77.15451557315988,6.58,10.2,29.7,7.9,1485,627,Agricultural,Loam,5.5,0.0,12.5,Confined,54.0,7.31
2023-02-20,Sringeri,13.40605392697593,75.24395919073226,27.85,5.5,26.6,7.5,1295,325,Agricultural,Sandy,14.4,0.0,1.3,Confined,54.2,28.66
2021-08-16,Chitradurga,14.230618945542622,76.40256088487138,38.76,197.9,22.6,5.7,1409,654,Urban,Loam,5.7,0.0,5.8,Unconfined,0.6,35.09
2025-06-01,Hunasuru,12.317807370708854,76.28089127042544,25.18,58.9,28.0,6.2,1033,583,Agricultural,Silty,3.3,0.0,2.1,Unconfined,33.9,24.65
2025-04-27,Athani,16.732762309394325,75.0820184145723,12.09,40.5,35.7,8.4,791,21,Agricultural,Loam,6.9,0.0,12.2,Unconfined,43.6,12.14
2023-07-24,Hubballi,15.347641936732076,75.13165719990678,38.72,136.3,23.8,6.0,484,588,Urban,Loam,14.6,0.0,10.6,Confined,7.5,36.37
2021-12-05,Bengaluru North,13.029665757272678,77.6053322160692,34.43,19.6,20.9,6.1,173,206,Urban,Silty,24.3,0.0,10.3,Confined,7.7,34.42
2025-02-03,Sirsi,14.607001741071565,74.8137299734685,38.92,18.5,27.7,7.6,1134,209,Agricultural,Sandy,6.2,0.0,1.1,Unconfined,50.9,39.44
2020-12-02,Sagara,14.167374505933202,75.02409072406046,33.43,6.1,26.4,5.3,601,259,Agricultural,Loam,7.4,0.0,12.5,Unconfined,39.4,33.97
2020-12-24,Gokak,16.170633699624116,74.83714221801233,20.3,13.3,27.0,8.1,971,723,Urban,Clay,19.7,0.0,8.6,Unconfined,3.8,20.48
2024-05-02,Chitradurga,14.220735613185017,76.40698106693058,7.23,33.9,30.7,8.3,604,784,Urban,Sandy,18.2,0.0,13.7,Unconfined,5.7,7.02
2023-11-15,Davanagere,14.464389206030232,75.90134249963995,38.32,63.6,26.6,6.2,618,532,Urban,Clay,14.3,0.0,10.8,Confined,7.5,37.43
2022-11-07,Mysuru,12.285840102507445,76.6302853708734,13.21,61.5,33.9,8.9,1006,341,Urban,Silty,12.6,0.0,2.5,Unconfined,9.2,12.52
2025-01-28,Devanahalli,13.239768893755551,77.72297521889887,11.09,15.6,21.0,4.9,1339,352,Agricultural,Loam,21.8,0.0,14.3,Unconfined,22.4,11.25
2022-04-24,Sirsi,14.609429959797367,74.83671039963977,19.76,20.7,33.4,8.3,327,161,Agricultural,Loam,16.0,0.0,13.3,Confined,59.8,20.36
2023-09-19,Raichur,16.209525200441032,77.37486263779124,37.34,148.2,24.8,5.4,560,345,Urban,Sandy,18.3,0.0,3.4,Confined,10.0,34.75
2020-10-04,Haveri,14.795240957901603,75.40670765302431,18.95,96.6,25.7,7.2,159,591,Agricultural,Loam,6.1,0.0,0.8,Unconfined,54.0,17.92
2025-07-07,Tumakuru,13.325463620023994,77.1121377327588,16.41,237.9,26.3,7.7,1089,519,Urban,Loam,8.0,0.0,14.1,Confined,3.0,12.07
2021-09-24,Karwar,14.80242150462264,74.11038315629058,39.23,81.2,30.5,9.1,230,546,Urban,Clay,14.7,-0.63,5.9,Confined,24.8,38.37
2022-04-24,Doddaballapura,13.273642919121277,77.52709166686154,20.27,39.0,32.9,8.0,1193,582,Agricultural,Silty,10.1,0.0,5.3,Confined,22.5,20.11
2022-04-14,Kundapura,13.628910353204239,74.69653734897578,20.91,34.2,33.5,9.6,252,306,Urban,Silty,19.7,-0.11,8.3,Confined,10.9,20.83
2023-06-11,Kollegala,12.157032654394595,77.11606793001832,6.19,116.3,23.6,6.8,1470,787,Agricultural,Sandy,15.8,0.0,3.9,Confined,25.7,4.46
2020-10-22,Hassan,13.023981349413058,76.1044356013531,20.81,35.3,28.6,6.7,791,750,Urban,Silty,3.1,0.0,7.8,Confined,4.7,20.49
2025-07-03,Athani,16.71958901417712,75.05855123845213,33.02,87.8,24.2,5.1,847,420,Agricultural,Sandy,9.7,0.0,1.4,Confined,25.9,31.78
2025-04-05,Davanagere,14.472820883636773,75.91085912937477,34.88,11.8,34.3,9.2,1304,52,Urban,Loam,8.4,0.0,7.7,Unconfined,4.0,35.14
2021-02-15,Ballari,15.145770907094883,76.90467009273905,36.31,14.3,27.4,7.0,1463,658,Urban,Silty,12.4,0.0,9.6,Confined,5.0,36.42
2024-04-10,Ballari,15.139857465333286,76.92398215392093,27.68,46.5,30.8,8.1,1121,727,Urban,Clay,17.1,0.0,0.7,Unconfined,2.5,27.18
2025-07-21,Sanduru,15.10392053488288,76.55903224801115,8.37,155.0,28.2,5.7,952,481,Agricultural,Clay,3.8,0.0,10.7,Unconfined,23.3,5.79
2024-06-27,Bagalkote,16.19228703801501,75.69874683295578,27.91,240.5,23.8,4.9,695,492,Urban,Clay,19.5,0.0,12.1,Confined,3.5,23.38
2021-01-12,Hunasuru,12.295587566244116,76.26780378076059,30.34,2.5,25.5,6.3,674,524,Agricultural,Loam,5.6,0.0,11.0,Confined,34.7,30.95
2021-04-04,Bagalkote,16.1984126676798,75.6978099793498,11.83,21.2,28.2,6.5,557,229,Urban,Sandy,5.4,0.0,11.0,Unconfined,4.5,11.78
2023-02-05,Badami,15.920456144760836,75.6939445396117,26.27,16.4,29.1,8.1,1139,624,Agricultural,Silty,14.4,0.0,6.4,Confined,34.8,26.7
2021-08-04,Mandya,12.523003835281836,76.89920828215833,27.17,133.7,27.8,6.9,1357,89,Agricultural,Clay,6.5,0.0,9.7,Unconfined,50.1,25.34
2024-03-04,Madikeri,12.421449530722928,75.74827380749619,36.96,26.4,35.6,8.0,414,462,Agricultural,Silty,8.5,0.0,8.2,Confined,36.6,37.2
2024-02-22,Tumakuru,13.33923072494098,77.10250936257759,8.4,3.2,20.6,4.7,1170,505,Urban,Silty,16.5,0.0,5.9,Unconfined,8.1,8.65
2020-12-26,Kollegala,12.160308424857767,77.13550407338694,18.02,18.4,23.2,6.8,439,425,Agricultural,Sandy,10.9,0.0,2.1,Confined,27.6,18.27
2022-02-23,Anekal,12.70486296928854,77.69758107029169,28.87,6.7,22.0,4.8,1042,91,Urban,Loam,7.2,0.0,1.8,Confined,5.7,29.03
2021-12-12,Raichur,16.204481403404245,77.34763018082604,9.72,10.1,20.3,5.6,1095,214,Urban,Sandy,16.1,0.0,6.4,Unconfined,1.3,9.81
2022-07-01,Ballari,15.133714670962132,76.91873254790728,31.17,70.2,30.7,6.4,187,558,Urban,Clay,15.2,0.0,4.9,Confined,0.3,30.09
2025-03-25,Bagalkote,16.17451624497486,75.6743278228919,17.48,39.8,41.1,10.2,437,299,Urban,Loam,1.5,0.0,3.7,Confined,7.7,17.27
2023-12-31,Anekal,12.702053943703703,77.69539990484431,21.97,3.5,27.7,7.5,1269,28,Urban,Silty,10.1,0.0,12.4,Confined,2.5,22.3
2023-10-16,Bagalkote,16.18887371035,75.68781856935388,28.92,21.4,28.9,7.5,138,296,Urban,Silty,3.7,0.0,6.7,Unconfined,0.6,28.87
2021-11-28,Sringeri,13.431576213051272,75.24165256863105,16.53,83.8,31.5,7.3,1298,152,Agricultural,Sandy,9.3,0.0,14.1,Unconfined,38.3,15.6
2022-09-18,Bengaluru North,13.05038052851656,77.60034339794824,19.58,99.0,22.8,5.2,104,29,Urban,Loam,11.6,0.0,7.6,Unconfined,0.4,17.86
2023-01-11,Kollegala,12.171185404453658,77.11861605812283,25.54,2.4,22.8,6.5,392,406,Agricultural,Loam,21.4,0.0,11.5,Unconfined,32.5,26.14
2023-05-31,Ballari,15.141014720791071,76.91955819714869,13.86,38.4,34.6,7.8,276,307,Urban,Sandy,23.8,0.0,6.9,Unconfined,0.4,13.49
2021-11-24,Gokak,16.157594064614333,74.83313056277763,29.84,52.2,32.3,9.4,201,554,Urban,Loam,24.0,0.0,8.7,Confined,2.4,29.29
2020-10-01,Karwar,14.831818657448354,74.1302869880566,16.21,29.6,30.6,6.4,757,506,Urban,Clay,6.4,0.93,5.3,Unconfined,37.3,16.22
2024-10-21,Sirsi,14.621333347062157,74.83631539627869,24.2,72.6,28.3,8.4,807,592,Agricultural,Sandy,9.0,0.0,0.9,Unconfined,50.6,23.67
2022-04-02,Athani,16.712113023358206,75.05860763941459,12.31,21.4,39.0,11.2,825,646,Agricultural,Silty,4.0,0.0,11.4,Confined,45.1,12.89
2024-10-30,Udupi,13.314676401412534,74.76185508853092,35.77,97.5,25.8,5.3,592,738,Urban,Sandy,5.0,0.9,8.3,Confined,33.0,34.32
2024-05-15,Kollegala,12.150290479115613,77.12052409665466,32.37,48.6,28.9,6.4,580,14,Agricultural,Sandy,20.0,0.0,3.6,Unconfined,22.5,31.94
2024-03-08,Sringeri,13.411911864409134,75.24198846461844,9.24,22.8,33.4,7.5,498,132,Agricultural,Loam,9.4,0.0,9.6,Unconfined,49.3,9.65
2024-07-16,Karwar,14.80654472328411,74.11510693525219,27.28,57.4,28.0,7.1,903,344,Forest,Loam,5.0,0.15,3.2,Confined,31.3,26.79
2021-02-28,Kolar,13.136526354448565,78.12129392117389,13.11,9.4,30.0,8.2,789,211,Urban,Silty,8.1,0.0,6.8,Confined,7.9,13.41
2023-04-16,Kollegala,12.155094484932679,77.1219260135291,23.16,26.2,41.0,8.3,513,604,Agricultural,Clay,5.8,0.0,4.1,Unconfined,60.0,23.65
2025-01-16,Bagalkote,16.179175852626337,75.6829872619101,9.53,18.9,22.6,5.2,725,490,Urban,Loam,18.5,0.0,13.3,Confined,2.5,9.44
2022-08-21,Gokak,16.175326375104785,74.8302088767875,11.1,240.1,28.3,7.7,1251,714,Urban,Silty,14.4,0.0,10.8,Unconfined,9.7,6.78
2023-07-05,Bagalkote,16.20041634721062,75.7043475145128,34.99,181.8,25.1,6.8,238,574,Urban,Silty,12.3,0.0,2.3,Confined,3.2,31.73
2024-03-18,Mysuru,12.301647198212253,76.65295312724261,38.72,41.1,29.6,8.4,1048,733,Urban,Sandy,2.6,0.0,10.8,Confined,4.6,38.36
2021-10-15,Sakleshpura,12.966156453357849,75.78437888082325,15.01,23.6,31.5,7.1,1465,210,Agricultural,Sandy,10.8,0.0,6.9,Unconfined,45.9,15.35
2022-02-27,Badami,15.928249248399055,75.68100339350731,8.37,4.4,26.6,7.9,222,745,Agricultural,Loam,21.7,0.0,6.5,Unconfined,40.7,9.08
2022-09-25,Anekal,12.69126520095087,77.69749691198218,30.6,113.7,31.9,8.8,1383,761,Urban,Silty,8.2,0.0,13.5,Unconfined,5.9,28.83
2022-08-17,Tumakuru,13.355544904606127,77.09628843058113,31.04,196.7,30.4,6.4,809,94,Urban,Clay,18.1,0.0,3.0,Unconfined,8.4,27.51
2024-01-26,Bengaluru North,13.040731815956004,77.6156241091196,34.1,2.5,21.5,6.1,856,556,Urban,Silty,21.2,0.0,3.0,Unconfined,2.9,34.38
2025-01-18,Yadgir,16.78339325152424,77.15566425714212,36.57,4.4,20.2,5.7,1478,338,Agricultural,Sandy,6.2,0.0,9.2,Confined,28.6,37.05
2021-09-01,Karwar,14.806947424543479,74.12076429598622,39.36,68.0,28.9,8.0,221,792,Agricultural,Silty,14.5,1.0,10.1,Unconfined,21.1,38.51
2023-07-05,Athani,16.730796010597064,75.06247722909812,24.18,142.0,23.4,5.0,400,771,Agricultural,Clay,12.6,0.0,0.9,Unconfined,43.1,22.02
2024-01-23,Tumakuru,13.336768771946225,77.10311802344336,6.22,13.2,24.4,5.3,711,624,Urban,Sandy,15.9,0.0,1.2,Unconfined,7.4,6.29
2025-06-29,Mandya,12.508887933794004,76.89343788908751,25.36,227.4,30.0,6.9,839,455,Agricultural,Silty,16.7,0.0,3.7,Confined,58.2,21.74
2021-07-07,Hassan,12.989259734059258,76.11115311796058,24.37,149.5,25.1,7.1,437,444,Urban,Clay,14.3,0.0,1.2,Unconfined,6.8,21.8
2023-04-14,Udupi,13.350455132106093,74.74304992110669,34.31,35.6,29.0,6.3,797,607,Agricultural,Clay,24.3,0.39,14.0,Confined,8.9,33.96
2022-02-08,Hubballi,15.360923071420162,75.12277472723036,29.97,5.7,20.6,5.6,778,371,Urban,Silty,17.2,0.0,3.3,Unconfined,5.9,30.2
2024-10-17,Sanduru,15.097001837670401,76.54350606747015,15.73,76.7,26.2,5.5,365,180,Agricultural,Loam,10.6,0.0,14.8,Confined,28.5,14.76
2022-02-28,Shivamogga,13.93970776408917,75.55754824904726,34.47,13.4,23.4,6.4,1057,166,Urban,Silty,18.9,0.0,2.4,Confined,6.7,34.59
2023-03-28,Karwar,14.797167280505896,74.1304331105638,35.29,33.3,31.2,9.2,321,750,Forest,Clay,1.9,-0.14,4.1,Confined,34.0,35.44
2024-05-29,Sanduru,15.100048045791866,76.55843616096625,7.2,12.9,31.9,8.5,1400,657,Agricultural,Clay,11.0,0.0,8.1,Unconfined,53.0,7.9
2025-04-15,Anekal,12.70774523601394,77.70006168785845,12.72,17.9,28.6,7.3,686,736,Urban,Loam,1.4,0.0,14.7,Confined,9.7,12.82
2024-11-07,Mandya,12.508912737999584,76.89715691128713,24.85,46.4,26.4,5.9,1371,439,Agricultural,Sandy,2.4,0.0,5.3,Confined,37.3,24.59
2021-09-15,Udupi,13.339972448934612,74.73713999958187,22.75,128.3,29.1,8.2,892,376,Urban,Silty,22.8,0.55,3.6,Unconfined,30.6,20.85
2024-07-14,Bengaluru North,13.051901665242868,77.59469710067707,26.2,83.9,30.1,6.6,489,652,Urban,Silty,19.7,0.0,13.8,Confined,7.8,24.93
2025-06-27,Kollegala,12.147613558756722,77.11708543354872,34.77,199.6,25.1,5.2,969,587,Agricultural,Clay,3.4,0.0,0.9,Unconfined,55.3,31.59
2023-06-21,Karwar,14.816842513641799,74.12713332102679,11.74,237.5,28.5,7.5,355,125,Forest,Clay,7.3,0.4,8.7,Unconfined,18.8,7.51
2024-08-19,Kolar,13.12848857600688,78.13930072211723,30.25,140.8,27.7,6.7,940,330,Urban,Silty,20.1,0.0,8.0,Confined,5.5,27.82
2021-03-28,Haveri,14.812637175438178,75.39804947800452,13.6,20.8,41.3,8.6,717,686,Agricultural,Loam,5.1,0.0,13.9,Confined,44.8,14.06
2023-08-18,Athani,16.72604097797281,75.05203148599236,10.04,55.2,30.5,7.8,474,161,Agricultural,Loam,21.9,0.0,3.3,Unconfined,47.2,9.8
2020-12-03,Mysuru,12.293393525813526,76.63556259994577,39.33,3.1,25.9,6.3,914,301,Urban,Silty,9.4,0.0,7.2,Unconfined,8.8,39.67
2025-04-24,Shivamogga,13.925805144501876,75.57398799564264,22.14,19.9,34.1,9.4,942,435,Urban,Loam,20.7,0.0,8.6,Confined,3.7,22.25
2022-08-24,Anekal,12.691462192609153,77.70403115553741,27.05,128.7,29.0,6.5,383,706,Urban,Silty,8.7,0.0,6.3,Unconfined,0.6,24.81
2024-05-06,Tumakuru,13.344930753090416,77.1013949785525,26.72,40.3,38.9,9.8,1112,270,Urban,Clay,6.3,0.0,5.8,Unconfined,8.8,26.49
2022-09-19,Hunasuru,12.325755348833075,76.29737533336043,23.96,85.1,23.5,6.5,1183,198,Agricultural,Loam,13.8,0.0,11.5,Unconfined,59.6,23.18
2024-07-13,Kollegala,12.171705184342349,77.11072328218074,23.63,227.0,29.9,6.8,360,419,Agricultural,Loam,1.2,0.0,1.4,Confined,26.7,19.7
2024-06-27,Chitradurga,14.215419699430448,76.39289979489962,13.83,139.0,23.2,6.4,1145,365,Urban,Clay,24.7,0.0,10.2,Confined,0.0,11.37
2023-03-31,Bengaluru North,13.043120633391736,77.59783422437135,28.35,18.1,29.4,7.3,654,213,Urban,Clay,11.5,0.0,7.3,Confined,4.8,28.4
2024-07-02,Madikeri,12.439712075655105,75.71646457920635,38.09,115.3,28.3,5.8,1321,391,Agricultural,Clay,24.2,0.0,2.9,Confined,31.9,36.39
2023-06-13,Bagalkote,16.18367387646627,75.69244382881365,6.99,165.9,26.3,6.6,1231,272,Urban,Sandy,18.7,0.0,5.1,Unconfined,6.4,4.07
2023-01-12,Hassan,13.018177189390904,76.11488429786989,38.54,1.2,21.8,6.2,1250,576,Urban,Silty,24.3,0.0,10.4,Unconfined,5.7,38.88
2024-03-13,Tumakuru,13.335801203284491,77.08996612647518,25.79,3.4,35.3,9.3,1216,399,Urban,Loam,7.7,0.0,12.4,Unconfined,3.3,26.22
2024-02-10,Udupi,13.32959217160585,74.74739319410511,23.57,2.1,25.3,7.3,936,63,Forest,Loam,11.2,0.18,2.3,Unconfined,33.2,24.21
2025-05-08,Sirsi,14.59611279350708,74.82514772391342,25.79,41.6,40.1,10.3,218,732,Agricultural,Loam,6.5,0.0,14.8,Unconfined,56.9,26.04
2024-03-07,Hubballi,15.362567347116556,75.1448770682469,21.9,11.3,34.7,7.6,704,492,Urban,Sandy,9.9,0.0,10.2,Confined,8.0,22.13
2022-12-07,Kollegala,12.138237927365083,77.1348734272159,5.28,4.3,22.6,5.9,962,181,Agricultural,Silty,3.3,0.0,5.0,Confined,43.5,5.92
2021-12-13,Badami,15.909989672495902,75.67312670648023,24.09,4.9,20.1,5.7,452,248,Agricultural,Clay,14.5,0.0,5.6,Unconfined,58.5,24.86
2022-09-27,Haveri,14.808755854659369,75.40429343444272,16.48,156.9,31.5,7.7,1378,50,Agricultural,Silty,15.2,0.0,1.2,Confined,57.6,14.3
2023-03-03,Puttur,12.763385939315102,75.20921053794768,12.21,15.8,29.5,6.6,832,242,Agricultural,Silty,20.2,-0.22,6.9,Confined,21.6,12.46
2023-02-08,Anekal,12.70181706690113,77.70237537591936,24.27,18.6,28.4,7.8,846,260,Urban,Sandy,13.1,0.0,2.4,Confined,8.3,24.37
2024-01-04,Hubballi,15.364391775552876,75.13250803754454,21.42,0.7,24.8,7.1,504,755,Urban,Loam,21.7,0.0,3.4,Unconfined,5.7,21.82
2020-12-15,Sagara,14.178538650075328,75.04433514831257,32.38,8.4,20.3,4.5,930,195,Agricultural,Sandy,16.4,0.0,4.3,Confined,36.3,32.8
2022-11-27,Hubballi,15.347391276704162,75.13743831088352,16.89,98.3,30.7,7.9,735,559,Urban,Clay,2.5,0.0,11.6,Unconfined,6.8,15.39
2021-05-09,Devanahalli,13.232258859973875,77.69086837465709,17.08,20.7,30.7,6.9,146,748,Agricultural,Sandy,19.2,0.0,14.9,Confined,23.3,17.24
2025-02-28,Doddaballapura,13.288516408612224,77.54151406409424,15.02,16.1,25.5,5.2,472,19,Agricultural,Sandy,12.7,0.0,11.6,Confined,50.1,15.46
2023-01-20,Sirsi,14.604437908488284,74.83035422662023,15.26,4.7,25.5,7.4,1212,791,Agricultural,Loam,4.9,0.0,9.8,Unconfined,40.5,15.94
2020-12-22,Hassan,12.982068897794072,76.093100412543,8.93,8.7,29.7,6.0,1390,303,Urban,Clay,12.4,0.0,5.3,Unconfined,6.7,9.12
2022-12-26,Chikkamagaluru,13.314376570064598,75.78443564225948,25.14,18.3,28.2,5.7,946,717,Agricultural,Sandy,18.6,0.0,4.8,Confined,59.8,25.66
2023-10-16,Chitradurga,14.22684058097993,76.38768207105575,30.83,27.9,29.1,6.6,1151,107,Urban,Clay,13.3,0.0,6.9,Unconfined,7.5,30.68
2023-08-22,Ballari,15.139218074275405,76.91206599203169,28.9,233.7,22.1,5.2,810,758,Urban,Loam,13.6,0.0,8.7,Confined,6.1,24.55
2023-05-24,Doddaballapura,13.295079801776426,77.52692048643516,27.59,14.5,37.5,9.4,530,133,Agricultural,Sandy,19.1,0.0,3.8,Unconfined,54.8,28.32
2021-03-17,Mandya,12.529640192048609,76.90267500399446,7.39,1.8,36.5,10.8,590,521,Agricultural,Sandy,16.2,0.0,2.4,Confined,43.2,8.33
2024-01-12,Ballari,15.156790458585979,76.91775311624998,39.53,13.8,21.7,4.4,1426,446,Urban,Silty,16.9,0.0,0.8,Confined,3.4,39.51
2025-09-19,Raichur,16.21600895732294,77.356037159415,8.13,167.5,29.4,7.7,1352,575,Urban,Sandy,16.1,0.0,1.3,Confined,0.9,5.17
2023-05-27,Davanagere,14.456976047449565,75.92242583581493,11.05,32.9,32.2,7.8,1317,769,Urban,Sandy,11.4,0.0,3.7,Unconfined,5.7,10.84
2021-04-12,Mysuru,12.273216095881676,76.64110700408634,29.32,8.1,31.4,8.4,457,503,Urban,Loam,21.8,0.0,8.7,Unconfined,6.0,29.64
2020-10-25,Hubballi,15.35132119495177,75.12797773003341,23.81,21.5,29.8,8.6,707,127,Urban,Loam,3.6,0.0,13.5,Unconfined,1.8,23.83
2021-11-04,Karwar,14.818102300741817,74.12618787961841,20.95,28.8,24.4,6.4,319,308,Forest,Sandy,4.9,-0.37,2.0,Unconfined,27.7,21.01
2024-07-15,Hassan,12.978053824735227,76.10348124555999,34.46,116.3,25.9,5.3,288,610,Urban,Loam,17.8,0.0,11.0,Confined,5.4,32.45
2024-10-03,Shivamogga,13.922417448925508,75.56639835149211,20.57,66.8,30.9,8.3,358,679,Urban,Sandy,10.6,0.0,13.4,Unconfined,7.4,19.72
2021-11-08,Davanagere,14.463954262120717,75.92008759846753,22.61,34.5,24.8,6.1,552,258,Urban,Sandy,14.3,0.0,2.6,Confined,6.8,22.29
2024-05-06,Mysuru,12.305917105813599,76.64403443606636,6.76,23.8,34.6,8.0,1326,672,Urban,Silty,8.1,0.0,14.5,Confined,3.0,6.71
2023-01-07,Davanagere,14.451972799415602,75.91601746740142,37.98,8.4,23.3,5.5,1400,30,Urban,Sandy,24.9,0.0,3.2,Unconfined,4.5,38.13
2021-08-19,Kundapura,13.624846874091416,74.69304251810638,32.19,101.4,22.7,5.8,605,551,Forest,Loam,18.7,-0.69,14.2,Unconfined,26.8,30.79
2025-04-26,Ballari,15.146274261816073,76.91767245306131,36.2,17.5,29.5,8.1,568,222,Urban,Sandy,9.5,0.0,11.5,Confined,9.9,36.35
2025-03-30,Ballari,15.140451453981782,76.91958667669182,30.94,26.2,35.9,8.6,1415,280,Urban,Loam,18.5,0.0,6.8,Unconfined,7.3,30.92
2021-06-22,Raichur,16.19555815161837,77.36572741695706,6.8,64.5,24.1,5.4,1035,217,Urban,Clay,11.9,0.0,6.1,Unconfined,2.3,5.8
2025-03-31,Kollegala,12.147035805184153,77.1190242050226,11.61,1.0,33.5,7.8,1437,717,Agricultural,Loam,9.8,0.0,5.5,Unconfined,28.4,12.26
2023-11-08,Ballari,15.136315803686147,76.92561397706132,33.34,97.3,26.8,6.8,606,537,Urban,Loam,14.4,0.0,11.3,Confined,8.9,31.82
2024-07-23,Yadgir,16.766017519595593,77.13423221035413,33.59,157.5,27.3,5.7,858,756,Agricultural,Silty,8.5,0.0,4.8,Unconfined,26.8,30.99
2024-12-28,Madikeri,12.439004550644302,75.71413165136198,13.93,15.0,23.8,5.3,111,126,Agricultural,Silty,18.2,0.0,2.6,Confined,52.2,14.42
2022-08-02,Sringeri,13.419993622267521,75.2696962785424,20.45,76.6,28.0,6.1,426,182,Agricultural,Sandy,17.6,0.0,9.9,Unconfined,48.9,19.71
2025-05-19,Devanahalli,13.236480587678157,77.697665466545,32.54,34.7,38.4,9.6,1312,653,Agricultural,Sandy,6.5,0.0,2.0,Confined,27.6,32.6
2021-06-13,Chitradurga,14.216658457556527,76.40325791107936,8.4,76.8,27.9,6.2,429,184,Urban,Sandy,4.3,0.0,11.3,Unconfined,1.9,7.19
2024-10-30,Chitradurga,14.22345019199613,76.40229566861778,39.28,56.1,25.1,5.6,745,63,Urban,Silty,1.5,0.0,4.9,Unconfined,3.6,38.47
2024-03-29,Udupi,13.33562277419426,74.74427706864945,7.88,20.4,39.4,11.5,1241,423,Agricultural,Loam,6.5,0.89,7.9,Unconfined,20.7,8.16
2025-07-15,Hubballi,15.37874245295284,75.11967761427753,9.25,237.2,27.8,6.0,428,412,Urban,Clay,10.3,0.0,8.5,Unconfined,9.3,4.9
2022-10-27,Badami,15.924127453669072,75.69152562518613,12.71,44.5,32.3,9.1,913,312,Agricultural,Loam,17.7,0.0,0.2,Unconfined,54.5,12.82
2021-10-29,Devanahalli,13.227209568710297,77.7074190146057,39.68,59.1,24.3,5.9,238,174,Agricultural,Loam,16.6,0.0,12.7,Confined,29.7,39.09
2022-01-08,Hubballi,15.359815066595141,75.13504932137184,21.5,5.1,21.1,5.4,1491,403,Urban,Clay,11.3,0.0,13.0,Unconfined,7.6,21.74
2023-10-30,Bengaluru North,13.046614276313397,77.61212031700279,27.56,57.8,29.6,6.3,1295,219,Urban,Clay,10.2,0.0,9.2,Confined,8.4,26.8
2024-06-22,Athani,16.722055271955508,75.07753800618713,39.36,110.3,27.2,7.0,1177,102,Agricultural,Silty,14.0,0.0,1.5,Unconfined,31.2,37.82
2021-12-03,Sakleshpura,12.970434969308876,75.79116858234087,34.09,0.2,27.6,7.5,1144,180,Agricultural,Clay,4.2,0.0,12.4,Unconfined,21.2,34.67
2025-08-16,Raichur,16.186055531667456,77.35338807190732,19.88,71.2,29.8,8.3,341,753,Urban,Silty,5.2,0.0,9.4,Unconfined,8.0,18.95
2023-02-24,Chikkamagaluru,13.326452875645144,75.7974650332165,32.47,18.2,28.7,6.2,1072,728,Agricultural,Clay,9.3,0.0,12.8,Unconfined,42.9,32.85
2020-09-26,Sringeri,13.404535072078584,75.25117273695683,7.67,169.3,31.5,8.6,1155,588,Agricultural,Loam,1.7,0.0,7.2,Unconfined,21.5,4.93
2022-12-11,Mysuru,12.291115081113626,76.63788189196066,34.21,16.1,22.4,5.5,539,343,Urban,Loam,17.8,0.0,2.5,Unconfined,1.0,34.17
2025-06-16,Sirsi,14.628518490058967,74.83550659379378,10.46,95.4,25.9,7.3,1062,718,Agricultural,Sandy,3.0,0.0,5.5,Confined,27.3,9.19
2024-03-24,Bagalkote,16.187150835193272,75.70610309178467,17.62,31.2,37.0,9.8,1172,794,Urban,Silty,10.5,0.0,12.5,Confined,5.3,17.54
2020-12-30,Athani,16.74288167261981,75.06796166329622,21.65,19.0,29.2,8.1,1043,478,Agricultural,Loam,18.4,0.0,12.1,Confined,22.3,21.9
2022-02-13,Hunasuru,12.299682733790904,76.27481612558272,21.58,6.0,21.6,4.9,208,111,Agricultural,Loam,3.8,0.0,8.0,Confined,44.3,22.15
2023-05-23,Kundapura,13.639136681085922,74.69066106006743,22.58,3.9,39.9,8.8,1316,122,Agricultural,Silty,18.5,0.23,9.6,Unconfined,23.2,23.15
2021-04-02,Athani,16.722682435594827,75.06745821536644,10.37,4.1,34.2,8.3,1233,237,Agricultural,Clay,4.9,0.0,4.0,Unconfined,51.7,11.22
2024-04-12,Raichur,16.19424059989935,77.35023013054816,19.42,41.6,28.8,8.0,847,14,Urban,Clay,16.8,0.0,11.1,Confined,0.9,19.0
2021-03-28,Sringeri,13.407966831036978,75.24454319733735,39.31,26.8,37.8,10.6,1221,55,Agricultural,Loam,11.8,0.0,2.6,Confined,51.8,39.82
2023-03-14,Karwar,14.811205110130896,74.12434299218287,39.82,27.4,38.3,10.0,738,589,Forest,Silty,13.6,-0.67,11.6,Unconfined,14.8,39.99
2022-12-31,Hunasuru,12.297783555694977,76.28081670094775,37.88,17.7,22.4,5.4,464,382,Agricultural,Clay,15.4,0.0,12.5,Unconfined,52.9,38.33
2022-10-27,Mysuru,12.302141583676514,76.6275657913161,34.14,81.8,28.3,5.9,293,13,Urban,Clay,3.7,0.0,11.8,Confined,5.4,32.85
2024-05-27,Doddaballapura,13.281016311293346,77.54290676593965,17.52,34.8,34.6,10.0,724,243,Agricultural,Silty,10.5,0.0,12.6,Confined,33.8,17.66
2022-08-06,Madikeri,12.43667083897537,75.73187471566445,18.88,210.6,28.2,7.1,188,155,Agricultural,Silty,15.6,0.0,10.5,Confined,51.8,15.54
2023-04-18,Udupi,13.336265285937289,74.73406414351271,6.88,30.9,34.3,7.9,668,74,Forest,Sandy,13.7,0.16,4.1,Unconfined,14.8,6.79
2025-01-17,Mandya,12.505951133841005,76.90221282351297,35.24,8.8,25.3,5.5,961,702,Agricultural,Sandy,19.7,0.0,9.6,Unconfined,26.3,35.6
2023-07-09,Tumakuru,13.334247786377968,77.091160758861,33.1,147.9,30.4,7.3,1336,288,Urban,Sandy,11.7,0.0,9.6,Confined,7.9,30.59
2022-08-20,Badami,15.920818345303639,75.68111941556404,29.68,105.0,23.2,6.1,787,78,Agricultural,Loam,15.4,0.0,11.2,Confined,48.2,28.37
2025-02-24,Bengaluru North,13.057476675060842,77.61099544254088,35.39,10.9,20.3,5.5,410,751,Urban,Silty,9.1,0.0,14.5,Unconfined,0.0,35.45
2025-09-22,Sringeri,13.430647470247855,75.23389084977995,10.68,148.6,25.2,6.3,458,524,Agricultural,Clay,3.7,0.0,10.4,Confined,53.7,8.56
2022-09-04,Sakleshpura,12.97303023996837,75.78531373712737,19.21,236.6,28.4,7.7,605,322,Agricultural,Loam,1.2,0.0,10.9,Confined,46.7,15.33
2025-04-09,Puttur,12.772073492965065,75.22839700769563,17.32,6.5,39.8,10.2,745,22,Forest,Silty,24.9,-0.38,8.0,Unconfined,19.3,17.93
2021-09-14,Ballari,15.126558425330632,76.9287466967949,16.1,166.0,30.3,7.9,423,654,Urban,Clay,23.7,0.0,2.2,Unconfined,5.6,13.23
2020-10-16,Anekal,12.690914122929764,77.69272687515961,31.33,21.6,28.2,7.9,795,642,Urban,Silty,11.9,0.0,6.5,Confined,0.1,31.29
2025-08-19,Puttur,12.759379220044876,75.20309482851208,5.15,111.9,27.5,8.2,496,696,Urban,Clay,5.5,0.95,4.9,Confined,8.4,3.31
2022-11-06,Sirsi,14.625657440484453,74.82676218370331,13.07,81.5,32.3,8.2,1289,233,Agricultural,Sandy,22.5,0.0,14.7,Confined,39.3,12.24
2022-03-05,Hubballi,15.346382927462297,75.1142775127251,8.21,16.0,33.7,7.7,1172,554,Urban,Loam,21.4,0.0,2.1,Confined,7.3,8.35
2021-04-20,Badami,15.913962275207846,75.6627474248393,9.48,37.4,31.2,7.4,485,221,Agricultural,Clay,18.0,0.0,11.9,Confined,46.2,9.56
2022-11-25,Yadgir,16.77325100373223,77.13927500704747,6.97,61.7,32.8,8.9,306,103,Agricultural,Loam,2.0,0.0,10.3,Confined,23.3,6.41
2023-11-27,Bengaluru North,13.018301976367985,77.6056755064993,11.15,41.8,26.1,7.6,556,84,Urban,Clay,11.8,0.0,10.0,Confined,9.5,10.79
2022-01-20,Haveri,14.807393933894256,75.42078325707413,16.9,3.1,28.4,5.7,783,546,Agricultural,Silty,15.1,0.0,8.6,Confined,55.9,17.68
2024-08-14,Madikeri,12.421570703922095,75.72991432753301,24.17,208.2,26.3,5.3,1475,291,Agricultural,Silty,13.1,0.0,13.8,Unconfined,27.2,20.54
2022-04-03,Kolar,13.133521480718146,78.12437220575772,26.0,12.7,35.5,7.8,1144,770,Urban,Clay,14.7,0.0,14.1,Confined,3.0,26.17
2024-11-02,Mysuru,12.306887869231034,76.6319941289033,32.02,49.1,32.5,7.4,890,638,Urban,Silty,4.4,0.0,9.8,Unconfined,4.5,31.45
2021-06-24,Chitradurga,14.217884281247548,76.4039354417436,9.84,156.1,29.6,7.3,1373,547,Urban,Loam,9.1,0.0,3.5,Unconfined,4.4,7.13
2022-01-22,Kolar,13.139910884380999,78.1339527836091,24.98,0.1,21.7,6.4,1285,752,Urban,Sandy,9.9,0.0,10.3,Unconfined,4.0,25.34
2021-05-01,Gokak,16.165070907646314,74.84039727189283,16.44,36.0,28.8,5.9,1141,642,Urban,Sandy,5.3,0.0,6.5,Unconfined,9.9,16.11
2022-02-13,Haveri,14.793853058462537,75.42077691717955,19.4,13.4,23.7,5.0,800,698,Agricultural,Sandy,13.4,0.0,12.7,Confined,24.2,19.62
2024-10-02,Mandya,12.526944095700513,76.89635378352207,8.42,70.7,25.1,6.9,1395,696,Agricultural,Sandy,22.0,0.0,2.8,Unconfined,44.0,7.79
2020-12-13,Sagara,14.173120452474995,75.03665246317036,5.46,17.1,22.7,6.0,769,222,Agricultural,Sandy,18.9,0.0,12.4,Unconfined,49.9,5.92
2023-11-10,Hunasuru,12.300161713322316,76.28992275981848,35.35,29.7,24.2,6.4,1049,351,Agricultural,Loam,20.4,0.0,8.6,Unconfined,39.5,35.47
2020-10-22,Ballari,15.132628288253324,76.9099934040953,10.61,59.8,27.7,6.7,860,81,Urban,Clay,18.3,0.0,1.9,Unconfined,0.8,9.76
2022-09-02,Sringeri,13.418806036997639,75.25079539182519,13.61,145.1,25.3,5.5,992,215,Agricultural,Sandy,22.0,0.0,8.2,Confined,31.3,11.3
2022-10-21,Haveri,14.809039681481433,75.40796063859185,13.4,23.2,29.3,7.1,299,26,Agricultural,Silty,14.1,0.0,12.3,Confined,29.7,13.59
2020-10-01,Hunasuru,12.316276297117769,76.30288701022789,11.29,90.8,25.1,5.4,1500,60,Agricultural,Clay,1.4,0.0,13.8,Confined,59.3,10.34
2025-08-21,Sanduru,15.082312160180114,76.53766545973973,13.67,146.2,27.7,7.1,1184,567,Agricultural,Sandy,9.9,0.0,0.4,Unconfined,24.0,11.34
2020-11-15,Bengaluru North,13.065897875931974,77.60996407717955,20.3,82.7,28.9,8.6,239,142,Urban,Loam,3.4,0.0,1.7,Unconfined,2.9,19.11
2021-08-03,Chitradurga,14.22627654595298,76.40574098520601,34.17,119.3,29.3,6.6,487,46,Urban,Silty,6.0,0.0,2.1,Unconfined,6.1,32.18
2025-09-22,Karwar,14.815730123958053,74.12308325588847,7.28,206.7,27.7,7.9,1106,69,Agricultural,Clay,22.0,-0.48,1.6,Unconfined,34.2,3.93
2021-04-25,Haveri,14.796315997561923,75.39113383479163,30.29,2.9,38.9,9.8,1070,276,Agricultural,Sandy,19.4,0.0,6.9,Confined,31.8,31.04
2021-05-23,Udupi,13.320889749925472,74.72611578276793,26.12,34.9,34.2,7.4,674,24,Urban,Silty,1.8,-0.93,10.4,Confined,22.8,26.11
2021-04-21,Mangaluru,12.909618235074264,74.85350812932245,11.34,21.5,40.7,11.9,568,569,Urban,Sandy,12.8,0.7,9.6,Unconfined,21.4,11.65
2025-04-19,Mangaluru,12.912995422255738,74.84381274938934,35.83,16.2,39.0,10.1,978,312,Forest,Loam,10.7,0.91,8.1,Confined,32.9,36.25
2021-05-30,Doddaballapura,13.328964957379027,77.54915579630119,39.68,36.8,28.8,8.1,871,444,Agricultural,Loam,14.0,0.0,4.1,Unconfined,57.3,39.92
2021-02-21,Gokak,16.169216770744967,74.82022528719757,36.48,15.8,28.8,6.3,1265,514,Urban,Sandy,9.9,0.0,13.9,Unconfined,8.8,36.57
2020-12-05,Kolar,13.132140907302128,78.13057482526501,32.27,16.5,29.2,7.7,1358,689,Urban,Silty,4.1,0.0,2.5,Unconfined,9.1,32.42
2021-02-12,Doddaballapura,13.291800057382007,77.55292390904634,5.84,13.3,29.7,6.5,427,629,Agricultural,Clay,4.2,0.0,9.4,Unconfined,50.7,6.41
2023-02-08,Kundapura,13.643392407855313,74.69269612847721,14.4,17.5,25.4,7.4,510,134,Agricultural,Clay,8.7,-0.87,10.6,Unconfined,31.8,14.82
2023-12-26,Hubballi,15.357695005332506,75.11623757965154,24.38,19.6,22.0,5.7,122,519,Urban,Sandy,20.1,0.0,5.7,Confined,6.3,24.34
2023-03-30,Kundapura,13.637664268385477,74.6999718161508,39.91,43.6,31.2,6.8,1230,25,Forest,Sandy,13.6,0.16,4.6,Confined,24.2,39.6
2022-05-04,Chitradurga,14.21024772502206,76.39890649225187,16.32,42.8,28.7,6.0,803,503,Urban,Loam,1.7,0.0,12.9,Confined,5.7,15.82
2021-05-24,Sakleshpura,12.954818989178294,75.79886303546515,8.05,5.7,30.6,9.0,1003,171,Agricultural,Sandy,2.3,0.0,12.9,Unconfined,26.4,8.65
2021-08-30,Sakleshpura,12.966155056123185,75.78289055535569,9.94,194.4,22.1,4.8,934,629,Agricultural,Sandy,23.7,0.0,10.4,Confined,44.3,6.73
2020-10-11,Hassan,13.023476644987534,76.10762279251293,26.51,97.3,32.8,9.6,257,604,Urban,Silty,20.7,0.0,6.7,Unconfined,6.5,25.11
2021-04-01,Badami,15.917549162706708,75.69520762857884,5.05,3.0,33.3,8.5,739,234,Agricultural,Clay,18.3,0.0,11.8,Unconfined,49.9,5.91
2022-07-02,Shivamogga,13.932234492979788,75.57187912747203,28.03,57.1,31.9,9.2,1107,98,Urban,Clay,16.5,0.0,6.8,Unconfined,5.5,27.4
2025-07-16,Mysuru,12.299780925268328,76.63641728554428,5.34,113.7,26.7,6.9,1064,616,Urban,Silty,13.0,0.0,7.3,Unconfined,7.4,3.48
2024-07-04,Badami,15.91796778163987,75.67871386709355,19.01,99.3,24.2,6.4,1216,152,Agricultural,Silty,4.2,0.0,9.5,Confined,37.6,17.72
2024-01-19,Haveri,14.792925864895581,75.40640880940575,30.27,4.3,21.8,6.1,1308,440,Agricultural,Sandy,11.4,0.0,7.1,Confined,48.6,30.98
2024-01-25,Madikeri,12.438277849138421,75.72625249773743,31.14,17.1,23.2,4.8,377,411,Agricultural,Sandy,16.7,0.0,7.2,Unconfined,26.8,31.31
2024-08-28,Chikkamagaluru,13.328161750743758,75.79409313682542,12.9,242.9,23.1,4.9,996,69,Agricultural,Clay,6.2,0.0,3.6,Confined,52.0,8.81
2020-11-22,Madikeri,12.44026247978744,75.73180140786287,23.79,78.5,31.0,6.8,316,775,Agricultural,Clay,1.6,0.0,4.5,Confined,22.1,22.78
2022-12-04,Kundapura,13.635335228475652,74.68481695271915,31.12,7.9,24.3,7.0,1423,304,Urban,Silty,12.0,-0.54,4.4,Unconfined,31.4,31.68
2021-10-05,Madikeri,12.430078360850972,75.7397556286138,35.16,62.9,24.3,6.5,328,609,Agricultural,Loam,11.6,0.0,12.7,Confined,30.7,34.53
2024-01-27,Bagalkote,16.189175264192173,75.70508046911056,28.78,10.2,25.6,5.5,869,160,Urban,Loam,13.1,0.0,9.5,Unconfined,9.8,28.95
2023-07-10,Bengaluru North,13.057612511273485,77.61016216017592,38.51,129.3,23.3,5.8,1459,207,Urban,Loam,14.5,0.0,7.9,Confined,6.9,36.28
2023-07-14,Bengaluru North,13.027675767610775,77.6156389677452,18.06,124.0,25.4,5.2,420,347,Urban,Sandy,2.7,0.0,14.6,Confined,7.8,15.92
2020-12-17,Hassan,13.009487197341064,76.10241125439649,36.68,13.1,21.0,6.0,1423,443,Urban,Loam,22.7,0.0,9.1,Confined,5.6,36.77
2021-05-05,Ballari,15.155134789380169,76.91525274791793,11.65,24.6,31.1,6.6,720,614,Urban,Silty,3.8,0.0,12.7,Confined,8.4,11.57
2022-03-02,Athani,16.74397365715586,75.06382352108862,21.79,12.4,31.7,7.6,392,651,Agricultural,Clay,18.7,0.0,6.9,Confined,25.3,22.17
2024-03-31,Kollegala,12.13963857481421,77.11921183814209,16.43,29.5,36.7,10.0,368,531,Agricultural,Clay,10.3,0.0,4.2,Unconfined,52.8,16.87
2024-12-08,Chikkamagaluru,13.298644771561248,75.77653501164721,5.97,19.9,24.5,6.1,144,662,Agricultural,Clay,8.8,0.0,1.6,Unconfined,41.4,6.29
2024-07-13,Mangaluru,12.919576170084992,74.85829992857562,23.7,230.0,25.8,5.7,402,505,Urban,Silty,21.0,-0.86,1.6,Unconfined,32.0,19.79
2025-04-09,Shivamogga,13.932641058993376,75.56210845425291,29.42,48.9,38.6,10.6,1233,443,Urban,Sandy,13.9,0.0,5.0,Confined,0.4,28.98
2021-04-20,Mandya,12.532378268355515,76.88179198084794,16.1,41.4,28.6,6.7,157,522,Agricultural,Sandy,15.3,0.0,7.3,Unconfined,50.5,16.11
2024-04-30,Sakleshpura,12.960626626384597,75.7788416641,23.18,32.0,41.7,12.0,1168,135,Agricultural,Loam,2.2,0.0,14.6,Confined,30.7,23.45
2023-11-17,Doddaballapura,13.297238564367632,77.54794581454858,26.1,32.8,26.0,7.3,551,225,Agricultural,Silty,20.5,0.0,8.1,Confined,21.7,26.03
2024-10-20,Hubballi,15.365628435274223,75.11561961841622,36.29,70.0,26.0,6.8,1381,751,Urban,Clay,9.3,0.0,5.6,Confined,2.2,35.25
2023-06-04,Chitradurga,14.204577796165564,76.39310933818065,34.87,131.8,31.6,8.5,1025,343,Urban,Loam,16.3,0.0,9.1,Confined,8.9,32.75
2021-04-22,Udupi,13.321274802079158,74.76722474735955,12.91,0.9,28.9,7.4,1089,564,Forest,Clay,8.4,-0.37,14.1,Confined,15.7,13.46
2020-09-25,Hubballi,15.36341184481841,75.13135667372147,21.31,202.9,26.9,5.8,121,285,Urban,Sandy,16.5,0.0,3.2,Unconfined,9.8,17.64
2022-05-27,Yadgir,16.77354898939191,77.15544968625476,17.38,16.0,36.0,9.4,182,127,Agricultural,Clay,4.8,0.0,7.7,Confined,43.0,17.96
2022-08-15,Davanagere,14.460186024594305,75.92671054925447,8.39,56.9,29.2,6.7,827,87,Urban,Silty,2.8,0.0,12.3,Confined,2.3,7.61
2021-01-26,Puttur,12.784749376818935,75.18795337248199,34.13,18.6,22.9,4.9,271,473,Forest,Sandy,16.7,0.45,5.0,Unconfined,31.4,34.27
2021-02-13,Udupi,13.32969975759966,74.7530093833116,17.11,5.5,27.7,5.6,458,38,Agricultural,Sandy,9.8,-1.0,9.1,Confined,15.1,17.53
2023-11-11,Puttur,12.738756169902368,75.21600601750524,29.58,88.6,31.7,7.6,965,502,Agricultural,Silty,16.7,0.42,12.9,Confined,10.9,28.25
2025-06-17,Puttur,12.761484762550719,75.20921571618025,24.52,185.7,23.7,6.7,1365,302,Agricultural,Clay,13.9,0.7,12.3,Confined,25.8,21.33
2021-12-15,Sagara,14.167514755902904,75.02453232038273,25.98,3.3,20.7,4.8,1119,675,Agricultural,Loam,2.0,0.0,8.3,Unconfined,57.8,26.73
2020-10-19,Puttur,12.76533187008327,75.21279816298988,39.23,27.6,25.7,5.4,528,771,Agricultural,Loam,23.5,-0.05,12.5,Confined,6.8,39.02
2021-06-08,Mysuru,12.302334349571563,76.64901910103504,26.13,114.5,24.1,5.5,367,347,Urban,Silty,2.0,0.0,6.3,Unconfined,4.6,24.16
2022-08-01,Tumakuru,13.333889109597859,77.09610235117736,39.28,74.5,26.6,7.5,1030,120,Urban,Clay,22.3,0.0,10.7,Unconfined,0.1,38.17
2023-02-19,Bagalkote,16.165234143514567,75.67774888825153,23.59,3.6,25.0,5.6,882,100,Urban,Sandy,22.5,0.0,2.6,Confined,9.4,23.89
2024-06-13,Haveri,14.782758201090038,75.40779187272193,37.34,180.8,26.4,7.3,1259,794,Agricultural,Sandy,18.9,0.0,0.2,Unconfined,31.1,34.4
2021-01-28,Kundapura,13.625397632024377,74.6891452537483,9.03,1.8,23.6,6.3,1319,722,Urban,Clay,21.9,-0.68,10.5,Confined,10.8,9.48
2024-11-02,Chikkamagaluru,13.307947652452558,75.77204655550135,17.89,80.7,29.9,8.7,1146,61,Agricultural,Clay,8.8,0.0,11.1,Confined,29.5,17.01
2025-04-06,Gokak,16.164843399041356,74.82540429151237,18.69,9.7,35.4,7.8,1301,209,Urban,Loam,11.5,0.0,1.6,Confined,5.0,18.94
2020-12-07,Ballari,15.156599543334428,76.93187784445861,30.64,10.3,22.1,5.1,680,120,Urban,Silty,19.7,0.0,5.3,Unconfined,7.8,30.77
2024-11-27,Chikkamagaluru,13.315822573006619,75.78389675301973,10.48,55.3,25.3,7.6,662,565,Agricultural,Silty,17.4,0.0,1.1,Unconfined,47.6,10.23
2025-08-06,Kolar,13.139341880984848,78.14365783997108,15.16,71.8,28.4,6.0,1111,174,Urban,Silty,9.3,0.0,10.1,Confined,3.3,14.06
2023-05-08,Hassan,13.005833880352352,76.09152066032102,10.74,3.8,34.7,9.2,437,555,Urban,Clay,21.9,0.0,7.7,Unconfined,6.1,11.18
2022-10-06,Mysuru,12.319661815435538,76.64686061505395,30.36,35.1,26.7,6.7,1242,247,Urban,Clay,21.5,0.0,1.9,Confined,1.5,30.01
2023-12-07,Mysuru,12.288979886386928,76.63600755413111,33.73,9.3,24.6,6.2,856,613,Urban,Loam,15.2,0.0,2.2,Confined,2.3,33.88
2021-01-17,Badami,15.925486092552292,75.67603033502557,24.18,14.9,22.8,6.7,1378,500,Agricultural,Loam,10.9,0.0,13.0,Confined,47.8,24.7
2020-11-17,Shivamogga,13.937819473144181,75.57457178965393,34.07,34.7,31.3,8.0,691,24,Urban,Sandy,14.5,0.0,9.0,Unconfined,7.0,33.85
2022-06-18,Udupi,13.335880656791119,74.75644907120038,31.84,142.2,30.8,6.6,834,461,Agricultural,Silty,19.4,0.76,6.9,Confined,26.1,29.51
2024-08-28,Raichur,16.19521945814246,77.35941286079574,38.5,91.8,25.3,5.2,221,311,Urban,Sandy,21.4,0.0,11.9,Unconfined,1.4,36.94
2022-09-04,Shivamogga,13.924627102013414,75.5606571588268,12.53,240.6,23.3,4.8,406,268,Urban,Sandy,14.2,0.0,3.4,Confined,4.0,8.0
2024-09-10,Hunasuru,12.299911711199513,76.28417431886258,20.77,107.3,26.1,7.0,1248,560,Agricultural,Sandy,21.4,0.0,2.9,Unconfined,22.6,19.2
2024-07-04,Chikkamagaluru,13.325940498887043,75.77532047095977,25.07,58.9,27.6,5.8,1256,455,Agricultural,Loam,16.2,0.0,3.7,Confined,47.5,24.66
2022-08-24,Mandya,12.541123028818557,76.89476680112365,24.54,217.2,22.0,4.9,111,179,Agricultural,Sandy,10.5,0.0,8.7,Unconfined,35.5,20.8
2021-09-19,Hubballi,15.367529843771567,75.1183632837375,22.13,223.0,22.7,4.6,643,408,Urban,Silty,15.8,0.0,0.9,Confined,3.7,17.94
2024-12-06,Yadgir,16.76520341438051,77.13460631973693,32.09,0.2,21.8,5.2,1140,217,Agricultural,Silty,1.7,0.0,2.2,Unconfined,51.7,32.86
2025-06-07,Chikkamagaluru,13.295491724407388,75.78388709349869,11.45,63.4,27.7,5.6,1021,17,Agricultural,Loam,13.7,0.0,3.5,Unconfined,27.8,10.74
2025-01-21,Bengaluru North,13.02705134266132,77.6089493187166,5.57,10.6,28.5,6.4,527,621,Urban,Silty,18.2,0.0,7.8,Unconfined,5.1,5.73
2021-01-06,Athani,16.710339778109653,75.08339651172348,6.01,2.2,27.2,5.5,1442,235,Agricultural,Sandy,24.9,0.0,7.8,Confined,26.4,6.51
2021-02-03,Sirsi,14.598630064888146,74.83236832915482,30.88,3.3,29.6,6.0,1308,796,Agricultural,Sandy,12.2,0.0,2.5,Unconfined,51.4,31.63
2024-09-28,Kundapura,13.62113539384073,74.69165930359276,25.06,179.0,22.3,4.5,911,410,Agricultural,Loam,8.7,-0.33,3.7,Unconfined,20.7,21.95
2021-08-04,Kolar,13.149298433142134,78.13393152901445,19.69,143.4,22.9,6.8,825,408,Urban,Clay,22.8,0.0,1.7,Confined,8.1,17.24
2022-01-04,Mandya,12.528215699811913,76.89577787587339,20.37,9.6,29.2,6.1,868,501,Agricultural,Loam,7.5,0.0,7.7,Unconfined,28.5,20.77
2022-10-10,Raichur,16.20905379830696,77.35076891148854,32.21,87.4,32.3,8.0,1473,601,Urban,Loam,15.4,0.0,10.0,Confined,6.7,30.93
2020-11-17,Udupi,13.311466310261945,74.752907194749,6.84,69.8,26.0,6.8,1262,537,Agricultural,Clay,20.4,-0.52,8.6,Unconfined,29.5,6.13
2024-06-16,Kundapura,13.63129125258023,74.66874974479857,20.75,127.7,30.7,9.0,604,298,Urban,Clay,12.3,0.08,13.0,Unconfined,30.8,18.95
2020-10-11,Sirsi,14.610740074619866,74.82456512694426,15.6,55.7,24.4,4.9,445,239,Agricultural,Clay,9.4,0.0,12.9,Unconfined,59.3,15.32
2023-02-11,Hassan,13.015279729077115,76.10750548139409,15.06,13.5,23.1,6.5,227,582,Urban,Loam,7.5,0.0,3.4,Confined,9.6,15.21
2020-10-19,Doddaballapura,13.299373021455363,77.54154399610185,12.51,23.2,24.4,5.1,1416,169,Agricultural,Clay,20.4,0.0,7.7,Confined,25.0,12.55
2025-05-09,Hassan,13.011716417269929,76.08850079632303,33.92,39.6,32.3,6.9,493,163,Urban,Silty,17.0,0.0,14.8,Confined,3.7,33.51
2023-10-19,Hunasuru,12.315737976623003,76.29184589226007,14.22,30.7,29.8,8.6,1425,358,Agricultural,Loam,5.7,0.0,4.9,Unconfined,30.7,14.34
2025-07-01,Bagalkote,16.178962566447808,75.68164999718144,18.93,196.0,23.0,5.0,1434,418,Urban,Loam,11.4,0.0,5.6,Unconfined,7.2,15.33
2023-03-30,Chitradurga,14.216720489544906,76.40346978010925,6.95,18.8,35.8,9.0,732,189,Urban,Sandy,9.6,0.0,1.7,Confined,3.3,7.06
2025-02-25,Sagara,14.173589905171795,75.04875334541586,31.45,9.0,27.5,7.5,212,521,Agricultural,Sandy,9.4,0.0,7.8,Unconfined,49.0,32.13
2022-01-14,Sringeri,13.434463810157567,75.25627645514129,39.74,2.9,27.2,5.7,704,469,Agricultural,Silty,1.5,0.0,9.6,Confined,35.6,40.32
2024-10-18,Doddaballapura,13.285218923219267,77.52437144401165,9.2,30.8,25.4,6.4,873,405,Agricultural,Silty,5.4,0.0,9.0,Confined,46.5,9.37
2023-03-09,Bengaluru North,13.035794569046924,77.59120336987351,17.17,29.8,30.5,6.8,739,728,Urban,Silty,24.7,0.0,9.9,Unconfined,7.3,16.99
2025-09-02,Davanagere,14.454428492015076,75.91442447830727,11.06,233.4,27.0,7.9,396,217,Urban,Clay,6.4,0.0,13.1,Confined,3.8,6.83
2022-04-16,Mandya,12.52785797155791,76.8915508920438,22.33,36.7,36.3,7.6,659,80,Agricultural,Loam,13.8,0.0,12.8,Unconfined,23.4,22.21
2020-11-15,Devanahalli,13.23437144931754,77.70171342098202,5.25,32.4,24.4,6.8,1255,645,Agricultural,Sandy,16.1,0.0,0.6,Unconfined,41.2,5.35
2022-09-06,Karwar,14.82239494032493,74.13440826759303,8.71,92.2,30.7,9.2,604,486,Agricultural,Clay,11.0,-0.2,0.8,Confined,5.9,7.41
2023-05-04,Shivamogga,13.92161983719937,75.5686075789357,13.51,40.4,40.6,10.7,566,20,Urban,Silty,18.3,0.0,6.9,Unconfined,8.6,13.32
2023-04-01,Sagara,14.159875849685452,75.05134164508696,28.96,31.4,30.5,7.4,227,238,Agricultural,Silty,6.1,0.0,2.5,Confined,39.8,29.1
2021-07-19,Kollegala,12.148919664545184,77.1083857974506,10.55,157.8,26.3,6.3,891,327,Agricultural,Sandy,15.3,0.0,13.4,Confined,30.2,8.01
2024-09-21,Sringeri,13.405085852665668,75.25053919572314,7.32,163.0,27.1,7.2,839,485,Agricultural,Sandy,24.6,0.0,2.4,Confined,54.9,4.97
2022-11-17,Sirsi,14.627445508790183,74.83191615916331,20.78,62.6,33.1,7.4,492,13,Agricultural,Sandy,24.5,0.0,2.0,Unconfined,35.1,20.25
2024-05-15,Sringeri,13.432565149270163,75.22500043550981,9.16,8.3,31.0,6.7,484,35,Agricultural,Sandy,3.9,0.0,3.6,Unconfined,47.9,9.81
2022-05-11,Sanduru,15.094831341932474,76.54252328291625,15.54,6.9,39.7,9.3,1276,119,Agricultural,Loam,4.5,0.0,3.9,Unconfined,58.9,16.46
2021-10-02,Devanahalli,13.244326617245532,77.69715542112499,33.92,68.1,26.7,7.2,123,168,Agricultural,Loam,2.9,0.0,0.3,Confined,30.0,33.22
2023-05-09,Badami,15.921006303693263,75.68950841683622,8.8,26.2,32.7,7.6,755,763,Agricultural,Loam,2.7,0.0,3.6,Unconfined,27.0,8.93
2021-10-17,Gokak,16.172529345684673,74.8374799608347,21.62,82.4,33.7,8.1,449,100,Urban,Silty,16.6,0.0,1.1,Unconfined,2.4,20.4
2024-05-30,Davanagere,14.460560712317072,75.93252886267187,34.51,14.6,37.6,10.8,415,464,Urban,Sandy,16.1,0.0,5.4,Confined,9.0,34.85
2025-04-01,Sagara,14.162597318248357,75.01678296467654,8.8,17.2,36.4,9.8,198,11,Agricultural,Loam,19.5,0.0,10.1,Confined,26.5,9.21
2022-07-12,Bagalkote,16.181800220108023,75.68071860190949,27.65,107.1,29.3,6.0,1203,337,Urban,Clay,12.6,0.0,3.2,Confined,9.2,25.9
2022-12-10,Tumakuru,13.328403908943839,77.1066124465148,21.83,17.0,27.7,5.9,368,48,Urban,Clay,6.9,0.0,8.4,Confined,0.2,21.79
2022-10-09,Sagara,14.176502505717409,75.03724068622653,39.0,72.4,24.9,5.8,647,447,Agricultural,Clay,2.2,0.0,10.0,Unconfined,52.8,38.37
2025-05-16,Doddaballapura,13.286667709190644,77.55054736274782,32.87,17.1,35.5,9.1,1105,84,Agricultural,Silty,2.9,0.0,1.7,Unconfined,55.5,33.54
2025-05-28,Karwar,14.81329109942504,74.11710167294056,22.11,43.7,28.0,7.6,150,362,Agricultural,Sandy,7.5,0.18,6.1,Unconfined,38.6,21.98
2024-07-06,Chitradurga,14.21797767700857,76.39367772323386,19.86,142.1,30.9,6.8,1436,173,Urban,Clay,4.4,0.0,7.0,Unconfined,9.5,17.45
2021-03-01,Chikkamagaluru,13.311389020257293,75.76425819340008,16.87,29.3,37.0,10.7,589,167,Agricultural,Clay,22.1,0.0,8.0,Unconfined,46.2,17.28
2023-02-19,Puttur,12.758463082285529,75.22718612243037,19.29,11.6,27.2,5.8,1290,742,Urban,Loam,8.4,-0.9,14.1,Confined,32.1,19.76
2024-01-24,Kolar,13.143174636292821,78.13883924826968,8.07,11.2,27.2,5.9,945,496,Urban,Clay,5.3,0.0,5.0,Unconfined,8.3,8.22
2023-05-30,Bengaluru North,13.023045981042106,77.59992905237225,14.77,42.6,32.4,8.5,701,95,Urban,Silty,3.7,0.0,0.7,Unconfined,3.9,14.38
2023-01-19,Yadgir,16.766466624103032,77.16115268297945,21.35,1.5,24.8,7.0,1164,529,Agricultural,Clay,10.6,0.0,1.2,Unconfined,23.7,21.91
2023-02-12,Badami,15.906119065954478,75.67263267732457,17.21,6.2,26.1,6.7,1210,567,Agricultural,Sandy,1.6,0.0,1.3,Unconfined,34.7,17.77
2023-06-30,Hassan,13.007730276863628,76.09590479054883,13.19,202.8,31.9,8.6,1076,277,Urban,Loam,8.4,0.0,10.3,Unconfined,4.9,9.61
2022-12-11,Udupi,13.329707393789086,74.73868010600108,35.4,5.5,20.3,4.8,400,431,Forest,Sandy,6.9,0.04,12.7,Confined,12.0,35.65
2022-01-18,Badami,15.934692414221402,75.68276452863122,18.76,6.6,22.4,5.3,1368,548,Agricultural,Clay,21.3,0.0,11.1,Unconfined,28.6,19.18
2022-05-06,Bagalkote,16.17459461162657,75.71206998339429,34.18,36.1,35.7,9.8,1147,252,Urban,Clay,5.9,0.0,10.5,Unconfined,2.3,33.97
2023-08-11,Sanduru,15.09473834247453,76.56832664368608,9.34,212.3,23.9,4.8,634,61,Agricultural,Loam,7.5,0.0,1.0,Unconfined,32.1,5.65
2020-10-07,Sirsi,14.637570503656741,74.82570198111613,21.91,23.7,25.7,5.8,822,36,Agricultural,Clay,15.5,0.0,12.3,Unconfined,51.7,22.24
2025-06-20,Davanagere,14.462255935356618,75.91179411379133,12.9,58.1,27.1,7.2,761,565,Urban,Loam,1.1,0.0,7.8,Confined,5.4,12.15
2021-12-08,Athani,16.716959408222525,75.06793086459405,10.12,1.5,20.4,4.9,1375,198,Agricultural,Sandy,5.4,0.0,3.6,Unconfined,30.6,10.64
2024-06-23,Hassan,13.01988562443333,76.10828993069106,27.58,57.2,30.2,8.0,127,485,Urban,Clay,1.4,0.0,3.2,Confined,7.0,26.91
2021-12-01,Mandya,12.521831813431913,76.89210506749606,11.52,0.0,22.0,5.5,1248,124,Agricultural,Sandy,24.4,0.0,7.8,Unconfined,45.9,12.25
2021-11-11,Mandya,12.518530098664417,76.88910678492473,24.08,28.6,30.2,7.9,573,161,Agricultural,Clay,3.5,0.0,1.8,Confined,41.0,24.31
2020-10-10,Hubballi,15.383540161523097,75.11643849006914,6.1,56.2,26.2,7.8,364,685,Urban,Clay,17.7,0.0,1.1,Confined,6.4,5.43
2024-07-05,Anekal,12.701188774974248,77.6871524097815,38.09,74.4,27.4,6.0,1171,547,Urban,Loam,7.0,0.0,11.8,Unconfined,4.3,36.95
2023-02-18,Sagara,14.15784556799471,75.03430658516787,39.32,11.0,27.2,7.8,907,245,Agricultural,Sandy,14.1,0.0,0.3,Confined,59.6,40.09
2021-12-28,Shivamogga,13.929542536843957,75.56890885395369,18.87,10.1,22.8,5.9,1147,252,Urban,Sandy,18.5,0.0,7.0,Confined,5.4,19.02
2020-12-17,Athani,16.720354723471576,75.06225772880887,10.33,17.3,28.2,6.4,1145,311,Agricultural,Silty,6.7,0.0,5.1,Confined,45.7,10.76
2025-02-09,Kolar,13.140017943997131,78.12805584013229,30.05,16.5,22.5,6.0,602,632,Urban,Silty,17.9,0.0,3.3,Confined,7.2,30.09
2024-02-13,Mangaluru,12.890848313032231,74.863387753675,23.36,3.1,27.6,5.8,710,337,Urban,Clay,21.7,-0.5,8.0,Confined,15.0,23.79
2024-05-10,Kolar,13.131281229382132,78.15448280239896,36.14,15.2,36.3,10.8,1240,109,Urban,Loam,6.8,0.0,1.3,Unconfined,5.6,36.43
2021-12-30,Mangaluru,12.903415256680088,74.8681569857561,34.6,7.4,26.9,5.7,188,165,Agricultural,Sandy,19.2,0.17,7.5,Unconfined,16.1,34.88
2021-03-26,Mangaluru,12.909749340964288,74.8581524743362,28.83,49.3,40.6,11.2,281,596,Agricultural,Loam,23.1,0.35,2.5,Confined,35.7,28.73
2023-04-18,Devanahalli,13.229856481947047,77.68526601229702,10.39,33.2,40.4,10.5,875,534,Agricultural,Silty,1.6,0.0,11.2,Confined,34.6,10.6
2020-09-25,Chitradurga,14.224701413073483,76.38701488105544,13.33,165.2,30.2,8.0,634,706,Urban,Clay,13.7,0.0,10.0,Confined,3.4,10.46
2024-10-22,Badami,15.91483500085492,75.70014797283956,12.29,21.7,26.3,6.7,1149,744,Agricultural,Loam,4.6,0.0,4.0,Confined,51.7,12.71
2022-12-04,Haveri,14.790521627879823,75.41108579546936,18.02,0.7,20.4,5.7,253,800,Agricultural,Clay,11.5,0.0,4.8,Unconfined,59.5,18.89
2022-03-06,Tumakuru,13.349567155374073,77.11727349672172,23.01,44.1,36.0,10.4,884,234,Urban,Sandy,24.5,0.0,6.8,Unconfined,9.1,22.74
2021-09-17,Udupi,13.336958847271449,74.75122172884622,37.61,167.3,22.0,4.7,1304,738,Urban,Sandy,23.0,0.72,8.8,Unconfined,18.7,34.61
2025-09-19,Shivamogga,13.931001009603198,75.57275073908667,7.31,176.9,22.9,6.4,1012,568,Urban,Sandy,4.0,0.0,7.0,Unconfined,2.1,4.11
2022-05-25,Kollegala,12.134370454080985,77.13526704751204,19.47,10.7,41.1,8.5,746,778,Agricultural,Sandy,2.9,0.0,0.7,Confined,57.8,20.26
2021-03-10,Chikkamagaluru,13.322623456808376,75.77444396390406,34.35,49.7,29.0,8.1,1449,263,Agricultural,Silty,1.6,0.0,7.2,Unconfined,36.4,34.12
2022-05-24,Sirsi,14.651405724462618,74.83776138385723,17.32,27.0,36.0,10.3,198,67,Agricultural,Sandy,22.3,0.0,11.7,Unconfined,45.3,17.75
2021-07-09,Kollegala,12.168175147890015,77.10144715163663,7.53,198.3,25.4,7.5,1314,741,Agricultural,Sandy,15.6,0.0,11.7,Unconfined,33.1,4.27
2022-03-21,Kundapura,13.635036094021784,74.68362502891374,25.49,31.1,38.7,10.6,246,579,Forest,Silty,9.4,0.05,12.0,Confined,12.9,25.52
2022-03-12,Kolar,13.126419399342005,78.1449534173134,17.27,40.0,33.5,7.0,657,596,Urban,Silty,7.0,0.0,3.6,Confined,6.8,16.89
2022-04-14,Ballari,15.1386513463061,76.90977539935099,14.5,11.9,32.1,8.5,830,189,Urban,Silty,2.2,0.0,4.4,Unconfined,6.6,14.75
2020-10-03,Badami,15.906543914206098,75.6868725138274,33.81,96.9,30.8,7.8,963,187,Agricultural,Clay,7.4,0.0,14.1,Unconfined,49.9,32.76
2024-01-28,Karwar,14.795880887387431,74.11905011458491,34.11,14.3,22.1,4.8,751,115,Urban,Loam,2.2,-0.82,6.4,Confined,8.1,34.23
2025-06-12,Yadgir,16.762138276762634,77.15911215323021,22.29,219.0,22.5,4.9,464,235,Agricultural,Loam,24.1,0.0,10.5,Confined,39.8,18.55
2023-11-30,Mangaluru,12.91719721242376,74.86615390695738,12.63,64.9,30.4,8.6,1162,430,Forest,Loam,2.5,0.76,4.2,Unconfined,32.0,12.01
2024-08-17,Shivamogga,13.930004125939254,75.5730114712729,24.2,167.4,25.6,6.5,1066,374,Urban,Clay,5.2,0.0,4.9,Unconfined,2.4,21.2
2022-11-15,Bengaluru North,13.064158695139081,77.61543238915719,7.1,20.9,27.5,6.8,562,433,Urban,Clay,11.0,0.0,8.9,Confined,6.0,7.08
2021-01-18,Bagalkote,16.18370980989294,75.67994989457067,9.75,3.9,29.7,8.8,950,164,Urban,Sandy,7.2,0.0,4.1,Confined,9.0,10.2
2023-05-16,Hunasuru,12.286225617991157,76.27920235417403,24.25,6.6,32.5,7.8,589,156,Agricultural,Clay,22.5,0.0,5.0,Unconfined,50.6,25.01
2023-07-12,Athani,16.722882735381987,75.05973816614902,9.96,228.0,27.8,8.2,796,357,Agricultural,Clay,7.1,0.0,2.4,Unconfined,44.9,6.26
2023-04-20,Mysuru,12.296946828588515,76.63083720818018,17.54,34.1,41.3,10.3,680,503,Urban,Silty,24.5,0.0,10.1,Confined,6.7,17.44
2024-05-03,Puttur,12.771306088057344,75.20412545627477,17.78,30.4,39.8,9.7,705,519,Urban,Silty,20.7,0.69,8.8,Confined,19.9,17.79
2024-09-06,Raichur,16.18880166724886,77.34358668857465,14.92,197.3,28.2,7.6,762,419,Urban,Loam,2.6,0.0,11.5,Unconfined,9.7,11.45
2021-07-10,Kundapura,13.624756266725242,74.68491937836038,28.38,213.8,27.8,5.7,884,711,Forest,Silty,19.7,-0.34,4.9,Unconfined,14.3,24.57
2024-09-04,Karwar,14.820398725444958,74.12650441443115,22.35,96.0,29.8,8.9,1003,510,Urban,Silty,13.4,0.43,12.4,Unconfined,32.7,21.16
2021-11-28,Sagara,14.170478018229876,75.02714444561718,31.68,44.4,32.0,8.0,620,618,Agricultural,Sandy,7.0,0.0,13.8,Confined,24.1,31.43
2024-11-15,Anekal,12.704123134212033,77.69733868121686,28.67,91.0,30.0,7.0,706,305,Urban,Loam,2.7,0.0,13.8,Confined,6.7,27.27
2021-08-19,Mandya,12.536392118782015,76.88716780152521,36.96,246.0,27.3,7.1,802,96,Agricultural,Sandy,19.2,0.0,12.2,Confined,58.4,32.98
2020-10-19,Badami,15.912585967793614,75.68846221660539,33.49,80.2,26.3,6.9,163,100,Agricultural,Loam,13.0,0.0,7.4,Confined,50.8,32.74
2021-11-09,Mandya,12.512625329055977,76.88525157966946,8.1,26.5,29.2,8.7,805,710,Agricultural,Loam,16.3,0.0,7.1,Confined,33.7,8.34
2022-10-24,Sagara,14.172260261047882,75.00157109444376,21.44,94.1,24.2,6.3,864,514,Agricultural,Loam,16.6,0.0,5.1,Unconfined,22.4,20.1
2024-03-07,Hassan,12.997800825220635,76.09555620702596,30.67,45.2,38.7,8.5,869,712,Urban,Sandy,4.7,0.0,9.2,Confined,6.2,30.25
2021-11-02,Haveri,14.79153778288257,75.41431342237446,26.39,89.6,33.5,9.4,1494,67,Agricultural,Clay,16.6,0.0,4.7,Confined,57.8,25.65
2020-12-16,Mysuru,12.278528531891201,76.63234954113713,6.04,9.5,25.9,5.9,1356,289,Urban,Clay,22.5,0.0,11.8,Unconfined,2.0,6.16
2021-10-08,Karwar,14.805982442682327,74.12635607404968,33.45,48.2,25.4,7.1,1002,776,Forest,Clay,16.3,0.37,13.4,Unconfined,19.6,33.0
2021-07-06,Udupi,13.336006826354085,74.75422429946401,29.45,161.5,27.3,7.5,1406,456,Forest,Clay,23.4,0.06,11.7,Confined,5.3,26.64
2024-07-20,Anekal,12.707682360526166,77.6949469018903,9.63,187.7,31.1,6.8,851,47,Urban,Loam,9.7,0.0,13.6,Confined,8.1,6.3
2022-03-08,Udupi,13.317309107198469,74.72421503502814,27.5,31.6,36.9,8.5,605,61,Agricultural,Sandy,14.2,0.9,8.7,Unconfined,27.3,27.48
2023-02-03,Madikeri,12.408629983946346,75.74538411212177,26.03,8.1,26.1,5.5,756,265,Agricultural,Sandy,17.9,0.0,5.9,Confined,32.6,26.47
2025-06-22,Tumakuru,13.343481391964108,77.09655809052693,17.19,139.6,28.8,6.2,1242,341,Urban,Clay,16.3,0.0,7.8,Confined,0.5,14.71
2021-11-21,Mysuru,12.304315016315778,76.63090867897218,15.54,31.0,32.8,6.9,794,763,Urban,Silty,21.9,0.0,11.8,Confined,1.0,15.28
2022-01-18,Udupi,13.347493671943997,74.73606102453664,7.29,1.6,20.9,5.5,1433,323,Agricultural,Sandy,15.1,0.61,14.1,Unconfined,5.3,7.53
2021-02-06,Raichur,16.213146938837127,77.34577731533875,33.41,18.7,29.5,6.8,1168,191,Urban,Sandy,9.9,0.0,11.4,Unconfined,4.3,33.42
2024-10-14,Puttur,12.769212285603675,75.20575890444594,26.99,42.4,33.6,9.5,1069,516,Forest,Silty,7.4,-0.94,9.6,Unconfined,20.2,26.91
2021-03-20,Karwar,14.815523897125466,74.13533244356822,37.3,27.9,41.5,10.8,809,537,Urban,Clay,21.6,-0.61,7.5,Unconfined,22.4,37.57
2022-06-05,Hubballi,15.354868253427615,75.11738211718765,19.7,224.7,22.5,5.9,216,243,Urban,Loam,12.0,0.0,2.5,Unconfined,9.1,15.59
2023-05-13,Mandya,12.51301630130272,76.9032748791194,33.62,39.2,35.6,9.7,1325,329,Agricultural,Clay,21.0,0.0,5.5,Unconfined,47.4,33.79
2021-09-12,Athani,16.72738433282503,75.07491770237132,28.71,121.5,26.9,6.2,660,677,Agricultural,Clay,10.8,0.0,7.0,Unconfined,45.1,27.04
2025-08-14,Athani,16.73138119215699,75.06444095942184,39.45,89.4,24.1,7.0,777,508,Agricultural,Loam,13.9,0.0,3.5,Confined,38.1,38.39
2025-08-26,Mandya,12.524984964707173,76.89410734460306,32.72,250.0,23.4,6.6,439,767,Agricultural,Sandy,13.5,0.0,11.6,Unconfined,51.4,28.56
2023-06-26,Sakleshpura,12.984477787696777,75.78597538355145,6.71,96.4,27.0,5.8,601,373,Agricultural,Sandy,3.8,0.0,6.8,Unconfined,22.6,5.3
2023-01-12,Gokak,16.186414343303902,74.8369757244052,38.11,7.0,27.1,6.7,534,793,Urban,Clay,13.0,0.0,14.2,Unconfined,2.1,38.33
2024-01-01,Tumakuru,13.347941357670551,77.10182360172324,20.42,11.8,22.6,5.2,774,356,Urban,Loam,7.3,0.0,8.7,Unconfined,8.6,20.53
2022-01-02,Kundapura,13.617392745200565,74.67610391578582,30.04,2.4,25.6,7.0,822,63,Agricultural,Sandy,7.5,-0.09,3.8,Confined,18.4,30.54
2021-09-09,Sagara,14.17003696576244,75.03680628252012,27.48,241.9,31.9,7.6,406,281,Agricultural,Silty,10.6,0.0,12.8,Confined,40.0,23.42
2024-06-19,Hunasuru,12.304587214143563,76.29848543621362,29.88,93.7,28.2,7.4,881,706,Agricultural,Silty,17.5,0.0,11.2,Unconfined,54.1,28.92
2023-03-09,Mysuru,12.305454314629987,76.64800584570389,12.63,28.5,40.2,9.7,389,451,Urban,Clay,22.9,0.0,12.7,Confined,9.0,12.63
2024-09-04,Mangaluru,12.916288968617854,74.87938333916414,17.62,139.2,32.0,8.7,579,78,Forest,Clay,17.2,-0.77,5.7,Confined,11.3,15.46
2022-08-31,Kollegala,12.14579639759316,77.1225963172179,26.74,178.1,30.3,6.1,285,199,Agricultural,Sandy,19.4,0.0,7.5,Confined,24.0,23.72
2021-10-31,Sanduru,15.093211135463322,76.53994448757648,6.17,88.1,28.6,8.3,1438,756,Agricultural,Sandy,3.6,0.0,4.0,Confined,39.1,5.21
2021-01-10,Kolar,13.113790016828792,78.12913994176095,29.35,15.7,21.3,4.6,322,492,Urban,Clay,13.9,0.0,13.3,Confined,0.1,29.27
2023-07-15,Raichur,16.206078759665175,77.3472507072185,9.23,192.5,27.0,7.0,1206,270,Urban,Loam,5.0,0.0,5.7,Confined,0.8,5.74
2024-03-30,Madikeri,12.427150049463716,75.75230232951212,12.76,38.5,38.0,9.9,1227,166,Agricultural,Loam,5.1,0.0,3.0,Unconfined,26.8,12.75
2025-09-12,Sringeri,13.433615988318774,75.2437905341181,8.47,184.3,26.4,6.3,1156,309,Agricultural,Loam,22.7,0.0,8.2,Confined,43.0,5.53
2024-01-17,Sakleshpura,12.987964865015787,75.78771020615312,19.66,7.8,21.8,6.3,1343,745,Agricultural,Silty,11.8,0.0,12.3,Unconfined,49.1,20.31
2023-04-26,Chikkamagaluru,13.31798037135994,75.80266108986991,33.36,8.4,38.2,9.9,1088,289,Agricultural,Sandy,7.3,0.0,7.8,Unconfined,29.0,33.98
2022-07-26,Raichur,16.211312528099366,77.35326754124182,27.1,91.5,24.8,5.1,1008,128,Urban,Clay,10.7,0.0,5.5,Unconfined,0.3,25.53
2025-02-27,Chitradurga,14.252341169937575,76.40089495994738,10.94,8.9,27.5,8.1,680,539,Urban,Clay,16.4,0.0,11.6,Unconfined,8.7,11.25
2021-03-27,Shivamogga,13.928366259291872,75.56308905820833,14.36,44.7,40.7,11.5,807,540,Urban,Silty,9.4,0.0,9.4,Unconfined,0.5,14.05
2024-09-09,Hassan,13.02031679883976,76.08391791176732,31.08,191.8,30.9,8.1,1061,354,Urban,Clay,17.8,0.0,7.9,Unconfined,9.5,27.74
2021-08-14,Sringeri,13.40160058011447,75.24970828049427,25.14,99.1,25.3,5.5,1236,445,Agricultural,Loam,7.2,0.0,1.7,Unconfined,35.9,23.79
2024-02-24,Mangaluru,12.912483137207081,74.8629640289541,9.54,14.1,26.0,5.9,1105,670,Urban,Clay,12.6,-0.08,8.5,Unconfined,18.0,9.74
2023-09-12,Ballari,15.148706377683695,76.92023818145744,19.13,123.6,23.9,6.8,1006,471,Urban,Silty,23.0,0.0,10.9,Confined,1.5,17.01
2024-12-08,Karwar,14.823163125840594,74.13324625936127,5.36,9.1,25.0,7.1,1304,414,Forest,Sandy,9.5,-0.93,2.0,Unconfined,19.0,5.82
2022-12-07,Sagara,14.175403071699705,75.0335902483684,11.03,10.4,24.5,6.4,1337,692,Agricultural,Sandy,3.7,0.0,9.3,Unconfined,52.9,11.67
2022-11-09,Kollegala,12.152520613084324,77.12394651369121,6.72,22.6,26.8,7.1,1298,647,Agricultural,Loam,1.1,0.0,2.6,Unconfined,58.7,7.21
2020-11-20,Hubballi,15.365401819837977,75.11148592344983,16.68,82.5,29.6,7.7,1497,353,Urban,Sandy,3.0,0.0,10.3,Unconfined,9.7,15.51
2025-09-01,Gokak,16.159148236543125,74.82358574925432,13.71,67.8,27.8,7.1,494,484,Urban,Clay,10.9,0.0,9.0,Unconfined,6.8,12.78
2021-12-03,Ballari,15.142201403235365,76.92685120630757,32.23,11.7,27.7,6.9,554,376,Urban,Clay,21.1,0.0,13.3,Unconfined,6.1,32.4
2021-07-07,Ballari,15.128731695467485,76.91710429360573,6.34,112.8,32.0,9.5,541,286,Urban,Silty,18.1,0.0,4.2,Unconfined,6.7,4.63
2022-08-01,Tumakuru,13.339984573189382,77.11082940410974,10.97,247.5,28.5,6.0,641,656,Urban,Silty,12.7,0.0,9.3,Confined,2.2,6.34
2022-02-11,Ballari,15.135936958066187,76.92939512578027,33.64,1.8,21.2,6.0,906,676,Urban,Silty,3.1,0.0,5.5,Unconfined,9.4,34.0
2021-05-24,Tumakuru,13.355617063533268,77.11024271385138,24.96,22.9,35.6,7.7,781,508,Urban,Loam,12.6,0.0,10.5,Confined,4.0,24.93
2022-03-31,Shivamogga,13.938220707237013,75.57022803134652,36.05,2.4,31.0,8.5,191,514,Urban,Sandy,16.4,0.0,5.3,Unconfined,2.4,36.45
2021-03-01,Kolar,13.120861296715256,78.13306770081401,38.42,4.6,34.9,7.1,1260,520,Urban,Loam,22.1,0.0,11.0,Confined,5.5,38.74
2023-02-14,Karwar,14.82954102477227,74.11294648853811,23.44,11.9,29.3,6.6,339,29,Forest,Clay,11.6,-0.74,4.1,Unconfined,36.2,23.97
2022-03-18,Anekal,12.720514254291317,77.67962078689968,26.41,37.0,31.9,7.1,891,114,Urban,Silty,13.8,0.0,13.8,Unconfined,5.0,26.08
2023-09-01,Devanahalli,13.247315998369261,77.70801543918357,32.26,240.4,24.9,5.8,218,282,Agricultural,Sandy,2.6,0.0,10.0,Unconfined,35.1,28.09
2021-12-28,Badami,15.92768997383127,75.65499035986551,11.09,8.2,25.1,6.0,802,725,Agricultural,Loam,15.6,0.0,11.3,Unconfined,25.8,11.48
2021-01-14,Udupi,13.33786413478901,74.72913937017557,19.99,4.3,24.2,6.8,1011,718,Forest,Sandy,13.2,0.08,7.0,Unconfined,21.5,20.45
2025-03-28,Chitradurga,14.209009836866862,76.41426082736423,26.78,36.7,32.9,8.5,567,478,Urban,Clay,24.5,0.0,11.6,Unconfined,1.9,26.49
2024-11-30,Sanduru,15.108306073888292,76.53979088661704,5.21,43.8,33.7,8.7,1387,240,Agricultural,Sandy,23.0,0.0,14.5,Unconfined,53.8,5.31
2022-08-23,Udupi,13.340730606381586,74.74961974627134,28.82,179.9,23.8,5.0,1229,684,Forest,Loam,7.0,0.7,8.3,Unconfined,28.8,25.69
2021-06-28,Mangaluru,12.912222683279602,74.82984379086997,19.04,74.4,23.5,6.5,457,476,Agricultural,Sandy,11.1,-0.34,6.5,Unconfined,8.3,17.99
2025-01-29,Sakleshpura,12.966114911405985,75.79486383922314,22.15,1.4,27.0,7.0,123,203,Agricultural,Silty,2.3,0.0,12.1,Confined,26.9,22.74
2023-12-18,Bengaluru North,13.03553193695547,77.59785061979738,12.81,7.1,29.3,7.2,791,250,Urban,Clay,5.1,0.0,6.3,Unconfined,8.9,13.12
2021-12-02,Sringeri,13.422267747517504,75.23291082886054,34.84,17.1,23.3,6.1,1216,766,Agricultural,Loam,11.4,0.0,11.0,Confined,51.1,35.31
2025-07-14,Raichur,16.207032581380318,77.34413215464106,36.9,117.6,25.4,6.4,927,243,Urban,Sandy,10.7,0.0,2.0,Confined,1.9,34.89
2023-07-29,Shivamogga,13.921629544577849,75.58956097253657,10.09,217.5,26.2,5.7,1395,713,Urban,Silty,2.5,0.0,9.7,Confined,6.4,6.09
2023-12-14,Badami,15.907691239340085,75.6714699893219,39.34,10.4,21.7,4.7,1167,405,Agricultural,Loam,10.4,0.0,5.3,Confined,40.3,39.77
2021-07-06,Mangaluru,12.908269237777484,74.84718575188369,15.41,75.6,27.3,6.6,581,588,Urban,Sandy,2.4,-0.04,5.8,Unconfined,35.0,14.58
2022-06-02,Yadgir,16.774538203628843,77.15977976692774,9.04,98.1,25.8,6.5,267,40,Agricultural,Loam,19.9,0.0,8.0,Unconfined,58.0,7.98
2024-09-20,Davanagere,14.457916482668187,75.93985162484495,23.57,112.5,29.1,7.0,219,206,Urban,Clay,1.5,0.0,1.0,Confined,4.5,21.72
2025-03-16,Sagara,14.15969526460777,75.02164949977157,11.45,41.0,41.9,10.7,1274,505,Agricultural,Clay,13.3,0.0,8.5,Unconfined,56.1,11.73
2021-08-02,Gokak,16.161584221507834,74.82451737443178,38.66,146.4,31.1,8.0,1484,694,Urban,Silty,16.0,0.0,10.6,Confined,1.6,36.15
2024-07-08,Anekal,12.699208779540806,77.70291579211067,31.74,141.1,23.7,5.6,375,696,Urban,Sandy,15.5,0.0,1.0,Confined,5.7,29.25
2024-06-22,Mysuru,12.306952937752735,76.63373804723322,6.65,197.9,23.9,6.0,1388,424,Urban,Loam,22.2,0.0,10.9,Unconfined,8.3,3.08
2025-07-19,Yadgir,16.761916443739114,77.15426214413262,15.1,184.0,24.4,6.4,1263,249,Agricultural,Sandy,8.0,0.0,11.7,Confined,42.1,12.16
2023-10-31,Athani,16.729094225075098,75.08330041020457,35.06,74.9,33.1,9.6,919,629,Agricultural,Loam,4.6,0.0,11.9,Confined,36.2,34.4
2025-04-13,Madikeri,12.439827413218516,75.7352356511944,24.25,36.1,40.5,10.2,372,706,Agricultural,Loam,12.8,0.0,12.1,Confined,43.5,24.47
2025-03-29,Mandya,12.520009588079374,76.90756095845555,13.14,5.6,35.1,7.4,1185,708,Agricultural,Sandy,17.4,0.0,14.3,Confined,32.7,13.72
2023-06-17,Hubballi,15.365468052189584,75.12214702087907,12.87,200.8,26.8,7.2,899,14,Urban,Silty,9.0,0.0,7.9,Confined,7.0,9.28
2021-06-23,Anekal,12.702280470332667,77.7026277973509,24.08,238.8,27.4,6.2,951,672,Urban,Clay,2.6,0.0,14.3,Unconfined,6.1,19.67
2022-11-23,Yadgir,16.759198759479393,77.14661880453185,16.82,89.3,29.9,8.8,759,618,Agricultural,Silty,16.7,0.0,4.4,Confined,41.9,15.89
2023-11-20,Doddaballapura,13.297422256630417,77.54753039106645,10.76,31.8,26.3,6.8,151,427,Agricultural,Loam,17.8,0.0,3.4,Confined,27.8,10.74
2023-05-02,Puttur,12.766121774103716,75.2173952460052,20.64,14.2,35.2,9.2,1029,344,Forest,Loam,23.1,-0.09,14.4,Unconfined,21.4,21.04
2022-02-10,Sanduru,15.096479124434467,76.55552165920177,9.78,18.8,24.3,6.3,1160,586,Agricultural,Loam,9.1,0.0,3.2,Confined,22.7,9.95
2024-06-18,Mandya,12.514929303073503,76.89820003750059,25.65,81.6,23.5,6.8,916,659,Agricultural,Sandy,6.6,0.0,6.7,Unconfined,43.3,24.79
2023-05-28,Puttur,12.769444405013424,75.2262546743613,6.38,19.4,35.0,9.2,1470,235,Agricultural,Silty,24.2,-0.67,3.2,Unconfined,13.4,6.65
2021-02-04,Sakleshpura,12.961217688989025,75.75230143653918,10.96,15.5,24.2,4.8,1037,591,Agricultural,Clay,1.9,0.0,10.0,Confined,46.7,11.36
2023-03-29,Athani,16.740509485597773,75.0550304461304,21.65,1.0,31.1,7.3,945,589,Agricultural,Loam,17.4,0.0,7.8,Confined,57.7,22.57
2025-08-04,Shivamogga,13.917303149010944,75.58227924978041,39.73,87.0,29.2,5.9,1367,51,Urban,Clay,9.6,0.0,6.1,Unconfined,0.7,38.29
2021-04-14,Chikkamagaluru,13.334907807267607,75.78454907364664,29.2,0.6,35.2,7.4,300,518,Agricultural,Loam,21.9,0.0,6.2,Unconfined,26.4,29.82
2020-10-24,Karwar,14.80784430937556,74.1314320724184,23.38,38.1,30.0,6.3,550,278,Urban,Silty,19.3,-0.15,5.8,Unconfined,29.8,23.25
2024-06-22,Udupi,13.333511372512756,74.77321445979584,22.51,136.2,23.3,6.0,1334,332,Urban,Sandy,14.2,-0.82,11.2,Unconfined,34.9,20.52
2023-06-29,Davanagere,14.469936471545783,75.93662236834288,32.58,102.4,25.4,5.9,1488,146,Urban,Sandy,13.5,0.0,3.6,Unconfined,3.7,30.86
2022-01-19,Kolar,13.126846288846286,78.14985004142629,18.39,14.1,20.7,5.1,602,428,Urban,Silty,15.8,0.0,1.1,Confined,2.9,18.39
2021-07-11,Kundapura,13.626039448764566,74.67038556192482,9.44,163.5,22.0,6.1,1480,604,Urban,Silty,23.8,-0.39,12.5,Unconfined,6.6,6.58
2024-10-06,Hubballi,15.354702775573454,75.10365055614511,12.35,25.7,29.3,7.2,1048,173,Urban,Loam,16.8,0.0,7.0,Unconfined,4.2,12.24
2021-06-06,Shivamogga,13.933809249783717,75.5547192343387,11.24,216.7,31.6,8.9,500,605,Urban,Clay,13.8,0.0,10.9,Unconfined,1.0,7.36
2023-06-01,Badami,15.916336547835018,75.6838701845714,12.49,210.7,31.4,7.9,118,337,Agricultural,Loam,1.5,0.0,12.7,Unconfined,23.3,8.9
2023-09-10,Sakleshpura,12.968996277480763,75.78655252265574,22.42,204.8,28.5,7.0,1293,75,Agricultural,Clay,8.8,0.0,4.3,Confined,49.4,19.17
2025-04-04,Yadgir,16.772050641544805,77.15062558891418,15.06,3.9,40.0,11.7,1179,168,Agricultural,Clay,24.2,0.0,14.6,Unconfined,24.0,15.81
2020-10-02,Kundapura,13.628932612930722,74.69725613414595,18.76,54.2,32.1,7.1,109,218,Agricultural,Loam,9.7,-0.13,3.6,Confined,18.2,18.23
2024-10-21,Madikeri,12.420069054462864,75.74334083853581,19.18,51.3,30.0,6.4,1481,32,Agricultural,Clay,1.8,0.0,2.2,Confined,45.2,18.93
2024-05-26,Sringeri,13.410920177101731,75.24346156572227,29.76,19.5,30.9,7.8,285,788,Agricultural,Sandy,22.6,0.0,4.1,Confined,41.8,30.18
2023-12-08,Sakleshpura,12.993208988811414,75.79049670901694,18.04,15.2,28.7,6.7,1191,312,Agricultural,Loam,17.2,0.0,13.0,Unconfined,47.3,18.54
2022-05-05,Sirsi,14.62724522448134,74.82686280321968,31.96,25.4,35.1,9.5,1315,579,Agricultural,Clay,21.1,0.0,0.7,Confined,24.2,32.17
2024-02-26,Chikkamagaluru,13.312761040694474,75.79378598466994,31.5,1.1,25.3,7.0,1249,335,Agricultural,Clay,1.9,0.0,4.9,Unconfined,44.5,32.27
2021-04-09,Chitradurga,14.212066704999073,76.38093051885845,35.47,34.0,41.9,9.7,1497,168,Urban,Clay,21.6,0.0,12.7,Confined,9.3,35.37
2025-03-18,Davanagere,14.468019698146366,75.91900335641398,29.36,47.5,39.9,8.3,411,447,Urban,Silty,3.8,0.0,5.6,Confined,8.4,28.91
2022-02-28,Doddaballapura,13.27002048139331,77.52770419091755,24.67,12.6,29.6,6.1,509,441,Agricultural,Loam,21.1,0.0,6.7,Unconfined,58.6,25.31
2023-01-26,Kolar,13.131559344936084,78.13184345741608,21.01,2.9,21.8,5.2,988,770,Urban,Sandy,21.4,0.0,12.8,Confined,1.8,21.23
2022-01-24,Shivamogga,13.936892720626766,75.56314536384589,31.26,5.7,26.3,7.5,1391,744,Urban,Clay,6.7,0.0,2.2,Confined,1.1,31.53
2022-05-29,Badami,15.908111339454479,75.68369928113741,9.94,45.4,37.6,8.2,911,347,Agricultural,Loam,14.8,0.0,8.4,Unconfined,58.8,10.03
2021-08-31,Mandya,12.5150358103252,76.89343678965133,24.19,69.3,31.0,6.2,382,576,Agricultural,Clay,10.8,0.0,1.5,Confined,39.8,23.51
2020-11-09,Sanduru,15.105284884567592,76.5495519620242,26.35,70.6,30.3,7.9,1375,377,Agricultural,Loam,19.4,0.0,3.7,Confined,54.1,25.87
2021-11-29,Mysuru,12.285165146619466,76.65281018128549,30.22,42.4,27.9,7.9,588,270,Urban,Sandy,3.6,0.0,8.3,Unconfined,5.4,29.82
2025-07-24,Mangaluru,12.924698272325262,74.85811589148375,39.44,174.1,22.8,6.2,275,577,Agricultural,Sandy,4.7,-0.1,15.0,Confined,9.9,36.38
2025-04-21,Sagara,14.157861982244155,75.02435644738547,31.27,6.6,35.8,10.2,1265,487,Agricultural,Silty,11.5,0.0,8.4,Confined,32.6,31.97
2020-11-27,Yadgir,16.76928459782109,77.13066884212424,6.73,66.0,28.0,7.6,1286,129,Agricultural,Loam,14.1,0.0,13.5,Unconfined,22.6,6.02
2023-12-11,Sringeri,13.427885400398008,75.24317123376971,35.3,17.6,24.6,5.3,364,581,Agricultural,Loam,16.5,0.0,11.1,Confined,34.7,35.56
2025-01-15,Mysuru,12.296360621514134,76.63704006030187,8.92,14.8,26.6,6.4,147,510,Urban,Clay,7.6,0.0,7.6,Confined,8.6,9.03
2025-06-28,Bagalkote,16.184194466587154,75.70334172887155,5.39,157.0,22.4,5.3,797,40,Urban,Silty,17.4,0.0,6.7,Confined,9.5,2.61
2021-05-14,Sringeri,13.425295667039693,75.25010370630388,12.93,11.9,34.1,8.3,1113,67,Agricultural,Silty,14.3,0.0,12.6,Unconfined,28.6,13.39
2023-10-12,Kundapura,13.639154832661212,74.6964801937928,36.97,57.8,26.3,7.0,398,409,Forest,Silty,3.6,-0.57,0.7,Confined,17.6,36.4
2024-03-19,Haveri,14.811305944178947,75.40091278452878,37.93,48.8,41.2,11.3,1446,768,Agricultural,Silty,22.1,0.0,2.4,Confined,21.3,37.73
2024-09-22,Yadgir,16.77920010228771,77.14949264936344,36.5,124.9,31.5,8.6,237,464,Agricultural,Silty,5.0,0.0,7.0,Unconfined,34.9,34.78
2022-09-17,Anekal,12.705994823063863,77.6918995157414,9.48,133.1,31.5,9.2,230,286,Urban,Silty,8.7,0.0,10.5,Unconfined,4.2,7.32
2024-06-05,Mysuru,12.284380227664192,76.62815454329778,32.69,118.6,23.2,4.8,1063,654,Urban,Sandy,24.2,0.0,3.4,Confined,1.5,30.57
2021-01-06,Sirsi,14.618021015639032,74.83233137525855,22.58,4.5,24.5,6.0,559,559,Agricultural,Loam,1.2,0.0,7.6,Confined,29.3,23.08
2021-09-05,Raichur,16.203167311736646,77.34424686728627,15.57,130.5,24.9,5.7,1390,758,Urban,Sandy,1.8,0.0,5.3,Confined,1.1,13.26
2020-12-23,Puttur,12.768455783059052,75.22019605659828,21.76,18.5,25.2,5.8,425,500,Urban,Silty,19.4,-0.04,0.2,Unconfined,34.0,22.02
2020-09-24,Raichur,16.218676517770923,77.36572932341433,25.76,239.5,25.4,6.7,434,254,Urban,Clay,24.9,0.0,7.0,Unconfined,2.3,21.33
2020-11-02,Davanagere,14.448844810289716,75.9188579101545,33.44,56.4,28.6,8.5,878,376,Urban,Clay,9.2,0.0,6.6,Unconfined,2.2,32.76
2021-10-03,Yadgir,16.761887969691344,77.12374060210097,29.53,33.8,28.4,5.9,980,524,Agricultural,Sandy,15.6,0.0,14.0,Unconfined,24.2,29.39
2021-03-15,Kolar,13.130452362180408,78.13398225634222,21.83,45.4,32.3,8.9,1236,239,Urban,Clay,23.8,0.0,9.8,Confined,4.8,21.41
2021-08-20,Chitradurga,14.231704998878682,76.40074380400048,37.18,240.6,29.5,6.9,121,229,Urban,Loam,20.8,0.0,7.7,Unconfined,6.5,32.78
2022-02-10,Haveri,14.783239252129032,75.41169804603645,21.03,6.8,20.1,4.5,862,591,Agricultural,Loam,4.0,0.0,0.8,Confined,44.4,21.56
2023-07-18,Mysuru,12.298460789457893,76.64981193932277,21.64,137.3,26.3,7.6,631,531,Urban,Sandy,11.3,0.0,2.2,Unconfined,1.3,19.29
2024-04-29,Yadgir,16.766886248681047,77.13019658032336,15.33,31.5,39.0,8.1,943,544,Agricultural,Silty,16.7,0.0,13.2,Unconfined,50.9,15.61
2025-08-02,Doddaballapura,13.291898330130444,77.5481743993557,6.78,101.1,29.7,8.0,1043,393,Agricultural,Clay,21.1,0.0,3.3,Confined,42.6,5.58
2023-10-10,Athani,16.728052749119502,75.05111384808431,36.87,87.2,25.6,6.9,152,10,Agricultural,Silty,5.1,0.0,4.4,Confined,32.1,35.79
2022-04-30,Raichur,16.209375946287356,77.34646403107651,11.3,27.4,36.3,9.5,748,228,Urban,Loam,5.7,0.0,5.5,Unconfined,2.3,11.25
2024-09-23,Kolar,13.133221686639502,78.12388758064068,14.78,99.9,31.7,9.2,503,179,Urban,Sandy,2.5,0.0,11.8,Unconfined,1.7,13.26
2024-05-28,Puttur,12.761441913808339,75.22751510545652,22.24,14.4,39.0,9.9,605,565,Agricultural,Silty,18.1,-0.99,6.3,Confined,9.3,22.64
2022-03-17,Anekal,12.712159119239105,77.67533605524916,13.02,44.9,28.8,6.7,332,93,Urban,Silty,6.6,0.0,7.1,Confined,9.1,12.55
2021-12-01,Shivamogga,13.921742024284478,75.57496005793041,28.05,5.8,20.4,6.0,1413,289,Urban,Clay,18.9,0.0,10.9,Confined,9.3,28.33
2025-08-06,Bagalkote,16.182770774532695,75.67877222027862,31.95,127.3,25.0,6.6,103,509,Urban,Loam,13.0,0.0,7.9,Unconfined,5.5,29.79
2025-09-03,Raichur,16.21814467331296,77.35788745676399,15.68,152.9,27.6,8.2,183,740,Urban,Sandy,19.6,0.0,10.1,Confined,7.3,13.11
2022-03-21,Raichur,16.20573342751538,77.34573407898091,32.6,46.6,37.7,7.8,586,321,Urban,Loam,6.7,0.0,14.3,Unconfined,2.9,32.09
2020-11-13,Mangaluru,12.909714530636696,74.869232960935,7.06,97.0,33.2,9.9,302,239,Agricultural,Silty,22.9,1.0,8.4,Unconfined,39.7,5.91
2021-06-06,Mandya,12.537581053960368,76.89877087217407,8.58,181.0,22.9,6.6,1157,566,Agricultural,Loam,6.9,0.0,5.6,Unconfined,41.5,5.71
2025-06-21,Davanagere,14.452351328939663,75.91743939628705,29.11,73.0,24.0,6.4,829,280,Urban,Silty,17.6,0.0,7.5,Confined,7.6,28.05
2024-12-23,Madikeri,12.428206041087824,75.73354010141092,12.68,15.0,23.7,6.8,502,241,Agricultural,Silty,5.9,0.0,12.3,Unconfined,24.5,12.96
2025-09-21,Tumakuru,13.345038736553763,77.10550076415194,19.88,124.6,29.7,6.0,484,619,Urban,Sandy,7.1,0.0,10.6,Confined,5.3,17.74
2020-12-18,Shivamogga,13.933173082127219,75.55999493276423,25.68,18.3,28.9,6.1,1211,56,Urban,Sandy,8.0,0.0,2.3,Confined,7.8,25.7
2024-11-11,Gokak,16.161274973611615,74.82740399724217,12.79,29.5,33.2,8.6,1103,410,Urban,Loam,14.8,0.0,10.0,Confined,1.2,12.64
2023-02-07,Chitradurga,14.211145599874294,76.41402333802584,20.76,11.7,26.0,7.6,1173,177,Urban,Loam,23.6,0.0,1.8,Confined,9.6,21.0
2022-07-23,Mandya,12.518339326067236,76.89704880501912,14.25,145.2,31.7,6.9,417,245,Agricultural,Loam,5.2,0.0,12.8,Unconfined,59.1,12.28
2024-09-18,Anekal,12.701189072064908,77.69619397700974,30.19,221.2,26.1,6.4,1174,777,Urban,Sandy,6.3,0.0,3.9,Confined,6.1,26.15
2023-03-31,Raichur,16.216575587865623,77.34618089173864,32.03,15.5,28.0,7.1,309,223,Urban,Sandy,2.3,0.0,9.4,Confined,2.2,32.1
2021-11-19,Shivamogga,13.91824546243937,75.55750432006215,21.17,43.8,33.6,8.3,590,774,Urban,Silty,7.1,0.0,8.6,Confined,4.1,20.75
2021-11-13,Doddaballapura,13.291258740714703,77.54326579423676,39.13,89.9,32.8,7.0,1242,493,Agricultural,Sandy,8.5,0.0,1.1,Unconfined,32.9,38.01
2024-06-13,Kundapura,13.630061936183035,74.68285438327429,14.76,73.2,29.5,6.7,116,406,Agricultural,Silty,2.5,-0.28,5.5,Confined,21.9,13.88
2021-06-26,Chitradurga,14.226330206008901,76.37587485076882,14.9,196.8,24.6,6.8,852,130,Urban,Loam,7.5,0.0,8.4,Confined,3.0,11.33
2024-09-06,Tumakuru,13.351287932160728,77.10260694936254,14.85,149.0,23.8,5.0,277,708,Urban,Loam,5.4,0.0,9.0,Unconfined,1.7,12.14
2022-01-16,Chitradurga,14.207928991222254,76.39539684007977,18.16,0.7,20.2,5.1,329,233,Urban,Sandy,13.7,0.0,1.6,Unconfined,8.4,18.48
2023-08-02,Davanagere,14.452246761993086,75.90928844037595,37.18,114.7,25.0,6.5,794,19,Urban,Loam,8.5,0.0,6.9,Unconfined,9.1,35.3
2023-11-26,Haveri,14.793463159443355,75.41994771564866,22.46,53.5,33.5,7.9,355,332,Agricultural,Clay,23.9,0.0,12.5,Confined,23.8,22.02
2021-08-18,Haveri,14.796061922207242,75.41319360180493,35.48,231.2,22.9,6.0,493,574,Agricultural,Silty,17.4,0.0,10.2,Unconfined,39.6,31.55
2025-08-13,Madikeri,12.420120021802447,75.73744075951959,24.21,102.8,25.4,6.5,871,289,Agricultural,Clay,21.3,0.0,11.4,Unconfined,33.2,22.81
2020-12-25,Udupi,13.336452878992786,74.74577515313801,21.26,14.6,20.1,4.6,1165,607,Urban,Sandy,3.0,0.78,5.5,Unconfined,18.4,21.3
2024-09-10,Udupi,13.325238941913346,74.75496740264997,18.85,51.9,24.1,5.4,1291,677,Forest,Clay,2.7,-0.72,7.3,Confined,38.5,18.54
2023-11-23,Puttur,12.777187036583353,75.2043633101539,36.42,48.0,29.8,8.9,1353,252,Forest,Sandy,23.1,0.29,1.4,Unconfined,18.7,36.06
2021-03-28,Puttur,12.747957056449314,75.21597019717352,20.46,41.4,41.1,8.5,570,397,Agricultural,Loam,9.0,-1.0,1.5,Unconfined,11.1,20.27
2022-03-11,Bagalkote,16.179796061387513,75.68856613225648,30.36,12.8,32.9,6.8,1119,594,Urban,Loam,14.6,0.0,6.2,Unconfined,1.1,30.45
2020-10-15,Haveri,14.811877019178397,75.41011052062468,30.53,95.3,31.9,8.5,1479,519,Agricultural,Silty,11.0,0.0,1.0,Unconfined,34.7,29.4
2023-04-21,Sakleshpura,12.984749660228532,75.78816685807928,23.73,1.8,39.8,10.2,1196,610,Agricultural,Loam,24.4,0.0,2.0,Unconfined,33.9,24.54
2020-11-16,Yadgir,16.763770941976226,77.16304814287504,5.08,94.8,31.2,9.2,851,611,Agricultural,Clay,21.6,0.0,5.3,Confined,46.4,4.11
2022-11-04,Puttur,12.768433782471309,75.21551464828129,22.03,68.5,29.0,7.7,553,204,Forest,Loam,2.5,-0.73,10.0,Unconfined,34.1,21.46
2023-04-15,Bagalkote,16.200619639349608,75.72057061919762,33.92,28.8,35.3,9.7,1336,345,Urban,Clay,14.4,0.0,7.6,Confined,9.9,33.93
2022-12-20,Doddaballapura,13.287705515913352,77.53286285803478,37.61,3.5,27.5,7.6,799,452,Agricultural,Sandy,7.9,0.0,12.0,Unconfined,52.4,38.44
2024-07-04,Athani,16.714354437976056,75.06737561475374,25.8,144.3,25.9,6.0,1451,460,Agricultural,Clay,7.5,0.0,7.0,Confined,25.3,23.47
2025-08-21,Udupi,13.334506367208895,74.74161083443045,37.7,85.4,29.5,8.6,1302,786,Urban,Sandy,7.8,-0.06,11.1,Confined,6.7,36.5
2021-05-15,Devanahalli,13.253030867443409,77.71999732250676,30.12,3.4,33.9,8.9,807,475,Agricultural,Sandy,7.1,0.0,6.6,Unconfined,25.4,30.75
2025-04-20,Sanduru,15.11017948132236,76.54075610000531,35.19,7.9,35.0,7.3,1490,186,Agricultural,Clay,7.8,0.0,0.6,Unconfined,35.3,35.75
2021-04-06,Hubballi,15.358496167002608,75.13806416370178,18.43,5.7,37.2,9.0,541,759,Urban,Loam,15.5,0.0,0.2,Confined,8.2,18.85
2023-04-12,Raichur,16.205696060108306,77.3512429698211,39.36,38.0,39.4,11.4,1134,105,Urban,Clay,11.1,0.0,6.2,Confined,4.8,39.22
2023-01-23,Madikeri,12.443235574845362,75.74330392154627,11.56,15.4,27.9,8.3,446,307,Agricultural,Sandy,21.9,0.0,13.1,Confined,44.6,12.11
2022-11-21,Udupi,13.320694933490223,74.76631851392692,15.81,80.2,26.9,5.8,1393,460,Agricultural,Loam,16.5,0.45,12.7,Confined,8.2,14.53
2021-08-12,Badami,15.920573037614929,75.68403573067059,21.51,83.4,28.8,6.2,403,372,Agricultural,Sandy,1.8,0.0,12.0,Unconfined,34.7,20.5
2024-05-22,Hunasuru,12.302409360295432,76.26960119238555,7.9,43.1,39.0,10.3,388,103,Agricultural,Loam,18.5,0.0,7.7,Confined,35.9,7.91
2022-03-01,Kundapura,13.623440370332682,74.69125342858096,8.23,22.7,38.5,9.6,200,380,Agricultural,Silty,12.4,-0.28,8.8,Unconfined,16.0,8.44
2024-01-29,Hubballi,15.36325456260093,75.13049456382147,8.61,6.4,20.3,4.5,111,573,Urban,Silty,16.7,0.0,0.4,Unconfined,7.6,8.78
2024-11-07,Raichur,16.199302297010284,77.36315781561107,39.01,63.3,27.5,8.0,375,43,Urban,Silty,4.5,0.0,4.1,Confined,3.4,38.18
2022-03-22,Raichur,16.214240218149396,77.36908491512295,25.13,46.2,30.7,8.9,770,303,Urban,Clay,17.3,0.0,8.9,Confined,0.5,24.66
2022-03-17,Sringeri,13.416222003917941,75.2539979211683,20.91,27.4,30.1,6.5,850,24,Agricultural,Clay,16.9,0.0,9.5,Unconfined,57.4,21.26
2023-03-03,Haveri,14.795233280579465,75.40486235328638,19.92,36.8,28.8,7.3,1342,66,Agricultural,Silty,2.3,0.0,11.1,Unconfined,48.8,20.04
2023-06-22,Chitradurga,14.22525120349849,76.38656034096066,27.36,181.3,29.3,8.1,582,338,Urban,Silty,5.2,0.0,13.0,Unconfined,6.0,24.2
2022-03-13,Athani,16.70627969253024,75.0704057838328,13.03,16.0,29.4,7.8,1020,623,Agricultural,Clay,1.0,0.0,5.5,Unconfined,45.7,13.56
2024-07-03,Mangaluru,12.914848603238488,74.83468066595954,33.25,193.4,27.8,6.7,194,785,Urban,Silty,7.8,-0.13,9.4,Confined,12.2,29.85
2021-10-12,Kundapura,13.626205865862746,74.70512426776733,14.52,31.4,25.9,5.7,1474,93,Urban,Silty,23.5,-0.32,2.8,Confined,23.9,14.45
2022-08-25,Sagara,14.17674390064939,75.04619536849358,32.86,176.3,31.0,7.0,1316,649,Agricultural,Sandy,8.6,0.0,9.9,Unconfined,37.5,30.06
2024-04-12,Hassan,13.013269507144134,76.1094617307482,14.78,35.5,31.0,8.2,1186,744,Urban,Loam,1.4,0.0,7.7,Confined,4.9,14.53
2023-10-17,Hubballi,15.375003310811167,75.11410318188,29.24,23.7,31.1,9.2,292,558,Urban,Silty,4.8,0.0,3.3,Unconfined,0.1,29.23
2024-01-01,Kollegala,12.160414607165988,77.11276181171554,15.19,6.0,21.5,5.3,1016,785,Agricultural,Silty,24.4,0.0,7.1,Confined,41.9,15.75
2024-02-05,Sanduru,15.103703109938788,76.55343614813054,20.22,13.3,20.9,5.0,1050,139,Agricultural,Loam,24.0,0.0,6.6,Unconfined,22.6,20.43
2024-08-10,Devanahalli,13.21550268565148,77.69616833576875,24.53,178.9,24.9,6.6,224,346,Agricultural,Loam,13.0,0.0,11.0,Confined,33.7,21.62
2021-09-18,Anekal,12.697566626877093,77.68048172634037,7.03,193.1,29.4,8.8,141,121,Urban,Loam,8.1,0.0,0.3,Unconfined,6.3,3.67
2021-10-18,Shivamogga,13.929335947161366,75.56923347857548,30.65,65.3,33.5,6.9,1482,254,Urban,Clay,23.7,0.0,5.3,Unconfined,5.9,29.75
2023-02-04,Kollegala,12.158480686973817,77.12257316178825,32.48,11.8,29.4,7.0,759,506,Agricultural,Sandy,4.7,0.0,11.1,Unconfined,49.0,33.08
2023-11-22,Raichur,16.200049353534414,77.34586058048102,7.96,65.8,32.5,9.4,1022,596,Urban,Silty,13.3,0.0,10.8,Unconfined,7.4,7.19
2025-04-30,Puttur,12.756184546270067,75.21145901614766,30.98,28.7,34.8,8.5,652,315,Forest,Clay,4.8,0.84,1.6,Unconfined,11.3,30.86
2021-03-06,Mysuru,12.298863153393413,76.65158674367896,27.64,10.5,41.5,10.7,171,777,Urban,Silty,14.1,0.0,10.3,Confined,1.9,27.98
2021-12-03,Sagara,14.15760780906288,75.03608437817086,15.92,17.3,21.9,4.4,250,599,Agricultural,Loam,7.5,0.0,4.1,Unconfined,37.3,16.17
2021-12-27,Sringeri,13.433073280082194,75.26064758858833,28.95,9.2,22.7,6.0,1298,568,Agricultural,Silty,7.4,0.0,10.4,Confined,59.3,29.66
2025-05-06,Madikeri,12.418640347119766,75.74439716090527,16.23,43.4,42.0,11.3,1127,266,Agricultural,Silty,1.6,0.0,2.2,Unconfined,52.4,16.45
2021-11-26,Badami,15.918442136783806,75.67535999901435,31.92,94.2,26.2,5.5,832,664,Agricultural,Loam,12.2,0.0,0.8,Unconfined,33.0,30.64
2025-02-18,Tumakuru,13.326429588900426,77.09534934864983,23.57,18.5,25.7,7.4,1021,302,Urban,Silty,2.6,0.0,0.6,Unconfined,4.8,23.62
2022-01-24,Kolar,13.146330536044472,78.13175950296846,28.11,8.3,22.3,5.7,377,223,Urban,Clay,5.1,0.0,11.8,Confined,5.4,28.28
2022-06-23,Tumakuru,13.327687495252269,77.1082975325465,17.96,116.2,27.3,7.4,157,509,Urban,Clay,7.2,0.0,12.8,Confined,8.6,16.09
2023-06-25,Sanduru,15.101992968013562,76.53572607284966,9.97,162.7,31.6,9.5,1166,695,Agricultural,Loam,1.0,0.0,0.2,Confined,41.8,7.61
2023-06-04,Sanduru,15.088124559813942,76.56104981623263,7.38,186.9,29.4,5.9,854,351,Agricultural,Loam,12.4,0.0,0.3,Unconfined,43.9,4.38
2023-01-18,Madikeri,12.430378000140601,75.73463054646896,20.5,18.5,29.3,7.4,152,784,Agricultural,Silty,12.1,0.0,2.3,Confined,40.9,20.91
2025-06-08,Mangaluru,12.916196730102122,74.85363902789273,11.1,109.5,26.1,7.2,883,368,Forest,Sandy,12.2,0.34,2.8,Unconfined,14.2,9.38
2022-11-30,Doddaballapura,13.282883397370245,77.52810443505871,26.88,58.0,31.8,8.5,397,11,Agricultural,Clay,4.4,0.0,5.6,Unconfined,41.0,26.55
2025-01-18,Sakleshpura,12.969783487777537,75.79006743746378,17.12,1.4,24.2,5.6,510,275,Agricultural,Loam,13.5,0.0,3.1,Confined,42.0,17.79
2022-09-05,Karwar,14.792069417179256,74.12487910346154,22.39,123.4,30.4,7.4,681,398,Forest,Sandy,8.7,-0.41,5.5,Confined,18.9,20.52
2024-08-09,Sringeri,13.422688353643093,75.24516784900618,27.96,126.5,27.3,8.2,680,795,Agricultural,Silty,21.2,0.0,14.7,Unconfined,28.6,26.13
2022-09-11,Tumakuru,13.355831320767937,77.11341202822464,20.84,184.6,29.3,7.3,727,590,Urban,Loam,2.1,0.0,5.2,Unconfined,1.2,17.52
2023-10-12,Mysuru,12.296218742460212,76.62123553873124,35.29,70.5,29.5,8.3,1255,540,Urban,Clay,15.0,0.0,0.8,Confined,5.4,34.35
2021-03-06,Karwar,14.808088133938826,74.13302299257879,12.95,1.5,39.0,11.0,474,77,Urban,Clay,20.8,-0.12,7.2,Unconfined,9.1,13.57
2024-07-18,Karwar,14.816763883539899,74.12439228462979,16.14,170.1,22.2,5.6,528,315,Urban,Clay,18.4,0.78,0.2,Unconfined,26.3,13.2
2024-11-24,Shivamogga,13.923252571544378,75.58140934094222,36.01,63.3,25.3,6.3,507,350,Urban,Sandy,22.2,0.0,10.5,Confined,4.0,35.1
2023-12-19,Raichur,16.199596894680795,77.35653960580795,16.97,17.9,27.5,7.8,821,228,Urban,Clay,5.7,0.0,8.9,Confined,7.7,17.08
2021-10-15,Karwar,14.802881866013756,74.1227256744122,10.94,83.3,31.9,6.5,140,678,Agricultural,Clay,3.1,-0.11,14.7,Unconfined,28.7,9.9
2023-10-26,Mandya,12.528673471240225,76.89929729531549,36.37,30.6,32.9,9.7,436,742,Agricultural,Clay,14.9,0.0,12.2,Unconfined,34.8,36.59
2023-11-05,Gokak,16.1710143668349,74.82228745505688,13.77,31.3,25.6,6.0,254,516,Urban,Silty,23.0,0.0,14.0,Confined,2.1,13.47
2024-08-29,Gokak,16.16443467969364,74.83049832771898,22.87,149.7,23.3,6.8,1293,224,Urban,Clay,6.0,0.0,10.6,Unconfined,4.6,20.26
2020-12-19,Tumakuru,13.33873456726695,77.1114533513436,39.71,15.1,29.1,8.6,467,736,Urban,Loam,17.5,0.0,13.5,Confined,2.4,39.86
2020-11-29,Chikkamagaluru,13.311146821310128,75.77116508226675,23.82,57.8,30.0,7.6,1170,178,Agricultural,Silty,24.3,0.0,3.6,Unconfined,48.5,23.53
2025-05-12,Madikeri,12.420157541826883,75.73901605961977,24.96,23.7,32.6,8.3,214,462,Agricultural,Loam,11.3,0.0,12.0,Unconfined,34.1,25.24
2021-05-06,Ballari,15.128374981746129,76.92662189915985,11.62,23.9,35.1,9.2,235,181,Urban,Sandy,22.6,0.0,4.3,Unconfined,6.8,11.67
2024-12-23,Sakleshpura,12.96711224799744,75.79607792007573,24.21,7.9,20.0,4.2,957,566,Agricultural,Clay,20.5,0.0,13.7,Unconfined,53.3,24.8
2025-03-24,Sakleshpura,12.984902776539329,75.78165892287298,36.4,25.9,32.0,7.7,768,601,Agricultural,Sandy,18.1,0.0,13.4,Unconfined,52.2,36.79
2024-04-07,Devanahalli,13.243092192856823,77.70210785529687,24.38,33.8,30.2,6.2,1439,53,Agricultural,Silty,15.7,0.0,13.3,Confined,25.8,24.27
2025-03-17,Bengaluru North,13.029568243498677,77.5815538429529,29.68,2.7,28.8,8.5,604,490,Urban,Loam,13.5,0.0,1.5,Unconfined,0.3,30.05
2025-08-04,Chikkamagaluru,13.308920618511808,75.78343572005798,34.44,107.4,26.9,7.5,749,46,Agricultural,Clay,10.0,0.0,11.0,Confined,36.2,33.03
2022-01-05,Haveri,14.793577701411202,75.39715997358225,12.76,15.2,25.8,5.9,1369,77,Agricultural,Loam,15.6,0.0,14.2,Confined,27.8,13.03
2021-11-05,Devanahalli,13.249311161217992,77.71069341293524,6.21,73.8,33.7,7.3,1455,213,Agricultural,Sandy,6.3,0.0,3.3,Confined,48.4,5.58
2023-06-09,Sirsi,14.611314848651254,74.8418517173985,11.56,196.7,26.7,6.5,199,568,Agricultural,Silty,7.9,0.0,1.2,Unconfined,30.3,8.25
2025-07-01,Mysuru,12.303089119404246,76.6394308187543,38.79,222.5,25.1,5.1,1396,391,Urban,Loam,14.9,0.0,13.4,Unconfined,6.0,34.66
2024-06-15,Davanagere,14.47060236772477,75.92029259034399,16.13,236.8,28.0,6.9,752,282,Urban,Silty,1.0,0.0,2.2,Confined,1.6,11.75
2025-09-12,Davanagere,14.471558095211764,75.92195218006123,15.89,133.6,23.9,4.9,1393,214,Urban,Loam,8.4,0.0,6.6,Unconfined,4.2,13.5
2021-03-10,Puttur,12.770179331670333,75.22066700437507,35.83,18.8,28.2,5.7,1235,782,Agricultural,Silty,19.6,0.18,4.4,Confined,9.5,35.82
2025-08-10,Ballari,15.135186671312761,76.92269802198695,35.5,191.1,29.7,6.7,1221,120,Urban,Silty,15.5,0.0,4.7,Confined,0.9,32.02
2024-09-08,Sringeri,13.405559802201754,75.25684819102672,17.66,130.6,23.1,6.2,1034,595,Agricultural,Loam,18.2,0.0,5.7,Unconfined,20.2,15.56
2024-01-13,Hassan,13.031285916741389,76.10135518651654,24.84,12.5,22.6,6.8,1374,558,Urban,Silty,9.8,0.0,14.1,Unconfined,4.2,24.97
2024-02-16,Sagara,14.177944161449146,75.02857839904462,14.4,6.0,24.5,5.5,1198,178,Agricultural,Sandy,13.5,0.0,13.6,Unconfined,32.4,14.88
2022-03-22,Gokak,16.178096401338447,74.8179278169817,21.38,45.4,36.3,9.4,740,247,Urban,Silty,15.3,0.0,8.3,Unconfined,0.6,20.95
2022-05-21,Chikkamagaluru,13.31059150297421,75.78619781246063,34.79,12.1,36.2,9.4,354,344,Agricultural,Silty,10.6,0.0,14.6,Confined,35.7,35.38
2025-01-13,Sirsi,14.600953075779847,74.81733081916185,7.59,18.8,25.5,7.1,1440,311,Agricultural,Sandy,4.9,0.0,6.8,Confined,31.3,7.88
2023-09-22,Chikkamagaluru,13.320376340182817,75.770967863786,16.23,87.0,30.8,9.0,353,303,Agricultural,Clay,17.1,0.0,3.9,Unconfined,21.2,15.15
2025-08-28,Karwar,14.819410950479686,74.1175060169149,8.65,224.7,30.5,6.4,101,526,Urban,Sandy,22.6,0.41,5.3,Confined,12.9,4.56
2025-08-03,Udupi,13.3455735845753,74.7533859431273,12.08,132.2,30.9,8.2,1437,97,Agricultural,Loam,10.7,-0.87,1.8,Confined,23.6,10.17
2024-09-27,Kundapura,13.633715043686555,74.6919184646099,5.85,171.9,29.5,8.2,1205,275,Urban,Silty,7.8,0.38,4.5,Confined,20.9,2.99
2021-01-04,Yadgir,16.767579505975664,77.13396599582576,9.47,13.8,28.2,6.4,939,712,Agricultural,Silty,22.9,0.0,8.0,Confined,58.1,10.1
2025-01-20,Sagara,14.169691164692384,75.03590244554967,9.38,14.2,20.4,4.8,451,149,Agricultural,Clay,15.8,0.0,11.5,Unconfined,34.3,9.68
2023-01-26,Davanagere,14.462418310786056,75.91401912946456,37.5,4.7,21.4,5.6,1241,12,Urban,Sandy,23.2,0.0,13.2,Confined,3.0,37.72
2022-01-18,Sagara,14.155958934636683,75.04683432435436,36.68,11.0,25.0,6.6,1009,173,Agricultural,Loam,10.5,0.0,13.0,Confined,24.2,37.03
2024-12-17,Sringeri,13.415576734005935,75.24690058108466,15.26,4.2,20.3,5.7,506,118,Agricultural,Silty,12.2,0.0,3.1,Confined,21.5,15.68
2021-02-23,Sagara,14.161092537914476,75.02862383436708,30.56,15.7,24.0,5.5,1022,166,Agricultural,Loam,6.9,0.0,13.1,Confined,36.0,30.88
2020-12-10,Kolar,13.155163468944908,78.13611278721172,8.43,19.6,26.7,7.9,719,150,Urban,Clay,8.7,0.0,2.2,Confined,4.8,8.48
2025-04-14,Badami,15.898872729413084,75.70039774409088,34.7,36.0,34.2,9.3,186,412,Agricultural,Silty,11.2,0.0,2.3,Unconfined,47.3,34.92
2024-06-11,Tumakuru,13.34129374686537,77.11241874104395,19.29,102.5,23.6,6.3,121,40,Urban,Loam,7.7,0.0,12.2,Unconfined,0.6,17.56
2021-07-22,Chikkamagaluru,13.303594229659236,75.77212193541624,7.1,80.3,25.5,5.9,1126,111,Agricultural,Silty,23.5,0.0,3.7,Unconfined,24.7,6.04
2025-01-16,Mysuru,12.294971230466796,76.64467224756221,5.96,4.6,25.2,7.2,256,663,Urban,Silty,6.5,0.0,2.6,Confined,0.0,6.23
2024-12-22,Sanduru,15.076570683929427,76.56204460515676,25.33,1.9,20.4,5.6,703,234,Agricultural,Loam,15.9,0.0,2.4,Unconfined,49.3,26.06
2022-08-08,Bagalkote,16.186417708582912,75.70356519722452,12.99,184.8,26.1,6.2,335,357,Urban,Clay,17.4,0.0,13.4,Unconfined,3.5,9.64
2022-02-13,Chitradurga,14.219480144142466,76.3951203670362,26.26,1.1,25.1,6.7,887,69,Urban,Silty,23.5,0.0,9.3,Unconfined,0.4,26.58
2021-04-27,Ballari,15.143182324915069,76.91948198244481,21.91,36.6,29.9,6.4,285,393,Urban,Silty,2.2,0.0,13.2,Confined,9.7,21.6
2023-04-04,Gokak,16.153409773835612,74.83626382742898,9.66,28.2,41.9,11.4,1013,53,Urban,Clay,20.1,0.0,7.5,Unconfined,4.6,9.71
2023-05-17,Mysuru,12.296874215634393,76.6498389882034,17.06,46.9,40.0,11.2,1335,334,Urban,Clay,6.5,0.0,8.0,Confined,1.6,16.7
2024-07-25,Haveri,14.79615383025986,75.40824378605402,20.41,244.0,26.9,5.6,1242,549,Agricultural,Loam,18.5,0.0,7.1,Confined,57.3,16.38
2023-03-30,Bagalkote,16.188241582708773,75.70422854728876,37.84,9.9,36.7,8.9,1157,551,Urban,Clay,7.2,0.0,0.9,Unconfined,6.1,38.15
2023-06-18,Gokak,16.175996790414732,74.82824329005362,27.33,225.8,25.9,5.8,738,257,Urban,Clay,17.1,0.0,12.4,Confined,2.4,23.13
2025-05-29,Anekal,12.695532513464135,77.69557711822699,18.17,39.4,37.7,7.8,719,279,Urban,Silty,8.1,0.0,9.1,Confined,3.1,17.8
2021-05-14,Doddaballapura,13.29783720089289,77.56357974691245,14.88,19.5,31.6,8.8,959,470,Agricultural,Loam,3.0,0.0,1.2,Unconfined,36.2,15.29
2021-10-13,Sagara,14.175569754892122,75.04190706554196,22.73,45.9,27.8,7.6,1187,617,Agricultural,Sandy,4.3,0.0,0.8,Confined,42.5,22.62
2023-04-22,Sirsi,14.632354337740884,74.83349468664146,7.72,33.5,28.5,7.9,1279,233,Agricultural,Sandy,19.3,0.0,9.7,Unconfined,47.1,7.92
2025-04-24,Badami,15.904090172910538,75.68325887691928,14.51,35.9,29.0,5.9,650,712,Agricultural,Clay,8.8,0.0,1.6,Confined,22.2,14.31
2023-04-02,Bengaluru North,13.048399453822709,77.5900178160391,15.13,46.8,37.3,10.9,1029,115,Urban,Clay,20.2,0.0,1.9,Unconfined,7.3,14.81
2021-01-28,Athani,16.73447472844815,75.08007918087705,20.92,12.6,27.3,6.5,1375,685,Agricultural,Silty,5.9,0.0,14.3,Confined,42.4,21.42
2024-11-21,Haveri,14.779642267823101,75.3987015775653,37.56,94.3,26.2,5.3,657,353,Agricultural,Sandy,23.2,0.0,9.9,Confined,56.9,36.51
2024-06-02,Madikeri,12.394512893205587,75.73560065874399,12.16,71.6,30.7,7.3,606,467,Agricultural,Silty,18.8,0.0,13.1,Unconfined,46.2,11.55
2022-02-25,Mysuru,12.309945041904168,76.64320022720639,13.55,6.7,26.5,7.3,1377,695,Urban,Clay,10.2,0.0,12.3,Unconfined,8.5,13.87
2024-08-06,Sakleshpura,12.970904795736967,75.77699588814644,9.26,81.3,23.8,6.3,613,183,Agricultural,Sandy,4.0,0.0,4.8,Confined,55.2,8.5
2023-07-03,Sringeri,13.415600970288121,75.25298962621363,19.8,107.0,28.4,6.7,547,409,Agricultural,Clay,4.5,0.0,4.3,Unconfined,26.6,18.26
2022-11-03,Bengaluru North,13.037146609958272,77.59331426635632,37.99,71.3,30.6,7.2,991,621,Urban,Sandy,6.1,0.0,10.1,Confined,3.7,36.96
2023-08-09,Bagalkote,16.18297849975484,75.68983734357815,6.26,190.6,25.3,7.1,789,457,Urban,Loam,3.2,0.0,13.3,Confined,2.1,2.82
2021-12-31,Puttur,12.761227312043696,75.21371165156424,21.14,7.8,20.1,4.4,872,643,Urban,Loam,20.7,-0.17,11.0,Unconfined,14.7,21.37
2022-12-26,Bagalkote,16.178987393053443,75.67924524564205,30.51,7.3,25.8,5.4,196,504,Urban,Silty,23.2,0.0,2.5,Confined,3.4,30.67
2023-11-07,Haveri,14.794110250212348,75.39388555845998,5.91,57.9,26.7,6.0,870,756,Agricultural,Sandy,12.3,0.0,1.1,Unconfined,25.2,5.3
2022-10-17,Davanagere,14.46815923470203,75.92516511969568,19.19,49.7,27.6,7.6,401,589,Urban,Silty,13.8,0.0,6.4,Unconfined,2.8,18.6
2023-01-16,Sirsi,14.598070627052149,74.81621861293144,20.89,11.6,21.6,6.4,180,597,Agricultural,Clay,19.8,0.0,4.0,Confined,39.8,21.38
2024-04-02,Badami,15.927973974249712,75.6824405896624,16.26,48.8,36.1,8.0,973,139,Agricultural,Clay,15.5,0.0,1.4,Unconfined,56.1,16.25
2025-09-21,Sirsi,14.602873725078684,74.84132369068514,36.85,59.4,24.4,5.9,813,735,Agricultural,Loam,1.0,0.0,8.3,Confined,48.8,36.45
2023-02-25,Badami,15.92236788344474,75.6875677404678,12.75,4.8,21.1,4.9,738,204,Agricultural,Clay,23.2,0.0,7.4,Confined,59.7,13.5
2022-08-12,Bagalkote,16.185790449767143,75.6938074056811,10.04,122.0,25.7,6.8,881,80,Urban,Loam,3.7,0.0,4.5,Unconfined,1.3,7.95
2024-11-21,Hubballi,15.37238474352894,75.12963441871175,20.63,87.5,33.0,9.7,1330,219,Urban,Sandy,12.4,0.0,9.8,Unconfined,5.6,19.42
2024-10-10,Devanahalli,13.249042044698022,77.69566097179954,8.77,65.8,25.9,6.0,854,307,Agricultural,Silty,9.3,0.0,14.5,Confined,43.6,8.19
2025-06-27,Hubballi,15.350497098680357,75.11370238310367,20.57,178.2,24.3,6.1,568,256,Urban,Silty,11.8,0.0,2.8,Confined,7.9,17.39
2022-08-01,Karwar,14.82843419372691,74.12597698961241,10.44,95.8,28.8,7.6,238,757,Urban,Loam,10.1,-0.02,7.5,Confined,38.3,9.29
2022-05-03,Athani,16.728444290986122,75.04037705173198,33.64,2.9,33.2,9.3,1451,216,Agricultural,Silty,12.8,0.0,13.4,Unconfined,32.7,34.37
2021-11-14,Bagalkote,16.17999466617446,75.69607321443823,8.5,98.3,33.7,9.9,1163,532,Urban,Clay,12.2,0.0,9.9,Confined,0.8,7.04
2023-10-03,Sringeri,13.418938691608737,75.2547473817098,6.86,99.2,31.6,7.2,1497,148,Agricultural,Sandy,17.3,0.0,9.8,Unconfined,29.8,5.53
2023-06-21,Ballari,15.134147859921097,76.93270587617397,17.34,106.6,23.0,5.8,1031,323,Urban,Clay,11.1,0.0,3.7,Confined,5.2,15.55
2024-01-14,Anekal,12.72159724009064,77.69796787847002,29.06,0.7,26.7,5.5,370,384,Urban,Silty,13.6,0.0,10.4,Confined,6.3,29.38
2022-12-08,Karwar,14.832153762142978,74.1226952618198,17.46,3.4,25.9,5.5,1272,540,Urban,Sandy,4.7,0.33,14.1,Unconfined,12.2,17.76
2021-05-03,Yadgir,16.76549965088454,77.1283200444309,39.5,16.1,32.3,6.6,197,674,Agricultural,Clay,18.5,0.0,6.3,Unconfined,53.8,40.05
2020-10-28,Sringeri,13.417722556438417,75.23467237286758,9.26,38.7,26.3,5.8,1311,763,Agricultural,Loam,11.3,0.0,9.0,Unconfined,59.6,9.37
2022-10-08,Hunasuru,12.295983887233724,76.27508648314615,28.06,40.6,30.9,8.1,344,635,Agricultural,Sandy,21.4,0.0,6.2,Unconfined,24.6,27.9
2021-06-09,Chitradurga,14.219749399372569,76.39653134748748,8.31,110.1,25.0,6.6,867,172,Urban,Loam,7.1,0.0,13.8,Unconfined,3.9,6.48
2024-11-01,Hunasuru,12.302809681573995,76.2833010587908,32.15,62.8,27.7,6.0,853,497,Agricultural,Silty,24.6,0.0,10.9,Confined,42.5,31.62
2022-01-23,Sirsi,14.608826278013504,74.82599587108575,39.0,4.4,27.8,8.1,1467,442,Agricultural,Silty,8.5,0.0,7.7,Unconfined,44.0,39.76
2021-09-26,Anekal,12.697104718577554,77.7162625303726,38.63,50.8,29.9,6.2,1168,177,Urban,Silty,10.9,0.0,0.8,Confined,9.6,38.02
2024-11-14,Mandya,12.521459483364229,76.90237374763447,35.3,75.7,33.5,9.9,1364,607,Agricultural,Sandy,22.8,0.0,2.3,Unconfined,28.1,34.56
2021-09-24,Badami,15.912789526449956,75.65722203022088,14.02,157.0,23.1,5.3,166,318,Agricultural,Loam,17.9,0.0,1.7,Unconfined,26.2,11.41
2025-02-28,Athani,16.719667040809025,75.04232506726073,8.33,17.3,29.8,7.2,1143,488,Agricultural,Sandy,23.5,0.0,5.2,Confined,53.5,8.88
2025-08-06,Gokak,16.160800341603753,74.82596638013558,21.67,169.5,30.0,8.7,815,153,Urban,Silty,11.7,0.0,6.3,Confined,9.9,18.81
2022-03-13,Shivamogga,13.939708583313354,75.56619537200267,9.73,15.3,28.1,8.2,1434,647,Urban,Silty,12.3,0.0,14.0,Unconfined,5.4,9.89
2025-01-31,Sringeri,13.426706300779315,75.23694879868091,5.07,18.1,24.0,5.3,557,284,Agricultural,Clay,14.1,0.0,11.9,Unconfined,38.7,5.36
2023-08-24,Kolar,13.130773598120985,78.13347706065251,39.96,83.8,29.6,7.4,969,66,Urban,Silty,3.9,0.0,1.1,Confined,3.6,38.69
2022-11-12,Hassan,13.01816510421292,76.10437310501464,11.24,20.1,33.6,10.0,523,42,Urban,Sandy,11.0,0.0,13.6,Unconfined,5.4,11.39
2024-10-17,Ballari,15.137600593960851,76.92102419907425,31.52,69.3,28.5,7.3,1274,444,Urban,Clay,12.0,0.0,0.3,Confined,8.2,30.58
2023-12-13,Sringeri,13.439036674005356,75.24398157963334,37.57,2.1,26.0,7.0,1315,157,Agricultural,Sandy,21.8,0.0,14.9,Confined,32.0,38.2
2024-05-22,Hubballi,15.36867788145033,75.12497850184086,36.49,20.1,29.3,6.4,160,249,Urban,Silty,8.2,0.0,10.3,Unconfined,9.5,36.5
2024-06-04,Udupi,13.328358172954587,74.74932904451084,30.81,65.6,23.9,5.8,1093,59,Urban,Clay,7.2,0.91,2.1,Unconfined,33.0,30.03
2021-01-11,Mysuru,12.287669714772514,76.64175489083507,34.05,5.7,23.6,6.2,548,399,Urban,Clay,16.5,0.0,8.5,Confined,2.9,34.28
2025-09-01,Sakleshpura,12.985610683493999,75.77627967855135,35.02,144.9,24.3,5.1,915,226,Agricultural,Sandy,19.5,0.0,9.6,Confined,35.9,32.74
2024-08-02,Hassan,13.009430215475643,76.09597785499398,12.27,126.3,31.2,6.9,628,374,Urban,Clay,5.5,0.0,5.5,Unconfined,3.4,10.12
2021-06-11,Hassan,13.013848314704452,76.10199183678206,30.88,127.8,22.6,5.1,380,151,Urban,Sandy,22.3,0.0,7.5,Confined,4.2,28.62
2024-02-12,Mandya,12.524264437870375,76.8713971296931,23.69,17.5,20.2,5.9,811,529,Agricultural,Silty,3.2,0.0,15.0,Unconfined,54.7,24.18
2022-08-22,Sanduru,15.090930989955059,76.55151720298512,21.66,173.4,30.2,7.6,468,773,Agricultural,Clay,1.8,0.0,2.0,Confined,33.5,18.91
2020-10-19,Devanahalli,13.225532889924144,77.70338265271323,29.8,92.8,29.1,7.6,504,703,Agricultural,Clay,19.9,0.0,11.9,Unconfined,50.7,28.83
2023-04-12,Gokak,16.170137419395243,74.8286955976984,10.1,25.5,28.1,5.9,1385,279,Urban,Silty,22.2,0.0,4.6,Confined,7.7,9.96
2024-01-15,Karwar,14.791930684265896,74.14279683818519,23.8,11.7,27.7,8.2,495,786,Agricultural,Silty,16.4,0.51,6.2,Confined,36.0,24.29
2022-12-17,Hunasuru,12.313865584769822,76.28857551524236,24.34,19.9,20.6,5.7,162,250,Agricultural,Sandy,23.8,0.0,2.3,Unconfined,37.9,24.61
2021-12-11,Puttur,12.75184713350296,75.21049049802087,14.49,13.1,24.7,6.8,1133,56,Urban,Loam,14.6,0.1,12.0,Confined,37.9,14.94
2021-08-19,Anekal,12.712042337335602,77.70094422403925,16.0,176.7,25.6,6.9,598,19,Urban,Silty,21.7,0.0,11.0,Confined,9.2,12.9
2022-11-12,Bengaluru North,13.048766904429925,77.5943857162508,13.37,64.2,25.2,5.5,429,426,Urban,Loam,22.5,0.0,6.7,Confined,9.8,12.46
2021-05-25,Sakleshpura,12.976718034843197,75.7741528946092,9.35,42.2,36.2,9.5,1196,659,Agricultural,Loam,16.4,0.0,14.6,Confined,54.8,9.53
2025-03-25,Raichur,16.20132352955957,77.35857374132226,7.19,16.3,30.8,9.1,364,506,Urban,Clay,11.5,0.0,6.0,Unconfined,5.6,7.38
2024-09-12,Mysuru,12.322894669151163,76.64766633474606,11.17,147.9,31.1,8.3,1285,349,Urban,Silty,12.5,0.0,10.7,Confined,5.7,8.68
2021-11-20,Hubballi,15.36002012400221,75.13640882531922,25.2,24.4,28.7,8.5,1357,167,Urban,Silty,11.5,0.0,9.5,Unconfined,6.5,25.2
2025-08-07,Badami,15.915865963832784,75.68611137912157,22.03,207.2,24.7,7.4,517,473,Agricultural,Sandy,4.6,0.0,3.8,Confined,47.6,18.73
2021-06-06,Udupi,13.32485841895726,74.73784440092005,37.34,94.9,27.6,5.9,1015,575,Forest,Silty,3.9,0.49,14.3,Unconfined,39.2,36.08
2025-02-13,Kolar,13.140622569896356,78.13838025993711,28.15,17.3,20.7,5.7,1177,760,Urban,Silty,17.3,0.0,14.8,Confined,7.9,28.17
2024-12-31,Kolar,13.137538311095218,78.11394578460859,8.53,8.7,24.6,7.0,1066,521,Urban,Clay,7.1,0.0,6.2,Unconfined,7.5,8.78
2022-02-24,Puttur,12.775378718901758,75.2129362067172,37.56,17.6,23.0,6.1,574,354,Forest,Sandy,21.2,-0.49,5.2,Confined,29.6,37.86
2023-05-15,Mangaluru,12.898863330513425,74.85704557250169,35.3,21.3,41.2,9.9,189,621,Urban,Clay,13.1,0.37,13.7,Confined,36.5,35.7
2023-06-16,Hassan,13.010904129151877,76.091870111394,28.15,151.0,29.9,8.5,669,544,Urban,Sandy,22.0,0.0,9.6,Unconfined,1.3,25.57
2025-09-05,Udupi,13.319521008817373,74.74916183264985,31.78,239.0,28.1,5.9,1234,86,Agricultural,Loam,15.6,0.43,8.6,Unconfined,18.1,27.43
2022-08-26,Sanduru,15.087537559619605,76.55790539525869,18.08,243.9,30.8,7.3,150,582,Agricultural,Clay,7.8,0.0,4.4,Confined,54.8,14.11
2024-04-23,Davanagere,14.463171627871,75.91868782622967,6.99,9.6,30.7,6.8,1390,745,Urban,Sandy,23.1,0.0,9.0,Unconfined,1.8,7.16
2024-09-12,Bagalkote,16.178758207504536,75.68212163490475,8.41,145.4,30.5,7.9,450,130,Urban,Loam,7.1,0.0,5.4,Confined,2.8,5.92
2022-05-23,Mysuru,12.293348333830313,76.62935040435346,37.56,40.7,32.5,9.3,1108,59,Urban,Silty,2.9,0.0,0.4,Unconfined,8.0,37.29
2020-11-20,Badami,15.912693320887827,75.66989617257242,5.93,44.9,31.9,8.9,657,228,Agricultural,Sandy,4.3,0.0,5.0,Unconfined,42.9,5.91
2024-09-21,Doddaballapura,13.305234679333607,77.56125493224872,31.35,207.4,29.7,7.0,646,10,Agricultural,Clay,13.4,0.0,11.0,Confined,36.9,27.92
2023-11-12,Sringeri,13.41920183162648,75.26059776390522,35.7,50.3,30.4,6.3,642,294,Agricultural,Loam,15.5,0.0,6.8,Unconfined,54.2,35.55
2023-08-17,Anekal,12.706942346644226,77.70896727726632,38.74,58.9,30.8,6.8,468,111,Urban,Clay,19.8,0.0,4.9,Unconfined,5.4,37.96
2025-08-14,Tumakuru,13.331611810997115,77.0908193742942,6.62,170.3,24.4,7.1,231,48,Urban,Loam,7.7,0.0,2.7,Unconfined,8.0,3.65
2024-03-17,Devanahalli,13.228676522762102,77.72322854484707,12.52,18.8,28.6,6.8,101,111,Agricultural,Sandy,24.7,0.0,7.9,Unconfined,44.1,12.93
2022-10-06,Yadgir,16.759306812274875,77.14022693948937,34.26,92.3,26.9,8.0,488,63,Agricultural,Silty,10.9,0.0,10.0,Confined,34.9,33.16
2020-10-18,Mysuru,12.294457953541025,76.63405959449062,22.83,54.8,33.4,7.1,739,532,Urban,Sandy,16.2,0.0,7.8,Unconfined,1.7,22.11
2021-05-25,Athani,16.734163732791725,75.05573777883374,37.88,3.4,34.4,9.0,964,531,Agricultural,Loam,1.8,0.0,13.5,Confined,29.1,38.55
2021-01-23,Raichur,16.22235391061225,77.3490370880465,16.89,10.7,22.2,6.3,1427,485,Urban,Clay,22.3,0.0,13.8,Confined,0.0,16.99
2024-07-20,Gokak,16.178842142672753,74.82815973049946,23.48,83.4,31.9,9.1,732,233,Urban,Silty,21.4,0.0,4.0,Unconfined,2.3,22.29
2024-01-24,Doddaballapura,13.278980861045877,77.55932835239686,7.11,8.1,27.2,7.6,419,640,Agricultural,Silty,7.2,0.0,12.0,Unconfined,22.2,7.55
2020-10-02,Kollegala,12.142092676311565,77.12526970723773,36.36,62.6,25.9,6.4,697,108,Agricultural,Clay,11.9,0.0,14.5,Confined,57.6,36.0
2021-05-20,Shivamogga,13.92647568089103,75.57836818222755,27.87,33.2,28.4,6.6,163,550,Urban,Sandy,16.7,0.0,7.1,Confined,5.8,27.59
2025-04-01,Mysuru,12.284580384717565,76.65014038741974,5.16,31.9,34.1,9.0,1460,603,Urban,Loam,1.0,0.0,13.4,Unconfined,3.1,5.0
2025-07-21,Hubballi,15.37158390118417,75.12613862275181,30.15,134.6,22.1,5.9,660,337,Urban,Clay,23.6,0.0,10.1,Confined,0.4,27.76
2023-08-01,Mandya,12.527619187011682,76.89677441816914,11.85,148.0,28.9,7.2,759,764,Agricultural,Loam,2.3,0.0,12.4,Unconfined,27.1,9.52
2023-03-16,Athani,16.724341161301968,75.07349519678324,23.47,49.4,29.2,8.2,1039,501,Agricultural,Sandy,10.1,0.0,6.4,Confined,35.1,23.24
2025-03-13,Bagalkote,16.200311414052535,75.69249493856711,5.25,21.8,29.6,7.5,680,731,Urban,Clay,13.4,0.0,5.0,Confined,9.2,5.28
2021-03-03,Badami,15.93532730818751,75.69737127256731,6.06,21.6,38.0,10.0,682,584,Agricultural,Silty,24.5,0.0,14.5,Unconfined,55.6,6.68
2023-06-15,Hassan,12.99393534842512,76.09528896026593,14.12,71.6,29.4,6.3,1189,102,Urban,Loam,19.7,0.0,7.5,Confined,5.5,13.06
2021-05-11,Raichur,16.207623392389372,77.33357196639763,25.07,5.0,38.1,8.6,1406,779,Urban,Clay,21.4,0.0,4.5,Unconfined,8.2,25.48
2021-12-18,Sagara,14.168511188509912,75.01609201045531,8.61,9.6,24.0,7.1,570,540,Agricultural,Silty,21.7,0.0,14.5,Confined,45.0,9.22
2024-03-27,Kundapura,13.631822279516797,74.69801310982578,31.68,32.9,38.7,10.8,485,388,Agricultural,Loam,4.0,-0.32,3.4,Unconfined,7.2,31.67
2024-12-08,Anekal,12.707777200040159,77.70599382111078,16.0,1.7,20.9,4.3,947,698,Urban,Sandy,6.2,0.0,1.1,Confined,6.2,16.24
2020-09-28,Hubballi,15.359741117102244,75.11207529024313,15.97,192.5,25.2,5.4,955,106,Urban,Clay,25.0,0.0,0.2,Unconfined,0.6,12.4
2025-02-23,Athani,16.723277344449176,75.06446733701173,22.23,5.7,28.3,7.3,345,571,Agricultural,Silty,19.9,0.0,2.3,Confined,30.5,22.79
2025-01-04,Haveri,14.794349647092027,75.3950221152393,36.53,8.9,22.1,4.5,247,120,Agricultural,Clay,21.5,0.0,14.7,Unconfined,39.1,36.97
2023-11-08,Yadgir,16.765200938039346,77.15072446093477,21.45,94.8,25.0,5.6,913,362,Agricultural,Loam,8.7,0.0,10.5,Unconfined,20.3,20.04
2021-03-02,Chikkamagaluru,13.316580258472339,75.77749152264741,33.59,30.0,28.4,6.3,153,500,Agricultural,Sandy,13.6,0.0,1.1,Confined,31.7,33.62
2021-09-19,Kollegala,12.16294859615158,77.11419897311167,26.06,123.3,26.2,7.3,1102,479,Agricultural,Clay,18.1,0.0,11.9,Confined,26.2,24.22
2022-03-19,Chikkamagaluru,13.313091415673416,75.77811743028727,16.26,12.7,30.7,8.1,696,722,Agricultural,Loam,12.3,0.0,0.4,Confined,20.4,16.62
2021-11-01,Badami,15.917001120296352,75.6742327777418,38.11,43.2,28.5,5.8,1142,335,Agricultural,Clay,14.3,0.0,7.4,Confined,39.1,37.93
2021-02-11,Bengaluru North,13.041346340162479,77.5818728538275,10.75,2.1,20.5,5.9,1041,772,Urban,Sandy,6.1,0.0,6.4,Unconfined,7.1,11.07
2025-07-20,Sirsi,14.633710412290577,74.83627188725691,23.49,130.3,27.7,5.7,1462,424,Agricultural,Sandy,21.7,0.0,2.5,Confined,23.3,21.4
2024-02-01,Sanduru,15.091187437948394,76.52801546296557,28.66,12.5,22.2,5.4,1383,174,Agricultural,Clay,12.8,0.0,10.7,Unconfined,32.3,29.0
2021-08-19,Devanahalli,13.266839223345865,77.68923317449388,32.92,97.5,28.6,7.0,1314,609,Agricultural,Clay,10.4,0.0,2.3,Unconfined,51.3,31.83
2022-11-14,Hunasuru,12.306127420537614,76.29701439954313,14.47,94.8,28.9,8.2,301,333,Agricultural,Silty,14.6,0.0,4.5,Confined,44.7,13.43
2023-01-17,Sakleshpura,12.972387374440736,75.78014862502701,14.91,5.9,24.9,7.0,1420,459,Agricultural,Sandy,1.8,0.0,11.0,Confined,42.4,15.57
2023-10-03,Sagara,14.162197419282593,75.02893814082711,30.42,31.9,33.6,6.9,383,96,Agricultural,Silty,15.5,0.0,4.1,Confined,41.8,30.54
2023-11-02,Kolar,13.145216361779271,78.12416501591277,13.26,48.0,24.3,7.2,970,168,Urban,Silty,14.7,0.0,11.0,Confined,0.2,12.66
2022-11-29,Hubballi,15.35946984646218,75.12478102959686,13.13,99.9,24.7,7.0,1472,60,Urban,Sandy,16.9,0.0,10.4,Unconfined,4.7,11.53
2025-07-16,Sagara,14.16272751335576,75.05014874726928,15.5,92.7,24.7,5.5,1007,673,Agricultural,Silty,15.2,0.0,13.0,Unconfined,20.1,14.12
2025-06-13,Athani,16.725492418747553,75.06672619461324,9.68,230.3,31.4,8.1,257,386,Agricultural,Loam,6.9,0.0,14.5,Confined,30.5,5.78
2024-07-05,Ballari,15.151232324546642,76.92104259779666,9.67,228.2,29.1,7.2,419,708,Urban,Loam,7.8,0.0,10.2,Unconfined,4.7,5.51
2024-08-11,Sanduru,15.096524558958938,76.5572009511737,23.59,116.5,22.3,4.7,1191,719,Agricultural,Sandy,7.2,0.0,6.6,Confined,42.2,21.92
2021-01-18,Udupi,13.328107485067369,74.73334898993531,39.24,16.4,27.3,7.0,1460,209,Urban,Clay,18.7,-0.33,9.6,Confined,17.5,39.47
2025-04-16,Sagara,14.177512485759125,75.0293036324939,34.48,5.4,28.9,6.3,1334,182,Agricultural,Loam,22.8,0.0,12.8,Unconfined,37.2,35.06
2022-10-26,Bagalkote,16.175750491452977,75.6961669234941,26.46,71.5,33.0,8.0,775,287,Urban,Silty,4.1,0.0,12.6,Unconfined,0.2,25.43
2024-06-20,Sanduru,15.095302783061104,76.56255613592134,19.81,208.4,27.9,5.7,481,555,Agricultural,Loam,20.0,0.0,13.6,Unconfined,22.4,16.15
2020-12-23,Gokak,16.163270723086395,74.83435997271378,11.45,2.1,20.5,4.2,1327,62,Urban,Loam,19.0,0.0,2.8,Confined,3.4,11.65
2022-08-01,Shivamogga,13.914168825107,75.57928855366546,32.59,249.5,29.9,6.7,895,55,Urban,Clay,11.0,0.0,10.4,Unconfined,9.6,28.03
2021-06-29,Doddaballapura,13.306638158214499,77.53426671315637,38.9,160.1,23.6,6.8,827,361,Agricultural,Clay,2.0,0.0,10.5,Unconfined,46.9,36.51
2022-04-13,Tumakuru,13.340402188661617,77.10116067804213,11.29,18.6,38.9,10.3,1324,406,Urban,Loam,14.6,0.0,2.7,Confined,1.9,11.45
2024-01-06,Hubballi,15.356946589875152,75.13144593508603,24.71,20.0,29.7,7.0,1277,99,Urban,Sandy,23.4,0.0,12.5,Confined,8.0,24.74
2024-11-17,Sringeri,13.424247726311828,75.24877670333984,30.16,23.9,29.1,8.2,1270,331,Agricultural,Silty,20.4,0.0,3.1,Unconfined,51.0,30.6
2022-05-29,Udupi,13.33079494656433,74.74311373469607,19.15,0.5,36.2,7.5,1422,622,Urban,Loam,3.6,0.3,14.0,Unconfined,30.1,19.79
2025-05-13,Sirsi,14.622480992071232,74.84808731825767,39.7,46.6,36.4,10.3,977,462,Agricultural,Loam,11.0,0.0,1.1,Unconfined,58.4,39.87
2025-04-12,Tumakuru,13.339194069854743,77.12156754968677,36.46,14.4,34.0,8.6,1324,636,Urban,Clay,23.2,0.0,10.6,Unconfined,9.8,36.7
2023-08-16,Kundapura,13.63232758724163,74.6846712799188,11.73,184.5,29.1,8.2,553,559,Agricultural,Clay,19.8,0.21,6.7,Unconfined,22.7,8.66
2024-02-11,Udupi,13.331210692527705,74.75959809446746,13.01,3.1,21.0,4.8,283,425,Agricultural,Sandy,7.3,-0.05,9.3,Unconfined,8.3,13.28
2023-04-11,Sirsi,14.618766740338673,74.84022133686437,32.25,5.9,38.0,9.5,359,755,Agricultural,Clay,19.4,0.0,7.9,Confined,46.9,33.08
2024-09-12,Badami,15.904597925617596,75.6817799993477,33.86,130.9,27.3,5.5,1478,536,Agricultural,Sandy,18.4,0.0,1.7,Unconfined,44.0,31.96
2024-02-12,Chitradurga,14.23369735933137,76.39707037037307,28.82,19.3,26.6,7.8,1442,15,Urban,Silty,9.6,0.0,0.4,Unconfined,6.4,28.89
2024-01-25,Shivamogga,13.919009694706089,75.57062879849556,9.61,16.5,24.5,5.2,1076,384,Urban,Sandy,16.1,0.0,10.2,Confined,7.9,9.62
2022-02-05,Udupi,13.32082734073431,74.75909786535863,17.19,0.2,20.2,5.3,676,232,Agricultural,Loam,9.2,0.5,6.5,Confined,13.8,17.54
2025-05-08,Bagalkote,16.180334724896017,75.6856770006431,18.94,2.1,36.0,9.4,779,137,Urban,Silty,15.8,0.0,11.3,Confined,7.4,19.44
2024-08-29,Puttur,12.757910390597447,75.21690105928093,20.3,202.7,23.1,6.6,1048,238,Agricultural,Silty,11.7,-0.06,5.2,Confined,34.7,16.93
2025-09-08,Sakleshpura,12.976810086172131,75.7798691384293,24.24,155.1,23.4,6.3,1226,695,Agricultural,Sandy,14.6,0.0,5.5,Confined,27.6,21.73
2021-10-18,Sringeri,13.422067302905598,75.23561997329699,8.65,86.3,26.9,7.0,1177,41,Agricultural,Loam,1.4,0.0,6.3,Unconfined,33.8,7.61
2024-11-06,Ballari,15.13138028024384,76.92461333584492,8.63,55.1,32.4,8.4,1299,282,Urban,Loam,11.4,0.0,14.1,Confined,5.9,8.01
2023-01-12,Hassan,12.995792808325742,76.08245547957506,22.24,12.5,24.9,5.1,906,92,Urban,Loam,5.0,0.0,3.0,Confined,5.9,22.3
2025-01-28,Hunasuru,12.30826458720095,76.28713337348871,9.73,9.5,28.7,8.3,178,82,Agricultural,Silty,15.0,0.0,14.1,Confined,40.6,10.36
2022-10-12,Doddaballapura,13.30669082259412,77.54855367893077,19.99,74.7,25.2,5.3,1279,595,Agricultural,Sandy,17.6,0.0,6.4,Confined,31.1,19.07
2025-07-26,Chikkamagaluru,13.319772442527631,75.77916452228206,19.0,215.5,25.8,5.7,618,425,Agricultural,Sandy,10.4,0.0,13.3,Confined,31.2,15.29
2023-04-16,Anekal,12.715105736217396,77.6933794772752,30.42,12.7,37.6,7.6,576,288,Urban,Clay,9.7,0.0,9.9,Unconfined,3.9,30.59
2022-12-13,Bengaluru North,13.025600743856756,77.58424163289526,38.09,18.0,23.3,5.9,969,32,Urban,Silty,14.2,0.0,12.4,Unconfined,10.0,38.13
2023-05-25,Athani,16.744688079999513,75.08238793101329,21.81,15.3,42.0,9.3,201,131,Agricultural,Sandy,19.8,0.0,2.5,Unconfined,34.1,22.31
2022-04-09,Sagara,14.16687644076013,75.05586976566693,34.96,1.0,39.8,9.2,390,745,Agricultural,Clay,3.6,0.0,2.4,Confined,50.0,35.9
2022-04-25,Anekal,12.698969560087749,77.70203067232498,14.19,12.5,39.7,11.4,316,471,Urban,Clay,15.5,0.0,3.5,Confined,2.6,14.54
2021-10-08,Hassan,13.017079042233041,76.08917180479928,25.99,57.7,31.4,8.9,607,31,Urban,Loam,9.8,0.0,1.9,Confined,9.1,25.37
2023-12-01,Raichur,16.215009166893083,77.35025592754677,28.91,13.9,21.8,6.1,243,422,Urban,Silty,1.9,0.0,6.6,Confined,9.0,29.03
2023-07-25,Ballari,15.143855340157478,76.92355406332953,12.68,206.8,25.1,5.6,1428,482,Urban,Silty,10.0,0.0,3.5,Unconfined,8.7,8.91
2023-08-08,Mandya,12.528241327325109,76.89339871212832,17.69,161.0,25.4,6.1,914,89,Agricultural,Clay,11.2,0.0,14.0,Unconfined,51.9,15.29
2021-07-06,Madikeri,12.432094546666033,75.73735990603052,36.13,186.6,29.6,8.3,474,695,Agricultural,Loam,22.7,0.0,14.6,Confined,22.5,33.04
2023-07-15,Karwar,14.791585381792112,74.1292595907516,15.11,54.0,23.0,6.8,386,46,Forest,Silty,3.8,0.96,13.5,Unconfined,9.7,14.37
2024-05-02,Kollegala,12.14735837398469,77.11892114302162,29.68,45.8,31.5,8.9,412,66,Agricultural,Clay,3.0,0.0,13.8,Confined,57.8,29.79
2024-08-30,Mandya,12.509525335570675,76.89638112330908,31.16,62.7,25.5,5.8,417,328,Agricultural,Sandy,16.3,0.0,10.6,Unconfined,24.6,30.44
2021-04-06,Sirsi,14.625363269124012,74.83564018108484,7.95,7.7,36.1,10.7,132,469,Agricultural,Silty,7.0,0.0,9.3,Unconfined,45.3,8.78
2021-05-19,Karwar,14.819722245433475,74.13170074223642,26.11,20.8,40.8,9.4,747,168,Forest,Sandy,14.6,-0.12,12.7,Confined,26.8,26.44
2021-07-31,Haveri,14.797728800839323,75.40689523487525,10.97,69.8,30.7,8.2,387,346,Agricultural,Silty,9.1,0.0,9.1,Confined,29.8,10.28
2022-09-27,Bagalkote,16.183149681933934,75.70135169004462,12.79,66.6,29.7,7.1,498,191,Urban,Loam,16.5,0.0,11.8,Confined,0.2,11.81
2021-11-18,Chikkamagaluru,13.327596044492777,75.78135438958265,21.02,99.5,29.6,7.8,992,565,Agricultural,Loam,1.1,0.0,8.8,Confined,31.4,19.73
2023-02-26,Athani,16.72353234456204,75.07153629137656,22.86,19.9,21.2,6.0,321,442,Agricultural,Silty,9.6,0.0,13.7,Unconfined,29.9,23.06
2020-12-03,Chitradurga,14.230058742609126,76.39740699730936,27.74,9.1,24.5,6.7,878,138,Urban,Sandy,18.7,0.0,5.5,Unconfined,8.2,27.98
2021-06-15,Puttur,12.746518479114266,75.21130229097022,10.75,221.9,26.0,6.1,297,793,Agricultural,Sandy,14.7,0.17,11.2,Confined,14.0,6.74
2025-04-26,Badami,15.921480786639396,75.66694554761567,31.82,43.5,34.4,7.8,1120,317,Agricultural,Silty,7.3,0.0,9.6,Unconfined,44.6,31.79
2023-05-01,Doddaballapura,13.288179426190679,77.54881852740846,16.37,20.1,40.1,9.4,866,752,Agricultural,Loam,12.3,0.0,6.6,Confined,51.9,16.96
2025-05-11,Athani,16.715309286846708,75.07137738590433,13.32,35.2,30.6,8.9,1439,779,Agricultural,Silty,11.4,0.0,12.5,Unconfined,40.2,13.46
2025-06-11,Chitradurga,14.231646161021557,76.41388704518877,17.8,238.5,28.9,6.9,1449,656,Urban,Loam,1.9,0.0,10.6,Confined,3.4,13.41
2024-01-01,Anekal,12.68433082066732,77.70301841964488,33.99,5.9,21.0,5.5,1190,371,Urban,Sandy,10.8,0.0,5.6,Confined,0.5,34.15
2025-06-27,Anekal,12.710844241365914,77.7054033938393,6.02,59.3,24.5,7.0,487,467,Urban,Silty,6.6,0.0,3.2,Confined,6.8,5.25
2023-04-19,Karwar,14.81621993702451,74.11081093366485,38.83,26.6,29.4,7.3,892,533,Forest,Clay,5.2,0.87,3.6,Confined,34.6,38.92
2021-09-02,Badami,15.920988308763892,75.6947871508853,11.93,169.2,31.7,7.5,380,183,Agricultural,Loam,8.8,0.0,7.9,Unconfined,56.1,9.48
2024-01-04,Badami,15.912261522398287,75.70020611634017,30.83,3.9,24.5,5.7,328,149,Agricultural,Silty,14.8,0.0,4.3,Confined,55.0,31.59
2024-09-10,Raichur,16.21152214146231,77.36527850106538,17.96,207.7,23.3,6.1,433,176,Urban,Loam,1.6,0.0,14.8,Unconfined,7.3,14.18
2023-01-22,Kollegala,12.156361643810056,77.1098759081048,31.43,10.9,22.5,5.0,1070,481,Agricultural,Sandy,5.9,0.0,5.9,Confined,24.6,31.71
2023-06-17,Madikeri,12.411577298246657,75.73563248903429,11.4,161.2,25.3,6.9,675,450,Agricultural,Loam,23.4,0.0,11.2,Unconfined,21.2,8.73
2021-12-27,Haveri,14.800035336735428,75.42136286633794,19.63,12.5,24.2,6.1,117,20,Agricultural,Silty,1.3,0.0,0.6,Confined,35.9,20.04
2021-02-04,Sirsi,14.60930885438393,74.8460403561486,18.68,1.4,28.8,8.2,1227,507,Agricultural,Clay,13.2,0.0,3.3,Confined,42.2,19.48
2024-03-22,Hunasuru,12.319627363752646,76.29186390233272,19.94,44.4,37.9,11.3,1027,639,Agricultural,Silty,5.3,0.0,8.4,Unconfined,59.7,20.21
2024-08-18,Badami,15.905351850849396,75.7000886708328,6.27,245.1,22.0,6.5,142,308,Agricultural,Silty,16.0,0.0,11.9,Confined,52.5,2.22
2023-07-11,Anekal,12.697872713394696,77.68603228685906,5.26,237.8,29.0,7.8,451,661,Urban,Silty,9.7,0.0,11.0,Unconfined,7.9,0.97
2022-09-09,Udupi,13.342593368119452,74.75177354135724,23.58,201.2,31.3,7.3,756,467,Urban,Loam,24.4,-0.23,1.7,Confined,13.9,20.08
2024-06-10,Kollegala,12.141097508602593,77.12151647088893,25.89,210.9,29.3,7.6,1025,48,Agricultural,Silty,21.7,0.0,5.1,Unconfined,34.5,22.4
2024-03-30,Devanahalli,13.230841893251862,77.68804903094691,9.19,46.5,38.2,8.1,1166,384,Agricultural,Sandy,23.6,0.0,14.2,Unconfined,45.8,9.12
2021-10-07,Kollegala,12.152283622222393,77.13123822539198,25.66,32.6,30.8,7.7,107,746,Agricultural,Loam,2.5,0.0,4.1,Unconfined,32.0,25.71
2025-09-12,Puttur,12.74125536131263,75.23403571588493,37.91,88.0,31.0,8.1,1480,190,Agricultural,Loam,13.5,-0.71,3.5,Unconfined,22.8,36.85
2023-06-28,Mandya,12.528940989229646,76.90265425952096,19.43,237.8,26.2,7.3,404,594,Agricultural,Loam,19.5,0.0,3.3,Confined,50.3,15.54
2024-01-19,Sirsi,14.617354611671944,74.83363685828175,17.79,4.7,29.5,8.0,595,201,Agricultural,Sandy,23.7,0.0,12.5,Unconfined,43.3,18.53
2021-11-12,Bengaluru North,13.032129113143025,77.59951275485567,6.65,71.8,30.7,8.3,324,267,Urban,Silty,14.1,0.0,2.3,Confined,8.8,5.72
2020-10-03,Sagara,14.176145764657331,75.03401988422891,15.52,49.4,33.9,7.0,1035,295,Agricultural,Loam,11.6,0.0,0.8,Unconfined,38.4,15.27
2022-11-23,Kolar,13.130578985545656,78.140943649624,33.63,69.5,33.2,9.8,913,243,Urban,Clay,16.8,0.0,9.0,Unconfined,3.0,32.76
2024-09-19,Karwar,14.819101598295829,74.14899478627123,28.64,164.1,24.4,6.8,1346,564,Agricultural,Sandy,11.5,-0.35,2.4,Confined,19.8,25.93
2022-10-28,Badami,15.923667825024792,75.68068984898524,21.01,84.6,24.6,6.9,222,738,Agricultural,Sandy,6.3,0.0,11.3,Confined,59.4,20.26
2025-01-12,Kundapura,13.626758625438194,74.68763175820372,38.94,7.3,29.6,6.2,580,354,Forest,Loam,6.9,-0.37,10.1,Unconfined,10.7,39.25
2025-01-31,Devanahalli,13.234564788562547,77.69819146517713,26.27,6.2,28.3,8.4,999,523,Agricultural,Sandy,14.7,0.0,12.3,Confined,43.1,27.0
2022-05-01,Udupi,13.337585897186822,74.74000727028658,29.55,2.3,30.1,7.9,373,556,Agricultural,Sandy,23.5,0.31,8.1,Unconfined,21.3,30.08
2023-06-13,Athani,16.723114984538118,75.05760496511385,14.75,213.1,22.8,5.4,921,715,Agricultural,Sandy,20.3,0.0,5.5,Confined,58.6,11.34
2024-03-28,Mangaluru,12.906160066132179,74.86046101008523,32.48,29.7,39.4,10.1,1353,52,Agricultural,Sandy,24.9,0.53,2.7,Unconfined,26.0,32.6
2023-06-16,Doddaballapura,13.291968515572261,77.54883250483795,18.5,190.0,24.8,5.0,698,493,Agricultural,Clay,12.8,0.0,13.2,Unconfined,21.4,15.16
2022-06-05,Raichur,16.209580790712764,77.34877518935616,17.24,105.8,27.2,8.1,375,383,Urban,Clay,11.9,0.0,3.8,Confined,1.2,15.54
2021-01-20,Kollegala,12.140913584246192,77.10579336454353,23.84,13.4,20.7,5.8,693,255,Agricultural,Loam,19.6,0.0,14.7,Unconfined,33.8,24.2
2021-03-22,Kundapura,13.626444459179726,74.68616082637193,34.85,2.9,28.2,7.0,1079,270,Urban,Clay,6.3,-0.25,12.3,Confined,28.9,35.46
2022-10-09,Mangaluru,12.906026210149633,74.85955225473683,31.25,35.3,33.0,8.1,518,724,Agricultural,Loam,13.1,-0.31,1.8,Unconfined,5.4,31.03
2021-02-17,Davanagere,14.450479522132111,75.91397477739396,26.76,5.2,23.9,5.3,1008,735,Urban,Silty,14.2,0.0,10.8,Unconfined,8.8,27.01
2024-10-23,Sakleshpura,12.957215242117947,75.78479406251016,6.02,87.9,24.9,5.3,1064,793,Agricultural,Loam,18.2,0.0,10.2,Unconfined,41.4,4.94
2022-12-25,Karwar,14.787722578730465,74.11655361229515,17.09,10.1,20.6,4.2,126,310,Agricultural,Clay,4.8,-0.33,1.5,Confined,34.8,17.48
2022-04-11,Sagara,14.149224778637134,75.04215948648218,33.65,17.3,32.6,9.5,1196,500,Agricultural,Silty,18.1,0.0,10.4,Confined,28.8,34.07
2025-08-31,Mandya,12.524765505363447,76.90687675441661,6.81,162.9,31.6,7.3,844,123,Agricultural,Sandy,4.9,0.0,3.3,Unconfined,56.7,4.48
2024-09-05,Kolar,13.129794671453274,78.12153301519056,35.14,160.7,26.7,6.0,764,335,Urban,Silty,11.1,0.0,7.9,Unconfined,8.2,32.31
2022-09-09,Bagalkote,16.184510097657522,75.70301550970723,28.47,120.3,22.4,5.3,1482,448,Urban,Clay,13.5,0.0,4.6,Unconfined,3.0,26.36
2024-11-26,Hunasuru,12.306492757256676,76.30173634042748,37.62,23.2,33.1,9.3,1480,355,Agricultural,Clay,18.8,0.0,14.4,Confined,21.9,37.84
2023-10-24,Bagalkote,16.179064722962,75.70387160705882,12.13,85.2,31.1,7.8,579,202,Urban,Loam,5.5,0.0,13.7,Confined,7.0,10.89
2022-05-25,Chikkamagaluru,13.311557947898116,75.7881875659594,26.34,3.8,34.7,10.2,1392,45,Agricultural,Sandy,24.6,0.0,5.4,Confined,43.9,27.21
2021-04-18,Shivamogga,13.914918514603382,75.5834497482966,12.85,29.8,40.6,12.0,1316,162,Urban,Loam,1.8,0.0,12.1,Confined,0.1,12.85
2024-12-25,Davanagere,14.471287426458405,75.92528401499463,12.81,0.5,22.9,6.4,888,425,Urban,Clay,25.0,0.0,6.5,Unconfined,8.3,13.2
2021-12-19,Sakleshpura,12.964225955577314,75.77320252336403,23.97,8.0,22.5,5.9,264,376,Agricultural,Sandy,8.4,0.0,4.4,Unconfined,36.1,24.47
2022-04-22,Chitradurga,14.232388372918637,76.40475000323175,32.3,8.2,32.8,8.8,1475,68,Urban,Sandy,22.5,0.0,9.0,Unconfined,9.9,32.67
2025-04-02,Devanahalli,13.241231458920431,77.69841407561599,18.68,17.1,30.7,9.1,653,775,Agricultural,Clay,1.4,0.0,9.6,Confined,30.1,19.09
2024-10-26,Udupi,13.312401143757317,74.75716118168303,14.41,76.2,33.7,7.4,491,168,Forest,Sandy,2.4,-0.32,10.2,Unconfined,37.2,13.66
2023-09-06,Hassan,13.017052459086994,76.08755508332361,24.24,187.9,28.1,7.1,278,219,Urban,Clay,18.2,0.0,12.8,Confined,5.7,20.89
2025-03-28,Hunasuru,12.331220252170167,76.29878094030519,24.64,8.5,35.5,8.9,1102,477,Agricultural,Loam,23.5,0.0,1.8,Unconfined,39.4,25.31
2023-02-13,Sringeri,13.414807572797868,75.25948716976583,38.99,15.7,29.5,7.9,1390,695,Agricultural,Clay,20.6,0.0,13.3,Confined,39.0,39.46
2023-01-21,Chitradurga,14.227364407279628,76.38939221236468,9.08,5.0,29.0,8.5,1150,676,Urban,Clay,4.9,0.0,8.8,Unconfined,0.3,9.41
2020-10-27,Bagalkote,16.151799988706042,75.69641260118972,6.84,59.1,28.3,6.1,1439,576,Urban,Sandy,20.6,0.0,12.2,Unconfined,6.1,6.02
2025-01-11,Hunasuru,12.3170723580332,76.30010298303816,22.8,8.3,25.2,6.1,643,560,Agricultural,Loam,7.9,0.0,9.9,Unconfined,33.9,23.28
2025-03-01,Badami,15.926974826858194,75.6870093157983,25.63,45.1,29.5,6.3,1306,569,Agricultural,Clay,15.9,0.0,3.9,Confined,45.7,25.5
2022-02-01,Udupi,13.34464992095599,74.7402420715737,27.96,2.3,25.1,5.4,676,670,Urban,Sandy,5.4,0.41,8.3,Confined,37.3,28.52
2024-12-11,Hassan,13.011593067796143,76.09939540148599,15.85,16.9,21.0,6.1,826,400,Urban,Sandy,9.3,0.0,14.2,Confined,5.3,15.87
2025-04-07,Shivamogga,13.933808193226167,75.57182315120082,24.53,43.2,36.4,10.0,772,93,Urban,Clay,16.5,0.0,1.7,Unconfined,9.7,24.26
2023-07-19,Karwar,14.806008956788762,74.13617140783737,24.38,136.0,29.2,8.6,301,554,Urban,Clay,5.5,-0.21,0.1,Confined,39.2,22.5
2021-07-04,Udupi,13.322721778922222,74.7435215497972,32.21,56.0,26.9,5.7,295,397,Agricultural,Loam,7.8,-0.15,14.4,Confined,15.9,31.55
2023-01-14,Gokak,16.150340485232483,74.82659721399168,18.77,3.9,28.8,7.3,616,762,Urban,Clay,19.2,0.0,6.9,Confined,7.9,19.14
2022-12-23,Devanahalli,13.22888117641269,77.69909079707992,36.96,9.6,27.0,7.5,1321,104,Agricultural,Silty,11.4,0.0,2.2,Confined,39.7,37.54
2025-07-01,Mysuru,12.30587624252752,76.63331072196434,30.2,113.9,27.2,7.5,996,411,Urban,Silty,1.1,0.0,4.1,Confined,7.1,28.37
2021-03-28,Hassan,12.997035938221323,76.10198485281877,22.51,28.4,31.1,6.2,1445,394,Urban,Silty,14.9,0.0,14.6,Unconfined,1.1,22.26
2023-08-15,Sanduru,15.097818569432983,76.55115081673863,16.88,220.6,31.0,7.1,993,139,Agricultural,Clay,3.1,0.0,14.5,Unconfined,40.7,13.23
2020-09-26,Kolar,13.137896571482532,78.14300446991764,33.76,66.2,22.3,5.3,860,79,Urban,Clay,21.0,0.0,7.5,Unconfined,1.1,32.71
2023-05-12,Anekal,12.706846410684594,77.69681835525454,5.95,22.6,30.2,6.8,586,186,Urban,Sandy,22.7,0.0,1.5,Unconfined,8.2,5.92
2023-10-20,Yadgir,16.76451679563215,77.161822698874,7.2,82.2,28.4,7.2,824,327,Agricultural,Sandy,14.4,0.0,13.7,Confined,52.9,6.45
2021-05-09,Puttur,12.76525314132656,75.22774287311023,35.83,18.2,30.0,8.4,1126,210,Forest,Silty,18.5,0.49,6.9,Confined,25.7,36.09
2025-05-05,Hubballi,15.362303892052646,75.13955637255629,19.42,6.0,35.3,7.4,627,151,Urban,Clay,22.2,0.0,14.6,Confined,0.2,19.67
2023-06-17,Raichur,16.206192793758934,77.36686128904854,34.32,77.0,23.2,4.6,808,501,Urban,Loam,12.4,0.0,0.3,Unconfined,7.8,33.09
2021-07-30,Raichur,16.219055928715218,77.34188268981393,26.26,174.4,27.3,6.7,388,511,Urban,Clay,2.5,0.0,4.0,Confined,5.5,23.16
2024-01-19,Sringeri,13.427824983053895,75.2614583195926,25.61,6.5,24.0,6.4,627,658,Agricultural,Clay,20.1,0.0,2.4,Unconfined,39.6,26.2
2024-08-14,Mandya,12.519110095780063,76.87000588689955,22.49,111.9,31.1,7.3,1289,559,Agricultural,Sandy,7.5,0.0,2.2,Confined,26.1,20.88
2021-11-30,Haveri,14.804501289037557,75.41113866892823,13.17,64.5,29.7,7.4,1028,95,Agricultural,Sandy,24.3,0.0,13.9,Unconfined,29.5,12.54
2022-06-18,Mysuru,12.291629171187266,76.62848293150964,8.96,242.6,29.5,8.6,197,455,Urban,Sandy,4.7,0.0,4.3,Unconfined,4.0,4.58
2022-05-16,Kolar,13.126876422536817,78.1272425097542,34.49,36.0,31.8,6.8,1059,567,Urban,Clay,11.9,0.0,8.2,Confined,5.7,34.17
2025-04-03,Athani,16.72240616806301,75.06487204259778,6.38,31.8,40.0,8.5,746,419,Agricultural,Clay,23.7,0.0,9.9,Confined,22.0,6.39
2021-11-26,Shivamogga,13.913081145892487,75.57480665579298,28.85,55.0,32.2,8.2,1045,195,Urban,Clay,24.7,0.0,9.4,Unconfined,2.8,28.19
2023-06-15,Kolar,13.14406427413311,78.14641212596663,24.23,63.8,29.1,8.2,1005,488,Urban,Silty,18.1,0.0,7.5,Confined,0.8,23.37
2024-03-02,Chitradurga,14.232032702928397,76.39513104117843,9.0,44.2,32.7,7.9,863,155,Urban,Loam,8.8,0.0,4.6,Unconfined,9.3,8.6
2023-02-19,Gokak,16.19069528531686,74.833172185001,36.21,11.0,21.0,4.4,731,423,Urban,Sandy,15.4,0.0,5.3,Unconfined,9.0,36.3
2021-06-01,Sagara,14.166916537928643,75.02601381006468,36.82,107.4,24.5,6.6,209,562,Agricultural,Loam,16.2,0.0,11.7,Confined,38.4,35.39
2023-07-09,Hunasuru,12.313521792403657,76.27867249116522,13.65,95.2,30.9,6.2,517,163,Agricultural,Silty,17.0,0.0,6.9,Confined,39.1,12.45
2020-10-06,Madikeri,12.407871720078038,75.73721224434613,7.0,98.8,33.6,10.0,664,632,Agricultural,Silty,2.0,0.0,13.5,Unconfined,44.1,5.96
2022-09-25,Yadgir,16.782335554197488,77.13991991083175,30.44,75.8,29.8,6.0,437,158,Agricultural,Sandy,22.7,0.0,1.1,Confined,41.1,29.64
2021-03-29,Yadgir,16.75442370930671,77.12588529685709,12.08,9.3,41.2,10.9,233,318,Agricultural,Clay,6.7,0.0,9.4,Confined,28.1,12.72
2025-06-30,Hassan,13.008993375001495,76.08693830071013,26.94,69.2,27.9,7.5,1191,649,Urban,Loam,5.3,0.0,6.6,Confined,3.4,25.96
2024-04-20,Haveri,14.791944536550657,75.40715076749052,35.3,27.0,38.1,9.4,555,284,Agricultural,Sandy,17.3,0.0,13.7,Confined,31.8,35.55
2022-08-16,Raichur,16.205713254466428,77.32473792668752,21.05,152.5,30.9,8.1,1225,31,Urban,Clay,22.9,0.0,10.8,Confined,3.6,18.44
2024-05-15,Yadgir,16.763880432356608,77.15649099297579,6.56,44.6,29.8,8.3,1170,512,Agricultural,Sandy,24.9,0.0,3.7,Confined,28.9,6.37
2025-07-16,Tumakuru,13.345397116307673,77.10794243206495,24.31,92.2,25.9,5.8,294,736,Urban,Loam,5.4,0.0,14.6,Unconfined,8.2,22.84
2021-05-20,Sringeri,13.416469565062126,75.25145604346027,29.14,8.4,33.0,9.4,1148,410,Agricultural,Sandy,3.1,0.0,13.7,Unconfined,39.9,29.84
2021-07-18,Sirsi,14.619344541076572,74.82979156806576,9.65,127.2,29.8,8.3,469,362,Agricultural,Clay,11.6,0.0,5.4,Unconfined,51.4,8.04
2024-08-28,Shivamogga,13.936733459515837,75.5577460031951,27.12,81.9,24.9,7.4,1069,69,Urban,Silty,15.8,0.0,10.4,Unconfined,7.2,25.92
2025-09-14,Sakleshpura,12.977272468134036,75.77383118403209,21.34,124.4,25.9,7.7,835,303,Agricultural,Sandy,20.7,0.0,10.0,Unconfined,52.3,19.76
2021-08-11,Hassan,13.004186958249779,76.09410719639025,19.44,133.1,24.0,5.9,232,36,Urban,Loam,23.6,0.0,5.8,Confined,9.7,17.17
2022-02-02,Mangaluru,12.929931984610304,74.85515729436972,18.55,4.4,28.3,7.7,409,561,Forest,Loam,17.5,0.87,7.9,Unconfined,34.2,19.1
2023-05-16,Haveri,14.802170640596604,75.40835721057739,24.02,31.7,37.8,8.2,1225,538,Agricultural,Loam,22.8,0.0,7.2,Unconfined,54.7,24.34
2025-09-16,Mandya,12.529541716999644,76.88803184423583,15.76,108.4,30.2,7.1,595,620,Agricultural,Sandy,2.5,0.0,9.8,Confined,52.6,14.47
2023-02-03,Doddaballapura,13.293288615974687,77.55150173492603,31.77,9.5,28.1,5.6,1395,410,Agricultural,Clay,22.6,0.0,4.6,Confined,52.1,32.38
2023-09-07,Chikkamagaluru,13.309019268175179,75.78566459472007,33.73,177.7,24.4,5.9,113,475,Agricultural,Clay,7.8,0.0,6.7,Confined,33.6,30.81
2022-11-08,Hubballi,15.359307117853248,75.11583149762747,37.3,99.9,28.0,6.1,444,337,Urban,Sandy,3.6,0.0,3.7,Confined,7.3,35.68
2020-12-08,Karwar,14.808003965305623,74.11433667683055,20.51,13.1,27.2,8.1,951,115,Urban,Loam,3.4,-0.19,3.8,Unconfined,22.6,20.9
2021-09-07,Chikkamagaluru,13.338208993307852,75.79368983378633,8.96,184.5,31.9,9.4,1491,304,Agricultural,Silty,2.3,0.0,10.5,Confined,45.8,6.2
2021-10-12,Mangaluru,12.904637864631907,74.85228582711967,5.1,20.4,30.8,6.6,912,590,Urban,Loam,24.6,0.5,1.2,Unconfined,22.8,5.2
2021-08-18,Doddaballapura,13.309336417145492,77.55412136762934,12.08,175.5,22.7,5.2,801,664,Agricultural,Clay,15.6,0.0,4.5,Unconfined,52.0,9.35
2025-06-26,Kolar,13.13022386091227,78.1350307879519,32.71,236.9,23.9,4.9,186,225,Urban,Loam,16.9,0.0,7.1,Unconfined,1.7,28.23
2025-08-31,Bagalkote,16.18597868076962,75.7010966217383,33.87,86.4,29.8,6.9,285,284,Urban,Clay,7.5,0.0,10.7,Confined,2.5,32.51
2025-04-06,Puttur,12.767349241603847,75.19874098836745,26.76,14.4,36.6,8.7,305,615,Urban,Silty,8.1,-0.41,6.2,Confined,15.6,27.1
2024-10-25,Mangaluru,12.914941632729043,74.86058399356489,31.23,30.3,26.7,7.6,891,740,Urban,Clay,18.5,-0.56,9.0,Confined,36.7,31.43
2022-07-02,Hubballi,15.356458901646814,75.11084939293592,6.2,126.9,24.2,5.5,384,416,Urban,Loam,1.3,0.0,12.1,Confined,6.2,4.0
2023-05-01,Badami,15.917721177220088,75.66870039875657,8.87,2.8,29.3,7.1,1317,500,Agricultural,Clay,12.4,0.0,13.0,Unconfined,28.4,9.45
2020-12-14,Hubballi,15.374105583668841,75.12445573245054,16.38,18.8,20.5,5.5,590,42,Urban,Clay,24.5,0.0,9.0,Confined,4.3,16.32
2024-11-16,Doddaballapura,13.313718450966205,77.54018304669984,29.67,43.1,29.9,7.0,1027,187,Agricultural,Silty,8.7,0.0,10.8,Confined,29.2,29.45
2025-02-28,Mandya,12.5480262378,76.89930314894413,39.28,14.7,22.5,6.4,152,468,Agricultural,Sandy,21.6,0.0,0.5,Unconfined,56.4,39.87
2023-12-02,Yadgir,16.765385914745455,77.15738341156593,14.94,7.8,25.8,6.8,1303,434,Agricultural,Sandy,3.4,0.0,1.6,Confined,58.5,15.71
2023-02-28,Bengaluru North,13.03801539683582,77.5933479791728,5.69,18.7,22.3,5.5,1083,136,Urban,Loam,13.5,0.0,4.3,Confined,10.0,5.69
2022-02-19,Anekal,12.70088916671775,77.70082776669273,32.58,7.6,27.9,6.7,196,69,Urban,Sandy,9.5,0.0,14.9,Unconfined,10.0,32.86
2021-11-15,Kundapura,13.607226439103577,74.6749194767983,16.35,98.8,25.9,6.7,1077,687,Urban,Clay,17.2,0.88,2.4,Unconfined,26.6,14.89
2022-06-18,Chitradurga,14.224805181184049,76.39287039054418,5.43,144.2,25.8,6.8,640,175,Urban,Clay,9.8,0.0,7.8,Unconfined,9.5,2.98
2022-10-27,Mangaluru,12.904729560293841,74.85984638636457,37.08,72.1,25.1,7.1,1173,81,Urban,Silty,21.5,-0.86,5.7,Unconfined,28.1,36.36
2022-01-18,Mangaluru,12.923401289241978,74.86880528353065,37.64,18.4,26.5,7.1,1086,183,Urban,Sandy,16.7,0.19,2.8,Unconfined,35.4,37.96
2020-12-13,Bengaluru North,13.035362421435241,77.59487505746908,28.29,7.8,29.9,7.2,624,784,Urban,Loam,23.4,0.0,7.2,Confined,6.6,28.56
2022-03-09,Hunasuru,12.31033819387756,76.28139399841685,20.76,38.9,34.4,8.9,895,720,Agricultural,Silty,24.3,0.0,7.5,Unconfined,42.0,20.85
2022-01-03,Udupi,13.314892154662461,74.73769677757285,15.93,15.9,21.9,6.3,389,321,Urban,Sandy,23.1,-0.51,3.4,Confined,27.4,16.25
2021-11-26,Badami,15.900729809974967,75.6837416373984,34.53,94.1,29.5,7.2,447,370,Agricultural,Sandy,12.2,0.0,11.3,Confined,52.8,33.54
2024-01-15,Sringeri,13.41970078274872,75.24714750592985,33.47,17.1,28.4,5.7,776,130,Agricultural,Clay,9.0,0.0,12.1,Confined,24.5,33.66
2022-12-31,Sakleshpura,12.958816635760243,75.79881630226987,36.34,5.4,21.9,5.7,236,309,Agricultural,Sandy,24.6,0.0,13.4,Confined,24.6,36.76
2023-07-03,Tumakuru,13.349606201761272,77.11015710131586,15.32,221.2,24.1,7.2,1371,537,Urban,Silty,13.0,0.0,13.9,Unconfined,7.7,11.33
2023-07-20,Hassan,13.022476792521589,76.09157375827682,37.36,227.8,25.8,6.9,280,799,Urban,Loam,13.2,0.0,3.0,Confined,7.8,33.23
2020-10-01,Tumakuru,13.341231841702871,77.09596203003164,7.27,78.8,27.7,5.7,1081,207,Urban,Sandy,22.8,0.0,9.4,Confined,5.9,6.04
2024-02-06,Shivamogga,13.912046115371803,75.56337773674954,9.44,4.3,22.4,6.1,158,571,Urban,Clay,16.9,0.0,10.1,Unconfined,4.9,9.71
2025-02-08,Kollegala,12.156716621052087,77.11885393612393,20.35,15.2,21.0,5.4,450,467,Agricultural,Clay,16.9,0.0,4.8,Unconfined,59.3,20.91
2022-03-19,Davanagere,14.46744622468422,75.93082603667924,27.29,47.7,38.0,10.7,1119,339,Urban,Sandy,6.8,0.0,5.6,Unconfined,2.0,26.89
2024-07-10,Bengaluru North,13.022061892731523,77.59569944139633,5.39,167.1,29.8,6.2,1029,531,Urban,Loam,8.0,0.0,9.8,Unconfined,6.3,2.42
2023-04-29,Karwar,14.796370032643159,74.1144328956393,31.81,34.3,29.0,7.1,392,156,Agricultural,Silty,3.8,-0.17,11.5,Unconfined,38.3,31.88
2022-07-30,Sringeri,13.410856947282447,75.27144991648423,8.0,199.0,27.7,7.0,1105,564,Agricultural,Clay,12.6,0.0,1.8,Confined,49.8,4.87
2022-12-30,Gokak,16.173610045211557,74.82687581352178,39.5,7.9,22.6,5.7,422,684,Urban,Silty,17.4,0.0,4.6,Unconfined,3.9,39.67
2021-08-29,Puttur,12.757039932502193,75.21463069228055,37.1,74.1,29.7,6.3,177,549,Agricultural,Clay,22.8,0.88,6.2,Unconfined,18.4,36.03
2021-11-04,Anekal,12.697424746762135,77.70808215145782,10.47,48.1,26.3,5.7,1133,390,Urban,Silty,14.7,0.0,14.6,Unconfined,1.1,9.8
2023-06-19,Haveri,14.788108258407178,75.41901102732474,27.3,102.6,27.7,5.8,1162,377,Agricultural,Sandy,15.1,0.0,13.5,Confined,29.5,25.83
2025-05-07,Puttur,12.769004746136432,75.20775763334508,8.41,15.2,36.6,7.9,502,69,Forest,Sandy,15.7,-0.64,13.2,Unconfined,6.7,8.63
2024-06-01,Sanduru,15.093632046851361,76.54644243769722,38.91,228.4,28.1,6.3,1493,744,Agricultural,Sandy,22.5,0.0,14.2,Unconfined,44.9,35.11
2022-02-09,Kolar,13.142141265293375,78.13997767615305,22.61,15.6,26.8,6.2,1317,406,Urban,Silty,21.7,0.0,10.0,Confined,7.9,22.69
2023-09-25,Haveri,14.8074205354563,75.39826764051277,28.69,218.9,22.3,5.9,410,460,Agricultural,Sandy,17.6,0.0,7.7,Unconfined,50.4,25.11
2021-06-01,Sirsi,14.596473268531145,74.82991370427094,38.62,108.6,25.4,6.3,1047,637,Agricultural,Loam,3.2,0.0,1.9,Unconfined,46.4,37.23
2023-11-22,Sakleshpura,12.977618031158789,75.78431424414747,25.72,41.2,29.7,6.0,183,354,Agricultural,Sandy,5.7,0.0,10.2,Confined,36.1,25.56
2023-06-07,Bengaluru North,13.039603603929733,77.59825929235312,31.24,222.7,22.5,6.6,773,96,Urban,Silty,7.6,0.0,0.8,Confined,7.2,27.19
2022-06-07,Hunasuru,12.300704255203035,76.28905408856693,9.25,142.0,29.1,7.7,115,664,Agricultural,Clay,24.6,0.0,4.9,Unconfined,47.9,7.27
2024-05-08,Hubballi,15.34848397944346,75.13056577613196,7.62,9.7,32.4,8.1,785,760,Urban,Silty,16.9,0.0,13.6,Confined,8.0,7.91
2024-01-04,Raichur,16.20410788726836,77.35183718379375,23.34,14.9,26.5,6.7,1026,108,Urban,Silty,20.5,0.0,11.8,Confined,3.8,23.42
2024-09-05,Hubballi,15.357161270815821,75.1233843771633,36.26,172.0,26.3,6.0,1386,580,Urban,Sandy,18.7,0.0,13.4,Unconfined,3.2,33.15
2022-12-14,Sagara,14.176822251278365,75.04221751089734,36.12,5.8,20.7,5.1,534,21,Agricultural,Clay,12.8,0.0,0.8,Confined,24.5,36.5
2020-10-13,Kundapura,13.629762833467673,74.71103091650811,21.91,34.3,27.7,7.6,351,710,Urban,Sandy,5.3,0.99,9.5,Confined,39.5,21.9
2022-12-08,Bengaluru North,13.030843885389077,77.59640522871044,18.94,0.8,22.3,6.3,1417,282,Urban,Loam,23.9,0.0,8.3,Unconfined,6.5,19.3
2023-08-18,Shivamogga,13.92088163342697,75.5765320833329,13.67,67.6,29.4,7.1,895,723,Urban,Sandy,5.2,0.0,0.6,Unconfined,5.4,12.73
2021-11-29,Tumakuru,13.34604710905495,77.10713131105217,12.13,27.9,26.7,6.3,343,748,Urban,Loam,11.3,0.0,3.5,Unconfined,5.1,11.94
2022-07-09,Bagalkote,16.18630764480012,75.70206418553016,32.98,172.2,22.3,4.9,308,798,Urban,Silty,20.2,0.0,8.3,Confined,4.9,29.83
2022-06-01,Devanahalli,13.246215797008688,77.71619250371144,33.58,132.1,25.5,6.2,1307,645,Agricultural,Clay,19.8,0.0,13.3,Unconfined,34.3,31.59
2025-06-14,Ballari,15.147114220539306,76.9310850925543,8.48,204.2,27.4,6.8,869,472,Urban,Clay,18.9,0.0,7.5,Unconfined,5.5,4.79
2021-05-27,Kundapura,13.612882472623419,74.68348275615881,15.33,47.8,41.7,9.9,563,574,Urban,Sandy,4.7,0.31,8.3,Confined,34.2,15.18
2025-05-15,Puttur,12.776552105377807,75.21141760023646,35.56,16.8,41.4,8.4,117,188,Forest,Sandy,12.2,0.8,8.3,Confined,10.5,35.67
2022-01-31,Sringeri,13.429038023304612,75.24065175673157,6.33,15.6,20.9,5.1,1474,695,Agricultural,Loam,19.4,0.0,3.8,Confined,28.9,6.56
2024-12-08,Mysuru,12.280892971754216,76.65671870466588,11.03,2.6,20.3,5.3,1225,675,Urban,Silty,2.9,0.0,6.2,Confined,6.1,11.3
2024-09-14,Hunasuru,12.296791881162044,76.28609928564467,24.28,217.8,24.8,6.8,515,129,Agricultural,Sandy,23.2,0.0,8.9,Confined,20.3,20.47
2023-03-05,Hassan,12.996428738356444,76.11356364362696,11.16,5.1,39.3,10.3,166,783,Urban,Silty,16.4,0.0,14.6,Confined,7.3,11.65
2024-05-08,Hubballi,15.35714231430223,75.11837973761176,23.0,47.7,40.4,11.3,1238,11,Urban,Clay,6.4,0.0,14.1,Confined,3.8,22.65
2021-02-05,Hunasuru,12.300149235797942,76.29437541217594,12.43,9.7,22.6,6.4,685,743,Agricultural,Silty,24.7,0.0,7.8,Unconfined,36.1,12.92
2020-10-13,Haveri,14.792879591119434,75.41395466483083,32.98,60.1,33.9,7.8,284,83,Agricultural,Loam,5.5,0.0,14.2,Unconfined,28.1,32.45
2022-08-25,Chitradurga,14.229993192081345,76.41509007281954,30.16,170.8,30.4,7.9,492,499,Urban,Silty,13.3,0.0,13.5,Unconfined,3.4,27.17
2020-09-28,Kollegala,12.148375448372372,77.11051892172418,29.43,217.0,28.1,6.5,1436,267,Agricultural,Loam,11.3,0.0,3.9,Confined,60.0,26.02
2025-08-20,Chitradurga,14.227549548927172,76.41318093241011,20.39,244.4,23.7,6.5,562,620,Urban,Sandy,10.0,0.0,6.0,Confined,6.9,15.9
2025-06-03,Haveri,14.797526597165144,75.42630305465421,10.53,210.8,29.8,6.1,712,700,Agricultural,Clay,14.9,0.0,13.2,Confined,47.3,7.09
2025-03-06,Hubballi,15.367451124471929,75.11834781547778,9.28,13.9,29.1,8.3,378,467,Urban,Sandy,22.0,0.0,14.7,Unconfined,8.7,9.5
2022-07-13,Hassan,13.016357707377484,76.09582769902458,38.08,130.2,30.6,8.7,941,200,Urban,Sandy,1.8,0.0,14.3,Unconfined,0.9,35.92
2021-10-02,Hunasuru,12.285929813268599,76.28173147365352,20.5,26.4,31.2,8.2,1372,350,Agricultural,Sandy,18.6,0.0,10.5,Confined,56.4,20.95
2024-03-25,Sirsi,14.636775394670128,74.83166985632855,15.8,43.4,38.5,10.5,835,303,Agricultural,Loam,19.4,0.0,12.4,Unconfined,24.2,15.7
2021-02-14,Mysuru,12.306967322356718,76.64404992883098,36.18,17.0,23.0,6.9,172,539,Urban,Clay,21.7,0.0,14.2,Unconfined,3.8,36.22
2022-07-11,Sakleshpura,12.967267785567179,75.77907163687424,33.53,244.7,31.1,9.1,480,108,Agricultural,Loam,15.0,0.0,13.3,Unconfined,22.0,29.31
2022-07-10,Hassan,13.011540400114804,76.09179281777621,27.36,87.1,31.1,8.4,825,60,Urban,Silty,9.9,0.0,5.8,Unconfined,0.2,26.04
2025-04-16,Madikeri,12.43727705956065,75.73682595550305,15.37,26.4,35.8,10.1,647,778,Agricultural,Loam,12.3,0.0,5.2,Confined,34.0,15.69
2024-06-13,Karwar,14.815538207239966,74.11862396802024,7.07,107.3,23.2,6.6,251,768,Urban,Silty,11.7,0.58,0.6,Unconfined,30.6,5.5
2023-07-14,Athani,16.719414144097012,75.06262402155399,17.49,224.1,23.4,6.3,155,774,Agricultural,Silty,23.5,0.0,3.1,Confined,57.8,13.9
2025-08-11,Hassan,13.00406627866188,76.09634449156619,30.89,104.6,27.1,5.6,723,47,Urban,Clay,2.4,0.0,12.4,Unconfined,8.6,29.16
2022-05-21,Athani,16.72111594966176,75.0719587006066,35.55,43.4,41.3,11.4,250,711,Agricultural,Silty,21.1,0.0,1.3,Unconfined,30.3,35.55
2023-09-10,Chikkamagaluru,13.29749214122881,75.78312533026964,24.31,130.8,29.5,8.0,543,173,Agricultural,Loam,20.8,0.0,8.8,Confined,20.8,22.3
2024-12-01,Tumakuru,13.339248887109608,77.1044174616005,37.33,17.6,20.6,4.5,1426,234,Urban,Silty,15.2,0.0,11.0,Unconfined,5.1,37.25
2022-07-24,Hubballi,15.361385450425294,75.11117252496294,6.98,96.6,29.1,8.3,389,514,Urban,Silty,14.9,0.0,6.6,Unconfined,4.8,5.51
2021-10-04,Chitradurga,14.234327978958435,76.38802727515188,25.05,92.8,25.5,6.9,743,642,Urban,Loam,16.9,0.0,7.4,Confined,0.8,23.55
2022-05-17,Udupi,13.33311732828475,74.74599551931512,22.52,15.5,36.7,8.0,211,250,Agricultural,Sandy,8.2,-0.57,10.3,Unconfined,31.1,22.98
2023-04-24,Puttur,12.768900665260094,75.22103142244258,27.11,47.0,35.1,7.9,1289,121,Agricultural,Sandy,1.5,-0.51,14.5,Unconfined,15.6,26.77
2021-04-29,Kollegala,12.154357464249058,77.11326982027836,37.39,42.1,28.3,7.3,796,156,Agricultural,Sandy,21.6,0.0,2.3,Confined,45.4,37.37
2024-09-10,Davanagere,14.461792980949202,75.94844747849602,9.11,81.9,26.8,6.8,1074,654,Urban,Loam,2.2,0.0,3.9,Confined,4.4,7.86
2024-09-08,Chikkamagaluru,13.310761130957548,75.77713473944404,16.19,78.6,31.2,9.0,797,417,Agricultural,Clay,19.5,0.0,11.4,Confined,58.8,15.66
2024-08-16,Davanagere,14.480058417831778,75.91181555419651,37.15,145.6,22.5,5.4,679,154,Urban,Sandy,11.5,0.0,3.6,Unconfined,6.0,34.57
2023-08-27,Kollegala,12.14530188720046,77.1271476593579,6.66,96.9,25.0,7.1,316,663,Agricultural,Sandy,24.4,0.0,8.5,Unconfined,48.7,5.56
2022-07-15,Yadgir,16.75744013846324,77.13278618492849,21.71,73.1,25.7,5.6,823,585,Agricultural,Loam,22.1,0.0,1.1,Unconfined,37.6,20.9
2022-09-08,Chitradurga,14.209982779115181,76.37870338810389,28.36,69.3,30.4,7.4,1469,252,Urban,Silty,17.5,0.0,13.9,Unconfined,8.2,27.43
2024-03-18,Sagara,14.166705351222072,75.02562749889684,18.72,13.6,28.9,6.6,1092,332,Agricultural,Silty,18.1,0.0,9.1,Unconfined,30.5,19.08
2022-07-28,Mangaluru,12.90753352943137,74.84902915979102,24.61,238.4,31.0,9.1,473,684,Forest,Loam,3.6,0.04,1.5,Confined,19.8,20.49
2021-10-30,Karwar,14.80730813111109,74.1231687150905,24.03,83.6,28.2,6.3,917,721,Forest,Loam,14.7,0.52,13.4,Confined,21.3,22.83
2024-07-20,Yadgir,16.759188088387916,77.12532586947599,14.44,132.5,23.0,5.7,1382,598,Agricultural,Loam,17.2,0.0,10.5,Unconfined,36.4,12.44
2024-07-15,Kundapura,13.620372704979596,74.68984171687045,27.0,103.2,31.8,7.9,1020,124,Agricultural,Silty,8.5,-0.59,4.1,Confined,13.6,25.53
2023-01-10,Madikeri,12.41090641934836,75.7487976102855,15.29,18.0,23.1,4.8,679,571,Agricultural,Clay,2.9,0.0,14.6,Confined,24.4,15.41
2022-07-26,Kolar,13.143488495297873,78.12099246386649,34.66,57.3,24.7,7.0,261,548,Urban,Loam,12.7,0.0,4.6,Unconfined,0.2,33.87
2021-11-24,Athani,16.719888689032135,75.06218223080626,16.3,45.7,32.2,8.6,704,442,Agricultural,Loam,6.3,0.0,10.0,Unconfined,31.4,16.13
2023-11-04,Sringeri,13.405169918474922,75.26296124977515,16.74,88.6,34.0,6.9,1118,52,Agricultural,Silty,1.3,0.0,9.1,Unconfined,43.4,15.75
2025-05-16,Mangaluru,12.919615772279016,74.84978412585997,15.36,21.7,40.7,12.1,709,230,Forest,Clay,9.9,-0.34,14.3,Confined,5.3,15.62
2025-08-11,Chitradurga,14.22370435167818,76.40652976248128,5.86,118.0,22.8,5.7,433,12,Urban,Clay,22.4,0.0,4.0,Confined,0.5,3.79
2021-09-15,Shivamogga,13.937322932499505,75.57538994021037,17.51,157.3,22.2,6.4,1099,595,Urban,Clay,14.5,0.0,11.1,Confined,3.8,14.72
2025-06-10,Mangaluru,12.920388815878972,74.8595272824786,38.7,59.8,27.7,6.1,443,270,Forest,Silty,18.9,-0.85,2.5,Unconfined,28.7,38.18
2025-02-24,Haveri,14.774893491821624,75.40129923052935,12.68,8.3,21.5,5.6,182,608,Agricultural,Silty,21.0,0.0,11.0,Confined,56.0,13.35
2021-02-09,Puttur,12.755969849240318,75.22310560990938,13.38,3.4,27.5,5.7,675,308,Urban,Silty,4.7,0.06,5.8,Unconfined,27.5,13.87
2024-04-28,Mysuru,12.316429551219226,76.62788852340283,26.68,23.7,39.7,8.2,652,391,Urban,Clay,24.4,0.0,0.2,Unconfined,1.6,26.63
2023-02-23,Hubballi,15.358099068001103,75.11662905680035,21.31,17.7,28.1,6.9,302,345,Urban,Sandy,23.1,0.0,6.3,Unconfined,1.1,21.31
2022-04-19,Athani,16.724228657880907,75.0631416656993,31.7,7.4,40.8,11.5,396,618,Agricultural,Loam,10.1,0.0,5.0,Confined,32.3,32.45
2022-06-06,Gokak,16.143402525283847,74.84745954651952,22.56,205.2,25.3,5.4,408,239,Urban,Sandy,7.4,0.0,11.5,Unconfined,4.0,18.77
2023-02-22,Yadgir,16.775689547751153,77.14707504386351,20.4,6.6,26.2,6.6,118,49,Agricultural,Silty,17.6,0.0,2.7,Unconfined,31.2,20.91
2021-03-31,Sanduru,15.086555914961178,76.5622033347748,21.04,41.3,34.1,8.5,964,438,Agricultural,Sandy,23.7,0.0,0.6,Unconfined,45.6,21.09
2025-02-21,Athani,16.747856093248828,75.06675852234379,32.78,15.6,23.1,6.3,903,787,Agricultural,Clay,21.5,0.0,1.7,Confined,27.1,33.05
2023-04-09,Mandya,12.505020101317568,76.88238193945953,17.97,2.7,36.1,7.6,796,148,Agricultural,Loam,13.7,0.0,11.9,Confined,33.3,18.63
2021-01-03,Sirsi,14.626823138672139,74.83925868919042,36.97,9.7,26.5,5.8,754,510,Agricultural,Sandy,8.4,0.0,1.9,Unconfined,28.2,37.35
2021-01-06,Badami,15.911210997490075,75.67475121699152,22.83,16.9,26.1,6.1,100,309,Agricultural,Silty,17.9,0.0,8.4,Unconfined,35.5,23.15
2025-05-02,Shivamogga,13.924395472471813,75.5566956315997,31.18,37.2,30.5,9.1,154,513,Urban,Clay,19.3,0.0,2.4,Unconfined,1.0,30.9
2024-03-05,Sagara,14.170288794135475,75.03356447200865,18.1,20.2,31.0,7.2,710,166,Agricultural,Sandy,23.0,0.0,13.7,Unconfined,47.3,18.53
2021-09-11,Haveri,14.788656655491302,75.40897809180545,29.89,79.7,26.0,6.2,1454,564,Agricultural,Sandy,13.4,0.0,2.7,Confined,41.7,29.02
2022-07-19,Doddaballapura,13.290402053323447,77.53765213924794,6.95,86.8,26.7,7.8,402,277,Agricultural,Silty,6.4,0.0,1.5,Unconfined,28.5,5.89
2022-07-14,Sirsi,14.611376501202114,74.84977486952754,18.06,146.8,22.7,6.2,674,85,Agricultural,Clay,9.6,0.0,7.8,Confined,51.9,15.95
2024-01-27,Devanahalli,13.215400867325979,77.68754290989635,9.56,15.1,21.7,6.3,1156,430,Agricultural,Silty,5.3,0.0,14.9,Unconfined,31.4,9.89
2023-06-30,Sanduru,15.099021739037092,76.5596862911191,24.99,82.2,25.7,5.7,1037,383,Agricultural,Sandy,7.9,0.0,1.9,Confined,51.7,24.15
2022-12-28,Hubballi,15.354573010930268,75.103008743851,26.64,16.2,26.1,7.4,311,459,Urban,Loam,18.8,0.0,11.3,Confined,0.2,26.69
2023-12-12,Sanduru,15.111507691830314,76.55392651317419,8.39,7.1,25.2,6.4,1107,209,Agricultural,Clay,2.3,0.0,10.2,Unconfined,23.4,8.8
2024-01-20,Anekal,12.73171082985708,77.68260701562801,6.29,13.5,24.4,5.6,117,214,Urban,Sandy,10.3,0.0,3.2,Confined,9.8,6.4
2022-07-13,Hassan,13.015787357306792,76.10013889226494,34.51,215.0,28.1,7.1,240,500,Urban,Clay,21.7,0.0,1.4,Confined,1.6,30.58
2023-01-01,Bagalkote,16.199736342724282,75.6918277554865,35.55,18.9,20.7,4.2,927,550,Urban,Silty,17.5,0.0,9.0,Confined,3.2,35.41
2024-05-23,Kollegala,12.139165227637559,77.11238946060388,9.66,23.3,29.5,6.1,865,364,Agricultural,Silty,9.6,0.0,9.6,Confined,26.8,9.77
2021-04-10,Haveri,14.794806954477172,75.40265380638075,26.34,32.1,37.0,8.3,221,477,Agricultural,Silty,3.8,0.0,3.6,Unconfined,24.9,26.36
2022-02-14,Gokak,16.16648290027907,74.84163180704947,36.1,13.5,24.7,7.2,975,248,Urban,Sandy,8.2,0.0,2.1,Confined,5.9,36.25
2025-02-07,Tumakuru,13.321517618813239,77.10959939997711,22.06,11.5,22.5,5.9,1373,738,Urban,Clay,18.5,0.0,4.2,Unconfined,8.4,22.21
2023-10-23,Ballari,15.145683985298518,76.94326600586038,28.79,41.2,31.9,7.4,205,477,Urban,Sandy,10.8,0.0,11.5,Unconfined,2.1,28.36
2022-09-08,Chikkamagaluru,13.318327586777071,75.78679815772016,12.79,233.5,28.5,7.2,311,442,Agricultural,Silty,20.4,0.0,13.1,Unconfined,25.8,8.74
2022-08-16,Anekal,12.70619936639737,77.70991412696821,31.73,161.8,28.3,7.2,765,632,Urban,Silty,18.7,0.0,13.8,Unconfined,2.5,28.88
2025-05-30,Devanahalli,13.224511898312006,77.70128563442417,27.73,20.0,32.8,8.8,277,679,Agricultural,Loam,22.3,0.0,2.3,Confined,20.9,27.98
2024-05-30,Kundapura,13.640090110449927,74.69093483019294,11.12,5.1,34.8,7.5,469,122,Agricultural,Loam,8.0,-0.98,5.5,Confined,32.5,11.82
2023-08-23,Mangaluru,12.894951966700594,74.84541503110586,21.62,56.1,31.8,9.3,273,397,Forest,Clay,8.9,-0.89,4.3,Confined,6.7,21.12
2023-10-02,Sringeri,13.43167392765739,75.2502870641825,28.54,31.0,24.8,5.0,1343,658,Agricultural,Sandy,18.5,0.0,7.0,Confined,40.5,28.57
2021-11-25,Badami,15.91592375451356,75.67966596227566,7.62,30.3,27.8,5.8,1138,494,Agricultural,Silty,3.7,0.0,12.5,Confined,58.6,7.89
2025-05-31,Bagalkote,16.171527408920294,75.68496890538471,20.86,36.6,37.5,9.6,579,731,Urban,Loam,2.7,0.0,1.5,Confined,9.5,20.7
2024-10-14,Sagara,14.175874673473723,75.03616686616043,20.05,29.5,26.8,6.3,377,747,Agricultural,Loam,9.4,0.0,8.1,Unconfined,31.6,20.09
2025-07-31,Madikeri,12.437001410549646,75.74228917474069,24.5,228.7,31.1,8.6,424,689,Agricultural,Sandy,7.8,0.0,14.5,Unconfined,40.2,20.76
2024-07-11,Tumakuru,13.338090610838368,77.11198874866872,8.07,187.6,31.0,8.2,608,288,Urban,Silty,9.8,0.0,14.2,Confined,8.7,4.82
2023-08-04,Haveri,14.800370327398372,75.40179826456912,7.75,52.2,29.4,6.3,165,465,Agricultural,Silty,20.8,0.0,5.3,Unconfined,43.3,7.45
2021-03-13,Davanagere,14.455603747684764,75.92012944504981,20.99,24.2,39.7,11.7,283,713,Urban,Clay,11.2,0.0,1.6,Confined,2.8,21.12
2021-09-08,Sagara,14.153242105120833,75.02187711590125,17.3,203.5,25.5,7.2,441,205,Agricultural,Silty,20.2,0.0,14.6,Unconfined,57.0,14.16
2020-12-13,Sagara,14.141961155902903,75.03823317039384,8.13,16.7,25.3,6.9,1380,249,Agricultural,Sandy,20.7,0.0,9.6,Confined,37.1,8.51
2022-06-01,Athani,16.726581742188813,75.0721773979753,26.22,90.6,29.9,7.6,1066,690,Agricultural,Loam,4.1,0.0,1.3,Unconfined,34.0,25.13
2023-06-09,Bengaluru North,13.033753504713173,77.57032764500521,10.67,205.9,23.2,6.5,1109,558,Urban,Loam,16.4,0.0,9.0,Unconfined,1.4,6.89
2021-06-10,Bagalkote,16.184892214463257,75.71312379328872,13.44,163.4,27.1,8.1,963,47,Urban,Loam,8.4,0.0,14.7,Unconfined,2.3,10.6
2024-09-09,Bengaluru North,13.03446158238944,77.59234665962958,30.47,61.8,26.2,5.6,143,582,Urban,Silty,19.3,0.0,6.2,Unconfined,3.2,29.55
2024-08-24,Shivamogga,13.937415105370281,75.55067292623494,22.06,50.5,31.5,6.3,480,358,Urban,Sandy,15.3,0.0,9.7,Unconfined,6.6,21.43
2021-01-10,Gokak,16.171680733662054,74.82951365342156,17.3,12.9,21.0,5.3,338,586,Urban,Sandy,6.3,0.0,5.9,Unconfined,0.2,17.31
2022-12-19,Sakleshpura,12.970036109744655,75.77863795857623,7.99,12.6,21.9,5.6,511,15,Agricultural,Loam,5.4,0.0,2.2,Confined,51.2,8.53
2024-04-22,Sringeri,13.406881457776048,75.2334564812405,19.25,39.7,36.3,7.9,618,20,Agricultural,Sandy,5.3,0.0,12.3,Confined,23.4,19.09
2025-05-13,Mysuru,12.311800776461459,76.64445848401608,6.52,24.0,34.9,9.0,382,359,Urban,Sandy,20.3,0.0,14.0,Confined,3.0,6.52
2023-12-30,Kundapura,13.620006391138919,74.66542326917046,7.9,12.6,21.2,4.6,1023,105,Forest,Loam,15.9,0.6,9.2,Confined,9.7,7.92
2025-02-01,Bagalkote,16.186836151527956,75.710967987946,6.48,17.0,20.0,5.6,1198,320,Urban,Clay,2.0,0.0,8.6,Unconfined,7.6,6.5
2022-07-31,Hubballi,15.374249579728698,75.12097510368075,27.29,76.0,29.1,7.9,313,756,Urban,Sandy,3.0,0.0,8.2,Unconfined,2.2,26.19
2023-07-05,Sakleshpura,12.968892853394218,75.77770809490846,25.3,247.8,25.9,7.4,818,665,Agricultural,Sandy,10.7,0.0,7.4,Confined,29.8,21.01
2025-03-29,Hassan,13.006028215929513,76.10665805429156,22.5,39.9,29.9,6.3,450,321,Urban,Sandy,10.3,0.0,2.5,Confined,7.6,22.09
2020-09-27,Udupi,13.344785854774942,74.7323056436879,37.14,228.7,30.0,6.8,1254,590,Forest,Silty,15.0,0.21,10.4,Unconfined,22.5,33.11
2024-01-25,Bagalkote,16.18201198326391,75.70840749108656,38.65,5.5,21.6,5.9,1032,797,Urban,Clay,3.2,0.0,4.6,Unconfined,1.0,38.84
2025-03-25,Madikeri,12.42812975747253,75.73492293598913,28.6,26.4,32.7,9.3,1066,701,Agricultural,Loam,8.7,0.0,4.0,Confined,25.5,28.79
2021-11-25,Bagalkote,16.18588005630531,75.7118187519423,35.82,99.7,32.8,7.5,1419,386,Urban,Clay,10.6,0.0,10.1,Unconfined,0.7,34.21
2023-02-19,Shivamogga,13.926451197584045,75.58236810577449,16.79,12.1,25.0,5.5,1315,703,Urban,Silty,13.3,0.0,6.7,Unconfined,2.1,16.84
2024-02-29,Gokak,16.166225107183216,74.84780965490054,14.39,16.6,20.7,5.6,1392,40,Urban,Clay,19.6,0.0,9.7,Confined,8.5,14.42
2020-12-19,Raichur,16.202354560024478,77.37091172896325,37.71,8.9,24.2,6.8,640,635,Urban,Sandy,12.2,0.0,13.9,Confined,2.0,37.89
2021-11-10,Kolar,13.135826708338152,78.13603869467096,23.84,70.5,24.5,6.7,1279,10,Urban,Silty,4.2,0.0,5.5,Confined,5.5,22.82
2021-02-10,Chitradurga,14.224416950154831,76.3925194424791,14.83,11.5,22.3,6.5,1440,265,Urban,Clay,2.3,0.0,2.2,Unconfined,7.4,15.0
2022-09-28,Raichur,16.20039556425001,77.35879998621013,24.11,54.7,31.5,7.7,1276,452,Urban,Silty,2.0,0.0,10.6,Unconfined,1.5,23.42
2023-07-09,Sirsi,14.615736912429226,74.8440055949197,33.09,184.5,28.1,7.5,1305,378,Agricultural,Clay,5.5,0.0,1.0,Unconfined,30.4,30.08
2022-09-26,Devanahalli,13.244494357507724,77.7081669113042,28.67,232.0,22.4,5.0,1365,433,Agricultural,Loam,13.0,0.0,6.0,Confined,21.1,24.49
2024-03-06,Doddaballapura,13.30128621871507,77.53845602988588,5.77,12.1,33.7,8.6,477,20,Agricultural,Sandy,18.8,0.0,11.9,Unconfined,51.9,6.48
2022-03-11,Sanduru,15.089195380936967,76.55038223492114,10.71,36.2,33.8,9.9,1068,699,Agricultural,Clay,22.2,0.0,11.4,Confined,48.5,10.97
2021-06-29,Sanduru,15.096930337905984,76.54229727976363,22.75,62.6,26.8,7.1,1186,589,Agricultural,Clay,23.4,0.0,6.2,Unconfined,33.8,22.19
2022-02-08,Sakleshpura,12.976649621018954,75.77804015279338,37.67,8.6,23.4,5.3,457,271,Agricultural,Sandy,20.2,0.0,4.7,Confined,24.3,38.01
2022-09-26,Sanduru,15.118076743048551,76.55179288099276,21.55,188.2,30.6,8.2,975,602,Agricultural,Silty,12.0,0.0,12.6,Unconfined,53.4,18.73
2023-10-03,Haveri,14.788042180083163,75.41289336826789,27.76,76.5,25.6,7.0,448,286,Agricultural,Silty,14.4,0.0,9.1,Confined,35.8,26.94
2025-02-02,Puttur,12.754299146689347,75.21650565442336,6.28,17.6,21.3,5.9,1014,129,Agricultural,Clay,3.9,0.01,7.9,Unconfined,37.6,6.6
2023-11-16,Chikkamagaluru,13.330214616885428,75.78458548519954,38.01,78.2,33.9,8.7,506,390,Agricultural,Silty,22.5,0.0,14.2,Unconfined,41.0,37.29
2020-12-20,Karwar,14.805318974003915,74.1253738263522,14.24,9.9,23.4,6.8,563,771,Agricultural,Sandy,8.6,0.43,9.5,Unconfined,5.2,14.39
2022-06-17,Mysuru,12.306449968068053,76.63141807798348,11.9,173.3,26.2,7.7,1155,797,Urban,Loam,24.2,0.0,12.5,Confined,1.7,8.84
2023-08-21,Anekal,12.718088956766067,77.69214933829102,31.11,89.5,31.5,8.0,818,537,Urban,Clay,14.0,0.0,3.8,Unconfined,4.8,29.77
2020-09-28,Mysuru,12.304031703960773,76.64253147714153,6.87,220.3,25.5,5.7,1356,126,Urban,Sandy,8.8,0.0,3.7,Unconfined,0.1,2.75
2023-08-16,Chikkamagaluru,13.30420950683074,75.79688018862194,38.75,109.9,22.4,6.5,431,546,Agricultural,Sandy,15.7,0.0,8.6,Confined,56.5,37.44
2023-12-05,Athani,16.740041675885923,75.0561891456668,36.5,1.4,25.9,6.8,1454,421,Agricultural,Silty,23.8,0.0,5.7,Unconfined,42.1,37.23
2021-04-10,Chitradurga,14.232415294080527,76.38647996319705,25.36,13.1,38.8,9.1,280,619,Urban,Silty,12.6,0.0,12.2,Unconfined,10.0,25.65
2024-11-24,Mangaluru,12.930392874001233,74.86510176348114,32.42,56.2,25.0,5.1,1447,447,Forest,Clay,24.0,-0.69,12.4,Confined,39.0,32.01
2021-10-29,Hassan,13.013006433793443,76.10517439686451,23.86,43.6,33.5,8.0,507,286,Urban,Sandy,6.1,0.0,14.8,Confined,4.9,23.44
2025-08-30,Udupi,13.32582069048241,74.7516522811689,25.23,139.9,31.6,7.0,718,555,Agricultural,Clay,19.4,-0.64,2.7,Unconfined,7.7,22.92
2020-10-13,Athani,16.729912684092636,75.06436588801365,35.81,88.9,28.5,6.8,603,776,Agricultural,Clay,21.6,0.0,1.2,Confined,21.4,34.59
2023-10-04,Haveri,14.789767188340967,75.40101093107289,24.39,49.0,27.5,7.1,940,400,Agricultural,Silty,23.2,0.0,9.2,Unconfined,39.5,24.16
2023-10-21,Anekal,12.707487421913584,77.70267171229659,28.24,29.2,28.5,6.8,1329,537,Urban,Sandy,17.2,0.0,2.5,Confined,1.8,28.01
2024-05-16,Doddaballapura,13.299093016681915,77.54625428669587,22.7,43.4,40.5,11.9,1124,273,Agricultural,Sandy,24.3,0.0,6.8,Confined,50.5,22.93
2025-08-27,Sakleshpura,12.9770860252789,75.79388677033398,32.12,247.6,27.5,7.7,1324,447,Agricultural,Clay,10.1,0.0,15.0,Unconfined,41.9,27.97
2025-09-20,Bagalkote,16.18431551549526,75.72046057295961,8.24,113.9,26.5,7.8,1329,16,Urban,Clay,23.9,0.0,2.6,Unconfined,1.2,6.36
2021-05-04,Sirsi,14.631654959330906,74.8329680042405,29.54,11.9,41.3,11.9,463,578,Agricultural,Loam,15.4,0.0,10.8,Confined,36.2,30.26
2024-05-10,Hassan,13.007597123481604,76.09338741731204,15.07,21.1,30.5,8.0,922,707,Urban,Clay,9.2,0.0,0.7,Unconfined,1.1,15.06
2024-02-01,Bagalkote,16.191711520195597,75.69031464149448,23.57,1.8,21.1,6.3,151,627,Urban,Sandy,12.7,0.0,11.3,Confined,2.7,23.88
2021-08-28,Raichur,16.196638968966152,77.35897534227553,9.37,104.4,30.2,7.4,1151,328,Urban,Loam,20.8,0.0,9.2,Unconfined,9.6,7.75
2025-02-01,Bengaluru North,13.034607232249886,77.60322480318918,38.17,18.1,20.4,4.4,1436,220,Urban,Silty,18.7,0.0,0.9,Confined,6.8,38.1
2023-02-08,Yadgir,16.76051223111598,77.1354393808224,10.31,9.3,29.4,6.3,169,444,Agricultural,Silty,3.3,0.0,3.2,Unconfined,46.3,10.9
2025-04-23,Kollegala,12.149442770296785,77.1216359179361,12.91,43.9,34.3,8.0,1275,371,Agricultural,Sandy,3.2,0.0,7.0,Confined,24.6,12.68
2021-11-06,Kundapura,13.633248801581912,74.68043346576975,34.71,43.1,30.6,8.5,593,321,Urban,Clay,18.5,-0.23,10.9,Unconfined,12.5,34.42
2023-07-06,Davanagere,14.452077219781236,75.9364919489175,29.84,158.6,25.2,7.1,582,168,Urban,Silty,18.5,0.0,14.2,Confined,3.6,27.06
2024-06-18,Hassan,13.02125822258084,76.10064684334618,26.91,152.2,30.2,9.0,630,356,Urban,Sandy,23.8,0.0,8.7,Unconfined,1.7,24.33
2025-06-11,Bagalkote,16.197072760717546,75.70264213971073,22.54,122.4,22.7,6.5,161,96,Urban,Loam,21.0,0.0,10.1,Unconfined,0.4,20.42
2023-03-27,Devanahalli,13.240308100870669,77.691926842964,31.05,26.4,37.6,8.1,984,417,Agricultural,Loam,13.5,0.0,5.8,Confined,46.6,31.39
2024-09-23,Sanduru,15.104757817640207,76.56183570426572,32.89,185.1,25.2,6.7,1112,290,Agricultural,Silty,2.6,0.0,3.3,Confined,32.6,29.85
2022-05-21,Sanduru,15.090840774580396,76.55110544418704,25.81,14.7,37.7,9.0,1019,34,Agricultural,Clay,6.1,0.0,10.3,Unconfined,28.5,26.25
2025-07-21,Doddaballapura,13.29660870577407,77.54649928095934,29.35,235.8,28.5,8.1,1090,457,Agricultural,Sandy,24.0,0.0,7.5,Confined,22.0,25.26
2024-01-10,Badami,15.925495623859097,75.66743616396546,14.47,11.3,26.2,6.1,893,286,Agricultural,Silty,1.1,0.0,4.2,Confined,59.2,15.14
2023-05-15,Kollegala,12.153890646673668,77.11658081467496,24.69,43.4,36.1,9.6,1050,605,Agricultural,Sandy,14.6,0.0,7.2,Confined,51.7,24.82
2022-01-17,Kollegala,12.167659548676006,77.12664031057717,21.88,4.0,22.4,5.4,1379,225,Agricultural,Sandy,13.5,0.0,13.0,Unconfined,53.4,22.6
2024-06-28,Gokak,16.18032180913483,74.84757704658418,32.54,187.1,23.6,4.8,1384,533,Urban,Loam,5.6,0.0,12.4,Unconfined,3.0,29.07
2024-11-20,Karwar,14.807837821910619,74.12685780617507,8.25,90.0,24.2,5.5,491,455,Urban,Sandy,18.9,0.32,11.1,Confined,13.2,6.83
2025-02-08,Kundapura,13.624110021791479,74.67236176495041,31.86,11.4,24.8,7.2,848,520,Agricultural,Sandy,21.9,0.33,1.5,Unconfined,25.2,32.21
2024-01-20,Davanagere,14.457128264119792,75.92979354381943,19.55,11.8,26.5,7.8,504,350,Urban,Clay,14.6,0.0,9.5,Confined,0.4,19.71
2023-09-27,Chikkamagaluru,13.316764947355866,75.80010421069491,21.69,226.6,28.7,7.6,496,374,Agricultural,Silty,9.8,0.0,11.2,Unconfined,49.9,18.04
2024-05-27,Mandya,12.536959312084871,76.9042198906561,32.32,17.6,30.9,8.2,1380,158,Agricultural,Silty,20.8,0.0,3.4,Confined,55.8,32.94
2024-10-15,Sagara,14.161730986330463,75.03129117110343,17.13,95.6,29.7,6.4,289,380,Agricultural,Sandy,4.9,0.0,3.5,Unconfined,53.1,16.07
2021-03-14,Davanagere,14.468957659380848,75.92238159219112,30.37,8.8,31.1,7.1,966,738,Urban,Loam,3.9,0.0,0.2,Unconfined,9.5,30.64
2025-04-05,Kollegala,12.159825591909838,77.10819721922682,12.3,43.4,32.7,7.4,1358,208,Agricultural,Silty,6.6,0.0,11.6,Confined,30.9,12.11
2023-03-23,Devanahalli,13.22412957709509,77.6947472746791,33.69,23.4,40.5,11.1,133,492,Agricultural,Sandy,24.7,0.0,13.5,Unconfined,54.5,34.32
2023-01-18,Hubballi,15.360807367040566,75.10915527550513,14.43,5.9,21.9,5.4,662,771,Urban,Loam,3.5,0.0,8.9,Confined,2.3,14.6
2021-04-17,Chikkamagaluru,13.311386928443294,75.77475489764535,25.65,48.6,40.5,8.3,1033,606,Agricultural,Loam,5.7,0.0,3.0,Unconfined,21.1,25.3
2021-09-24,Mysuru,12.297966770269,76.62782429285221,28.49,86.3,26.8,7.7,935,467,Urban,Silty,14.1,0.0,4.8,Confined,8.4,27.23
2022-05-21,Badami,15.909881246446862,75.7007291098536,32.0,9.1,31.4,8.6,1138,164,Agricultural,Loam,16.8,0.0,12.0,Unconfined,47.7,32.73
2020-10-06,Bagalkote,16.188926007060008,75.69767833447297,22.25,67.2,25.0,6.1,134,443,Urban,Silty,21.4,0.0,12.6,Confined,5.7,21.27
2022-01-31,Karwar,14.816654210196086,74.15229879823869,23.58,0.7,25.7,7.0,764,312,Urban,Silty,1.1,0.39,5.2,Confined,24.7,24.12
2023-12-03,Anekal,12.712297739601658,77.6910202835938,34.78,3.7,21.6,6.1,562,123,Urban,Sandy,8.4,0.0,13.2,Confined,2.0,35.03
2025-02-25,Badami,15.928049394431186,75.69137256944201,11.88,10.7,21.6,5.3,381,20,Agricultural,Clay,14.0,0.0,7.7,Unconfined,38.4,12.32
2025-02-18,Bagalkote,16.190820412445817,75.69718294191756,34.59,18.7,23.4,6.6,1141,466,Urban,Clay,9.2,0.0,6.2,Confined,3.6,34.58
2021-11-24,Yadgir,16.770770598000862,77.14003607452965,39.53,42.4,27.7,7.2,245,187,Agricultural,Loam,18.6,0.0,4.3,Confined,55.7,39.6
2022-10-24,Mandya,12.526445932151406,76.88327923479241,24.36,69.7,25.5,5.9,615,326,Agricultural,Loam,7.7,0.0,10.5,Confined,29.4,23.56
2023-11-24,Chitradurga,14.216411662502288,76.39586616772515,24.35,52.6,28.9,7.3,539,168,Urban,Loam,14.4,0.0,2.9,Unconfined,9.2,23.75
2023-01-24,Chikkamagaluru,13.312162305648332,75.78970583058671,8.42,1.9,21.4,5.4,944,26,Agricultural,Loam,9.7,0.0,0.7,Confined,48.3,9.13
2021-09-21,Bagalkote,16.177178553652226,75.68158031991193,27.96,70.4,25.0,5.1,333,333,Urban,Loam,6.5,0.0,13.5,Confined,4.4,26.85
2021-05-23,Puttur,12.769094244012006,75.20078128723557,22.2,35.2,37.3,10.1,660,725,Forest,Sandy,5.0,-0.07,4.9,Confined,7.9,22.09
2023-07-29,Hunasuru,12.305971632321205,76.28099735645283,34.48,144.9,27.2,6.3,303,339,Agricultural,Silty,7.4,0.0,3.3,Unconfined,22.1,32.12
2021-12-25,Hassan,13.011171029356195,76.09576310730596,6.21,10.7,21.2,4.6,889,225,Urban,Clay,16.1,0.0,2.8,Confined,3.0,6.26
2022-11-15,Chikkamagaluru,13.299667951011195,75.7853506369736,33.33,64.2,30.7,8.2,509,695,Agricultural,Clay,1.1,0.0,5.3,Unconfined,34.1,32.8
2022-08-18,Ballari,15.146033475466941,76.92701310615244,34.37,236.4,25.1,6.8,1427,671,Urban,Sandy,23.7,0.0,12.5,Unconfined,4.8,30.03
2024-05-27,Hunasuru,12.312812277930487,76.30586233187914,36.44,17.6,41.7,9.0,428,383,Agricultural,Loam,24.9,0.0,5.4,Confined,25.9,36.8
2025-06-02,Kollegala,12.171646189522077,77.11578942191164,12.35,229.4,22.4,4.8,458,518,Agricultural,Clay,9.2,0.0,3.0,Unconfined,32.7,8.33
2024-03-23,Sakleshpura,12.964897304051233,75.7804093034096,11.61,4.7,40.4,11.5,658,113,Agricultural,Clay,21.2,0.0,1.4,Confined,35.1,12.44
2022-08-16,Davanagere,14.454784017307354,75.92483642336168,34.86,154.1,23.5,6.2,1170,354,Urban,Loam,7.3,0.0,4.6,Confined,5.8,32.15
2021-10-25,Gokak,16.147366611736548,74.83590204892593,5.21,89.2,24.7,5.4,1008,488,Urban,Sandy,20.1,0.0,8.2,Unconfined,9.3,3.79
2023-06-30,Hassan,12.990659040911595,76.09837044229808,36.84,248.6,25.8,7.6,576,472,Urban,Loam,14.0,0.0,10.6,Confined,9.2,32.34
2022-04-22,Bagalkote,16.17735537986921,75.69231721781904,37.49,20.7,37.2,10.0,828,314,Urban,Silty,16.6,0.0,4.3,Confined,2.6,37.6
2023-10-28,Kolar,13.121829224449652,78.13210223098694,16.12,30.3,27.5,8.0,949,431,Urban,Loam,18.5,0.0,1.9,Unconfined,9.3,16.01
2025-06-15,Sringeri,13.40646568444056,75.23501235063678,38.59,126.1,24.0,4.8,483,339,Agricultural,Sandy,10.3,0.0,4.7,Unconfined,52.9,36.84
2025-06-24,Anekal,12.695165766828774,77.7035152132233,25.52,133.7,24.1,7.2,145,354,Urban,Loam,3.1,0.0,14.2,Unconfined,9.8,23.3
2024-04-27,Sringeri,13.426903671190596,75.25350664806767,33.05,39.9,31.6,8.2,1311,371,Agricultural,Clay,23.3,0.0,2.1,Confined,51.1,33.17
2025-09-02,Udupi,13.33920683321839,74.74179548849276,23.56,55.6,27.6,5.8,200,651,Agricultural,Silty,21.7,0.18,14.6,Unconfined,33.9,23.06
2022-02-24,Tumakuru,13.341116102733658,77.11706713372573,35.42,3.3,29.5,7.8,164,158,Urban,Clay,18.0,0.0,7.0,Confined,8.8,35.83
2025-04-24,Bagalkote,16.19213409566486,75.69213812165646,6.08,19.6,28.2,6.5,488,164,Urban,Silty,8.4,0.0,13.1,Unconfined,7.4,6.09
2025-04-20,Badami,15.899046853042197,75.67232419673023,38.43,0.3,30.5,7.1,538,545,Agricultural,Clay,17.9,0.0,14.1,Unconfined,45.7,39.24
2020-11-26,Sanduru,15.090375358953882,76.54580896025566,33.58,73.7,30.1,8.3,643,174,Agricultural,Loam,7.9,0.0,5.2,Confined,45.9,32.98
2025-08-23,Udupi,13.325256878792079,74.72366042257138,8.33,108.7,27.9,7.0,1047,778,Forest,Clay,11.8,0.67,8.1,Confined,36.5,6.8
2021-11-01,Madikeri,12.4489127231284,75.7453303337585,13.32,55.2,25.1,7.4,803,430,Agricultural,Clay,23.1,0.0,13.6,Unconfined,31.1,12.9
2021-05-05,Puttur,12.771942009123075,75.21308510242311,16.86,16.7,36.3,8.6,1475,109,Forest,Silty,4.5,-0.71,12.4,Confined,8.2,17.11
2024-01-21,Athani,16.716219789099018,75.07528132144537,31.52,17.2,24.1,6.8,115,469,Agricultural,Silty,17.5,0.0,7.7,Confined,36.2,31.88
2024-05-17,Yadgir,16.76583866215259,77.16070889154268,10.45,12.2,41.9,10.9,1227,377,Agricultural,Loam,15.7,0.0,0.8,Unconfined,48.7,11.24
2024-11-14,Udupi,13.342492732493008,74.73683464787024,27.69,35.2,24.6,6.2,599,138,Agricultural,Clay,14.9,-0.16,2.1,Unconfined,25.3,27.56
2023-02-18,Doddaballapura,13.302799874467704,77.53546193822957,9.7,10.8,26.1,6.2,644,304,Agricultural,Loam,21.9,0.0,5.9,Unconfined,53.5,10.33
2020-12-06,Devanahalli,13.244594052558185,77.69716543396837,13.56,14.1,26.3,6.5,883,91,Agricultural,Sandy,21.8,0.0,6.7,Confined,40.4,14.01
2020-10-21,Bengaluru North,13.055845922643284,77.60368658710644,36.42,88.3,33.0,9.6,1095,740,Urban,Silty,23.1,0.0,3.7,Unconfined,9.7,35.23
2025-01-24,Mangaluru,12.90313688252231,74.85947158865795,18.87,11.3,29.3,7.5,350,355,Urban,Loam,13.7,-0.26,10.1,Confined,6.3,19.11
2024-02-29,Puttur,12.761715405071639,75.2172634135204,28.82,4.5,28.7,8.0,415,40,Urban,Silty,4.4,0.77,4.1,Unconfined,18.3,29.24
2020-11-06,Raichur,16.22575815223032,77.33763724997279,21.69,75.7,34.0,10.1,847,518,Urban,Silty,20.7,0.0,0.2,Unconfined,8.4,20.77
2025-03-13,Athani,16.73090462448058,75.07492350922364,39.03,28.8,32.6,7.9,800,20,Agricultural,Sandy,7.9,0.0,1.1,Unconfined,50.1,39.35
2020-12-18,Anekal,12.70853128569251,77.68719469830725,25.59,16.2,21.2,5.9,854,642,Urban,Loam,22.5,0.0,0.8,Confined,5.5,25.62
2021-04-02,Athani,16.719778128397817,75.06369549808039,30.27,18.3,36.8,9.5,501,313,Agricultural,Sandy,7.4,0.0,10.8,Unconfined,43.9,30.82
2020-12-08,Hubballi,15.35900137480932,75.11958347733706,7.99,12.9,28.5,8.5,1392,706,Urban,Silty,8.4,0.0,2.8,Unconfined,6.1,8.22
2023-08-21,Karwar,14.811932058359986,74.14604847704446,12.98,136.0,29.4,5.9,367,304,Urban,Loam,19.3,0.69,8.5,Confined,12.3,10.61
2023-12-21,Badami,15.894029582361648,75.68532124698925,18.72,11.0,28.6,8.3,243,235,Agricultural,Silty,11.8,0.0,7.1,Unconfined,57.3,19.49
2023-09-30,Puttur,12.76190779096685,75.21529296396506,38.07,157.4,28.4,7.0,1194,168,Forest,Loam,22.9,0.68,8.5,Unconfined,38.1,35.59
2024-12-25,Hassan,13.005276606476832,76.10979561296756,26.53,5.0,24.1,6.4,1480,160,Urban,Sandy,23.2,0.0,4.2,Unconfined,9.4,26.84
2025-02-03,Chikkamagaluru,13.307090124823167,75.78185577546252,23.73,0.2,24.8,5.2,218,445,Agricultural,Silty,21.6,0.0,4.3,Unconfined,20.8,24.19
2021-12-11,Davanagere,14.453702343638664,75.89094354051576,9.17,7.6,21.5,5.4,250,414,Urban,Sandy,12.7,0.0,0.8,Unconfined,5.8,9.35
2025-09-21,Hubballi,15.375962766897224,75.13114260559045,31.09,248.0,23.0,5.9,1140,716,Urban,Silty,2.1,0.0,1.6,Unconfined,9.1,26.52
2022-02-07,Kolar,13.124495177082107,78.1352467192512,11.27,2.7,22.0,6.2,1320,763,Urban,Silty,16.0,0.0,4.7,Unconfined,6.8,11.59
2024-11-04,Udupi,13.312957742776739,74.73266662879945,24.73,65.2,25.5,6.5,1139,563,Agricultural,Loam,20.7,0.62,5.3,Confined,20.7,23.9
2025-08-22,Davanagere,14.479185637422072,75.93823679639094,13.37,207.3,30.1,6.3,781,49,Urban,Silty,16.1,0.0,13.8,Unconfined,8.4,9.62
2024-12-16,Gokak,16.157177923321196,74.83677026539056,23.67,3.2,28.3,6.8,1418,352,Urban,Loam,4.7,0.0,1.8,Confined,6.4,24.01
2021-12-22,Bengaluru North,13.031162618544446,77.59352496639869,22.1,3.0,29.3,5.9,846,109,Urban,Clay,15.6,0.0,12.1,Unconfined,2.8,22.36
2022-01-29,Hassan,13.026694812582205,76.08471207010616,15.44,6.4,20.6,5.5,656,12,Urban,Sandy,4.7,0.0,12.0,Confined,5.0,15.64
2022-06-01,Kundapura,13.633315793274903,74.69726205827423,14.86,77.2,23.2,5.2,634,634,Agricultural,Sandy,24.9,-0.16,11.4,Unconfined,10.0,13.69
2025-06-02,Badami,15.911593374205022,75.67493515988045,19.24,136.7,22.7,6.3,765,535,Agricultural,Loam,5.2,0.0,12.5,Unconfined,48.4,17.3
2025-03-22,Ballari,15.121181230594825,76.89295095092407,6.15,11.1,28.0,5.7,125,239,Urban,Loam,10.3,0.0,4.7,Confined,3.1,6.24
2024-08-12,Hubballi,15.363488511099606,75.11459355815845,14.91,60.5,23.8,5.4,1207,489,Urban,Silty,9.1,0.0,4.6,Unconfined,9.8,14.07
2021-12-09,Bengaluru North,13.031607290627539,77.58757767061162,24.63,16.9,28.2,6.0,674,223,Urban,Sandy,3.8,0.0,9.6,Unconfined,1.8,24.61
2020-12-27,Sakleshpura,12.970329895345028,75.7887463225244,38.1,11.7,26.5,5.7,103,291,Agricultural,Loam,18.1,0.0,11.7,Unconfined,57.7,38.73
2022-03-01,Haveri,14.79946963763692,75.40229795177692,6.4,6.3,36.1,10.8,958,375,Agricultural,Loam,14.1,0.0,1.0,Unconfined,23.4,7.05
2022-11-29,Raichur,16.2033923258005,77.35411949571385,21.4,38.5,25.8,5.4,1080,34,Urban,Silty,14.2,0.0,13.1,Confined,4.9,20.95
2025-04-01,Haveri,14.805098837035523,75.39755683571038,30.36,20.2,38.5,8.5,562,382,Agricultural,Sandy,1.3,0.0,9.3,Confined,40.4,30.79
2021-12-05,Raichur,16.215632487576567,77.35853462476952,36.48,0.7,26.4,5.5,1310,127,Urban,Silty,19.9,0.0,1.7,Confined,7.5,36.82
2020-11-22,Hunasuru,12.299467311172009,76.30811875956242,7.71,86.2,28.2,7.5,143,201,Agricultural,Sandy,11.9,0.0,4.6,Unconfined,56.6,6.93
2020-10-11,Raichur,16.213693392085805,77.36343987138875,34.75,50.6,25.5,7.4,1107,606,Urban,Silty,22.2,0.0,8.0,Unconfined,2.4,34.13
2021-11-05,Mysuru,12.288336925319749,76.62780492590409,16.8,91.0,33.7,9.7,228,137,Urban,Sandy,21.2,0.0,13.4,Confined,2.2,15.49
2025-09-02,Karwar,14.807948562283142,74.13117107137542,20.82,67.7,23.7,6.0,376,513,Urban,Loam,9.3,-0.38,2.4,Unconfined,23.4,20.04
2021-12-24,Hunasuru,12.31123341314882,76.2767907717011,30.54,16.4,24.7,5.2,366,785,Agricultural,Silty,11.8,0.0,12.7,Confined,35.1,30.82
2022-03-27,Chikkamagaluru,13.29969715054518,75.78097804142227,17.03,15.8,36.8,9.0,1004,124,Agricultural,Loam,15.1,0.0,13.8,Unconfined,23.9,17.4
2021-12-19,Karwar,14.81808406899575,74.13314565715467,11.07,3.6,21.7,4.4,940,210,Agricultural,Clay,12.8,0.94,6.7,Unconfined,31.0,11.43
2021-06-21,Chikkamagaluru,13.317749141004015,75.77523381102372,6.46,53.5,23.7,6.5,1378,135,Agricultural,Loam,3.8,0.0,7.9,Unconfined,31.7,6.03
2022-06-04,Devanahalli,13.23955898237301,77.70201684502172,30.06,141.3,24.9,7.4,937,95,Agricultural,Clay,6.8,0.0,8.3,Confined,59.9,28.2
2025-06-03,Sirsi,14.614925203692216,74.83878072107925,32.32,118.7,23.5,5.6,571,493,Agricultural,Clay,21.8,0.0,10.8,Unconfined,21.0,30.44
2022-01-12,Chitradurga,14.222251502089819,76.39268779338123,24.24,17.4,27.9,6.8,278,217,Urban,Sandy,13.4,0.0,7.4,Unconfined,2.6,24.26
2022-06-03,Sirsi,14.616898255723623,74.8368233505737,20.33,60.6,28.5,8.1,692,491,Agricultural,Loam,24.0,0.0,8.2,Unconfined,25.1,19.77
2022-10-03,Udupi,13.333684528001479,74.73904022521607,19.39,44.8,32.4,9.0,1052,324,Agricultural,Sandy,10.8,0.8,1.3,Unconfined,10.7,18.97
2021-05-16,Puttur,12.763720716558378,75.21945672330841,14.36,13.0,33.0,7.2,902,635,Forest,Silty,1.6,-0.38,0.3,Confined,33.4,14.83
2022-02-26,Doddaballapura,13.280317952663383,77.53956438641114,11.08,3.7,21.1,5.0,847,56,Agricultural,Clay,14.6,0.0,13.7,Unconfined,29.7,11.55
2022-06-18,Sirsi,14.626451810849753,74.8336605406812,16.93,98.6,23.7,6.7,1170,293,Agricultural,Clay,14.7,0.0,14.3,Unconfined,22.7,15.52
2023-08-15,Athani,16.728309818969635,75.07164078949536,21.96,228.0,29.1,8.3,1289,694,Agricultural,Clay,21.1,0.0,2.4,Unconfined,42.7,18.24
2024-05-19,Gokak,16.160637487748694,74.83454513313379,26.89,42.1,31.5,7.4,1455,282,Urban,Loam,18.5,0.0,5.6,Unconfined,1.9,26.44
2024-03-24,Davanagere,14.457333383631731,75.92366811385125,21.58,5.0,40.2,9.4,873,590,Urban,Clay,19.0,0.0,11.1,Confined,3.7,21.99
2022-02-13,Sanduru,15.080493536485877,76.55012139871234,8.93,9.8,26.5,7.4,773,63,Agricultural,Loam,12.5,0.0,9.2,Unconfined,38.9,9.49
2024-03-27,Bagalkote,16.20075921634629,75.68692912022196,5.35,4.9,35.9,8.2,1303,26,Urban,Silty,23.4,0.0,3.4,Unconfined,7.8,5.74
2025-03-22,Devanahalli,13.22075333977234,77.67741357339766,24.51,39.4,39.4,8.0,627,387,Agricultural,Clay,15.3,0.0,8.6,Unconfined,27.5,24.4
2023-12-07,Haveri,14.799491290396038,75.40842092993138,22.5,6.3,22.0,4.5,492,159,Agricultural,Silty,15.1,0.0,5.4,Confined,44.9,23.05
2020-11-14,Mangaluru,12.91355768703685,74.86746291631408,31.68,64.5,27.9,8.1,1194,736,Forest,Loam,12.3,-0.31,9.4,Confined,7.3,30.9
2021-04-25,Ballari,15.165907669754287,76.93776303399962,35.36,16.1,33.3,8.0,719,598,Urban,Sandy,12.2,0.0,13.7,Confined,5.5,35.49
2022-01-12,Gokak,16.157147144752383,74.84323477627632,12.77,1.8,25.0,7.3,447,241,Urban,Sandy,15.3,0.0,12.1,Unconfined,7.0,13.17
2021-05-08,Kundapura,13.62454518376994,74.68483802057767,37.59,31.7,39.4,11.4,1012,170,Urban,Clay,23.8,-0.84,1.9,Unconfined,23.6,37.85
2024-12-30,Shivamogga,13.934845825052006,75.55168300077332,15.61,1.1,25.4,7.4,1464,170,Urban,Clay,4.6,0.0,4.6,Confined,2.9,15.99
2025-05-02,Hubballi,15.36582937167127,75.14250595213029,9.21,12.7,40.4,9.1,559,390,Urban,Loam,20.3,0.0,8.7,Unconfined,5.2,9.46
2022-04-07,Kundapura,13.626954903349029,74.68354897568604,27.0,46.3,30.3,6.4,1355,491,Forest,Sandy,15.2,0.75,2.7,Unconfined,9.7,26.42
2021-12-01,Hunasuru,12.312685302447264,76.28047333164452,21.38,11.9,23.2,6.0,347,267,Agricultural,Loam,21.0,0.0,0.4,Unconfined,20.7,21.65
2021-05-11,Mangaluru,12.906899766789792,74.86797525448354,21.46,0.3,31.5,7.4,672,636,Agricultural,Sandy,18.5,0.42,1.1,Confined,15.4,21.94
2021-04-05,Mangaluru,12.921790441969078,74.84299087151314,32.51,13.4,32.5,9.5,1454,99,Forest,Silty,22.5,0.4,6.6,Confined,38.7,33.06
2021-07-05,Mangaluru,12.914031945244934,74.85283805833788,19.76,166.7,22.9,5.2,734,688,Urban,Loam,19.9,-0.55,4.1,Confined,14.3,16.88
2024-08-17,Doddaballapura,13.282304738869993,77.5384723526203,16.76,94.1,30.7,6.2,1376,289,Agricultural,Loam,9.0,0.0,2.1,Unconfined,57.6,15.76
2024-03-14,Kolar,13.144996109566874,78.13194046637459,19.56,39.1,34.2,8.0,865,150,Urban,Sandy,22.4,0.0,14.5,Unconfined,1.5,19.19
2025-02-13,Sakleshpura,12.95975941356118,75.79068001433025,35.08,13.9,27.0,6.4,553,286,Agricultural,Clay,22.8,0.0,9.7,Unconfined,47.1,35.59
2021-06-09,Bagalkote,16.176987416662797,75.71563672548687,8.75,90.3,25.1,6.6,613,676,Urban,Sandy,14.7,0.0,9.4,Unconfined,3.2,7.31
2022-09-11,Sringeri,13.419061190418129,75.2544008293751,36.17,220.7,22.9,5.6,1425,747,Agricultural,Clay,7.9,0.0,3.7,Confined,55.1,32.59
2025-01-09,Puttur,12.758541330708407,75.21932572307928,9.41,5.8,21.5,6.2,1382,533,Forest,Silty,15.9,-0.02,5.2,Confined,31.0,9.92
2025-07-11,Haveri,14.788696809234873,75.40369121812593,35.87,233.2,26.7,6.2,584,444,Agricultural,Loam,4.1,0.0,4.2,Confined,49.3,32.01
2025-04-23,Sringeri,13.414550591612203,75.26919580424622,22.15,41.8,33.2,9.4,627,769,Agricultural,Clay,1.5,0.0,2.9,Unconfined,41.4,22.2
2023-10-16,Devanahalli,13.235318398506163,77.71155415867072,14.69,89.7,27.2,8.0,1194,83,Agricultural,Loam,20.7,0.0,4.6,Unconfined,42.6,13.72
2024-05-31,Gokak,16.155493123993924,74.8412643860751,38.49,46.0,33.6,7.1,209,278,Urban,Clay,24.9,0.0,2.2,Confined,7.1,38.0
2023-09-07,Kollegala,12.168247904683836,77.10445867864419,11.69,220.6,31.8,9.2,1401,721,Agricultural,Silty,3.3,0.0,10.5,Unconfined,54.2,8.28
2022-07-01,Kolar,13.130573123977435,78.12585302942759,21.97,89.3,27.7,7.0,214,475,Urban,Clay,23.6,0.0,2.8,Confined,3.4,20.57
2021-05-18,Raichur,16.217002496508897,77.36989838213621,39.78,22.7,34.2,8.6,1391,306,Urban,Sandy,10.4,0.0,15.0,Unconfined,6.6,39.82
2022-01-14,Puttur,12.774071224740128,75.21210604020251,18.86,14.7,27.6,7.3,1329,484,Agricultural,Clay,3.7,-0.45,1.9,Unconfined,32.3,19.3
2021-12-04,Kollegala,12.158889898240027,77.10639240899798,24.51,15.6,26.4,7.6,1221,337,Agricultural,Silty,22.0,0.0,10.4,Unconfined,25.0,24.83
2024-01-10,Raichur,16.19789603801542,77.34199477213708,29.26,8.0,20.8,4.3,1398,21,Urban,Silty,8.1,0.0,14.9,Unconfined,0.1,29.32
2024-03-25,Mysuru,12.289961072879931,76.62808856971428,21.02,31.3,38.1,9.5,1032,178,Urban,Silty,21.7,0.0,5.1,Confined,9.6,20.96
2025-02-13,Sagara,14.157991624198292,75.04274222082685,35.37,4.7,25.0,6.7,179,533,Agricultural,Clay,3.4,0.0,8.4,Unconfined,23.3,35.84
2022-12-20,Puttur,12.74678238800344,75.22710656750199,22.95,17.2,24.6,7.2,759,774,Forest,Clay,6.1,-0.81,13.6,Unconfined,17.5,23.22
2023-03-31,Chitradurga,14.21769094771797,76.39411820042167,34.98,23.9,38.5,10.6,1241,32,Urban,Silty,20.3,0.0,6.8,Confined,1.1,35.04
2024-08-23,Mangaluru,12.93075761064363,74.86650611903941,17.94,117.1,28.7,6.2,1075,327,Forest,Loam,18.4,0.23,6.6,Unconfined,21.0,16.1
2024-10-24,Raichur,16.19804276835394,77.33276953230023,25.4,41.2,28.8,8.5,983,52,Urban,Silty,21.8,0.0,14.1,Unconfined,0.3,25.0
2025-04-25,Puttur,12.761401399030465,75.2362433285956,35.57,22.3,29.8,8.6,946,672,Forest,Sandy,8.6,-0.13,0.5,Unconfined,35.8,35.92
2021-03-09,Athani,16.71996295580724,75.06023514001733,13.25,4.3,33.7,7.1,770,481,Agricultural,Silty,22.9,0.0,13.0,Unconfined,56.9,14.09
2023-06-10,Tumakuru,13.334484006810916,77.08233427399237,11.99,165.0,27.5,7.8,1285,667,Urban,Silty,13.2,0.0,12.1,Confined,4.2,9.12
2023-04-23,Ballari,15.132665195982764,76.90726513459965,18.29,18.2,39.0,11.0,157,66,Urban,Sandy,9.8,0.0,9.8,Unconfined,4.8,18.52
2021-01-21,Sringeri,13.439265288640243,75.23504082293121,33.58,19.4,27.9,6.9,509,20,Agricultural,Clay,13.8,0.0,12.1,Confined,39.9,33.94
2023-09-17,Karwar,14.810417439214351,74.13411818121696,11.16,214.3,27.0,7.6,878,251,Forest,Clay,6.7,-0.37,9.4,Unconfined,14.8,7.44
2023-06-26,Gokak,16.158868351182246,74.83939461282611,31.08,54.2,25.9,6.1,1401,161,Urban,Silty,2.4,0.0,8.8,Unconfined,1.5,30.32
2022-05-28,Hassan,13.017883953249033,76.09374826913087,29.63,8.1,35.7,7.9,1035,769,Urban,Clay,19.3,0.0,2.8,Confined,4.4,29.91
2024-01-10,Mysuru,12.291340867130767,76.62861296079016,9.84,10.2,25.7,6.2,995,206,Urban,Loam,16.8,0.0,8.4,Unconfined,5.3,10.0
2023-06-08,Sirsi,14.604594633759753,74.82784294306731,6.58,57.2,31.4,6.7,1078,682,Agricultural,Loam,3.7,0.0,14.9,Unconfined,52.7,6.3
2025-09-07,Tumakuru,13.339612774647664,77.10209082432786,11.48,88.7,31.6,9.2,894,335,Urban,Loam,8.6,0.0,7.7,Unconfined,2.2,10.19
2025-01-28,Ballari,15.141109421486666,76.90736366944499,36.39,20.0,21.3,4.9,398,213,Urban,Clay,12.6,0.0,12.9,Confined,2.7,36.26
2023-10-16,Madikeri,12.436495582086778,75.75876315602854,14.02,36.8,33.0,9.4,499,97,Agricultural,Loam,3.8,0.0,13.9,Unconfined,37.2,14.13
2021-04-05,Ballari,15.1358866606369,76.93858507815605,26.52,21.1,38.1,8.9,614,655,Urban,Clay,6.0,0.0,9.1,Unconfined,1.1,26.55
2023-03-20,Haveri,14.800829300075586,75.41244917724501,18.83,5.2,35.7,7.5,435,554,Agricultural,Clay,11.0,0.0,8.7,Unconfined,59.8,19.7
2024-06-12,Raichur,16.218271781759878,77.35470596458015,37.7,131.7,31.2,9.1,1043,340,Urban,Clay,17.6,0.0,6.2,Confined,0.7,35.53
2022-12-25,Devanahalli,13.232663574597291,77.69664190178113,39.99,11.0,29.6,7.2,1423,538,Agricultural,Sandy,23.4,0.0,10.8,Unconfined,30.5,40.44
2024-09-14,Kolar,13.142553992433866,78.1362218283638,18.63,221.2,27.7,6.5,312,404,Urban,Clay,4.3,0.0,12.0,Confined,9.7,14.63
2022-06-20,Sringeri,13.435337386717745,75.2587543057604,32.14,184.2,30.3,6.8,193,467,Agricultural,Sandy,14.8,0.0,3.1,Unconfined,35.9,29.16
2022-03-14,Kolar,13.129622899566863,78.1416257627741,27.47,46.5,39.1,9.5,253,544,Urban,Silty,8.4,0.0,3.6,Unconfined,0.8,27.02
2023-12-24,Udupi,13.327734346313594,74.73553246907329,8.43,1.6,21.0,5.0,121,142,Urban,Silty,18.2,0.73,4.5,Unconfined,20.2,8.78
2023-03-03,Kolar,13.134279604628079,78.11901853748887,25.94,24.9,31.9,9.0,490,487,Urban,Silty,15.0,0.0,14.0,Unconfined,1.0,25.9
2025-08-05,Kolar,13.144053480445475,78.12354518091719,24.13,184.6,23.2,6.5,228,67,Urban,Loam,11.6,0.0,10.6,Unconfined,8.2,20.84
2020-12-06,Chikkamagaluru,13.315464275300698,75.77344840056783,35.43,0.6,24.6,7.3,368,645,Agricultural,Loam,13.4,0.0,13.5,Confined,41.6,36.2
2023-12-23,Anekal,12.701023876879656,77.68189979425719,12.9,8.0,27.0,6.0,1285,711,Urban,Sandy,6.5,0.0,12.9,Confined,4.7,13.09
2020-11-04,Gokak,16.161325284132587,74.8221607696602,34.92,55.1,26.8,5.9,1189,274,Urban,Clay,12.0,0.0,10.4,Unconfined,1.7,34.13
2022-05-27,Tumakuru,13.33510191981487,77.10076317770603,15.14,38.3,36.2,10.3,1499,224,Urban,Silty,7.7,0.0,1.8,Confined,1.0,14.9
2021-07-01,Badami,15.91792491749915,75.67142026526432,5.26,95.8,27.0,6.0,950,314,Agricultural,Sandy,22.5,0.0,4.9,Confined,47.4,4.12
2021-05-19,Davanagere,14.455294329899933,75.90939323891415,28.88,21.8,33.5,6.8,936,480,Urban,Loam,16.3,0.0,9.7,Confined,1.3,28.8
2023-06-21,Yadgir,16.756675262067052,77.15993424763671,19.77,229.9,27.5,7.2,367,119,Agricultural,Clay,8.5,0.0,4.4,Confined,44.9,15.98
2023-08-13,Sirsi,14.60794053162224,74.84660626059942,20.23,134.6,28.5,6.0,216,615,Agricultural,Sandy,9.6,0.0,8.7,Confined,58.3,18.42
2021-08-17,Doddaballapura,13.285638273590864,77.5550011137633,14.98,180.1,26.6,5.8,1371,393,Agricultural,Loam,7.1,0.0,7.0,Confined,53.1,12.2
2021-04-12,Yadgir,16.74442103541164,77.14009479251662,32.5,17.3,29.9,7.9,419,721,Agricultural,Loam,18.7,0.0,5.2,Confined,22.8,32.78
2024-01-15,Haveri,14.793952380844797,75.40086888646401,19.78,1.6,23.2,6.0,1411,451,Agricultural,Clay,12.0,0.0,1.7,Confined,48.6,20.53
2021-08-06,Athani,16.709182286681983,75.069636034799,34.87,118.9,28.4,8.2,434,533,Agricultural,Loam,15.6,0.0,4.4,Unconfined,30.1,33.2
2022-07-02,Udupi,13.317204148620833,74.74947794483985,30.97,208.8,23.2,4.9,724,537,Urban,Clay,3.1,0.25,3.9,Unconfined,14.0,27.15
2021-08-16,Hubballi,15.36543726527999,75.12802449719737,39.42,95.2,29.4,6.1,639,122,Urban,Silty,16.8,0.0,5.1,Unconfined,5.1,37.87
2024-09-29,Udupi,13.33372738627514,74.73434666573442,17.16,163.6,27.7,7.0,509,249,Urban,Clay,19.1,0.25,11.3,Confined,8.1,14.29
2022-11-05,Hubballi,15.363764469765277,75.1157872739213,22.85,98.8,31.9,8.7,355,559,Urban,Loam,15.7,0.0,9.7,Confined,3.6,21.35
2020-10-27,Mangaluru,12.913925854245358,74.87112798587498,20.51,90.4,29.9,8.0,1096,598,Agricultural,Silty,18.0,0.39,11.4,Confined,31.5,19.38
2021-04-07,Athani,16.721363069203672,75.06337108519236,16.63,3.9,39.4,8.4,352,513,Agricultural,Clay,19.7,0.0,8.2,Unconfined,26.5,17.24
2022-04-12,Athani,16.71124079849996,75.06538664088005,15.35,39.9,37.5,10.2,1072,358,Agricultural,Clay,10.6,0.0,1.8,Confined,49.1,15.55
2023-01-07,Mysuru,12.287832209309546,76.64444650586319,35.89,13.6,21.3,5.3,698,500,Urban,Loam,6.4,0.0,0.8,Unconfined,8.6,35.97
2024-09-14,Mandya,12.5372690646757,76.90628889827548,7.24,212.5,30.1,7.5,758,202,Agricultural,Loam,23.5,0.0,12.3,Unconfined,28.3,3.65
2022-03-16,Chitradurga,14.220633460617503,76.4096675375103,39.13,14.6,29.4,8.7,939,207,Urban,Loam,7.9,0.0,12.5,Confined,3.8,39.31
2024-02-18,Hubballi,15.382056286272263,75.13294011515225,7.91,19.5,27.1,5.5,605,310,Urban,Silty,7.4,0.0,10.1,Unconfined,7.8,7.87
2023-04-06,Hubballi,15.365722473405024,75.12561283689142,37.37,16.4,31.7,8.4,681,508,Urban,Silty,4.2,0.0,4.8,Unconfined,9.4,37.56
2023-05-26,Mandya,12.525022923582416,76.89951727382164,28.61,6.7,34.9,8.7,320,244,Agricultural,Loam,6.8,0.0,4.4,Unconfined,46.1,29.37
2025-09-06,Puttur,12.769933306682795,75.21008885505564,21.97,82.0,28.1,6.0,171,453,Forest,Silty,19.3,0.02,14.2,Confined,13.1,20.76
2023-01-28,Gokak,16.158037201276834,74.81629996782313,6.9,14.1,22.0,6.0,112,739,Urban,Sandy,6.3,0.0,2.6,Confined,1.1,6.93
2025-06-28,Hassan,12.990586053383824,76.09806113446194,38.79,88.0,23.6,5.0,1371,713,Urban,Loam,1.5,0.0,4.5,Unconfined,9.9,37.38
2025-09-11,Karwar,14.804438559324552,74.13216299596886,27.7,239.5,27.0,6.3,1461,319,Forest,Sandy,23.2,-0.55,9.9,Confined,12.4,23.4
2024-11-06,Athani,16.72401729380539,75.05564159164369,27.77,54.5,25.9,7.1,565,632,Agricultural,Sandy,2.1,0.0,2.9,Confined,49.3,27.53
2021-12-05,Karwar,14.813592922486624,74.13610096397598,17.93,7.8,21.7,6.3,598,246,Forest,Silty,24.5,-0.64,6.8,Unconfined,14.1,18.29
2022-03-09,Kollegala,12.162187148854857,77.11823100629671,33.4,1.5,39.6,10.5,715,357,Agricultural,Sandy,22.7,0.0,13.7,Confined,29.9,34.19
2020-10-06,Yadgir,16.769408081724727,77.15328290560281,19.6,34.4,31.3,7.2,982,799,Agricultural,Silty,15.4,0.0,1.3,Confined,39.1,19.66
2024-03-28,Yadgir,16.753183067943226,77.16584146714938,25.94,43.3,33.7,7.2,631,269,Agricultural,Silty,2.2,0.0,0.9,Unconfined,28.6,25.72
2025-03-10,Mandya,12.522551856351045,76.91976532799953,30.29,32.3,36.1,9.2,404,130,Agricultural,Loam,12.1,0.0,0.7,Unconfined,23.5,30.34
2021-12-02,Karwar,14.818662874502516,74.14100722078236,10.06,15.0,25.0,6.0,1445,418,Forest,Clay,20.1,0.0,0.7,Unconfined,21.2,10.27
2022-07-06,Shivamogga,13.923441478659322,75.59703265601215,28.17,66.7,26.4,5.6,926,14,Urban,Clay,21.8,0.0,3.2,Unconfined,7.6,27.19
2022-01-06,Davanagere,14.484287207662726,75.9043849155656,20.21,1.6,27.6,6.5,1406,59,Urban,Clay,6.7,0.0,1.0,Confined,0.0,20.5
2023-12-31,Puttur,12.742972248486605,75.22399997346913,39.47,17.1,20.6,5.6,118,416,Agricultural,Sandy,15.5,-0.08,13.0,Confined,39.1,39.81
2021-06-12,Chikkamagaluru,13.30570404422258,75.7996527907098,9.68,99.7,22.5,5.6,271,45,Agricultural,Clay,2.8,0.0,4.5,Unconfined,24.0,8.21
2021-07-06,Puttur,12.765878386587731,75.21006310593084,16.32,117.7,25.4,5.2,1405,10,Forest,Sandy,7.1,0.33,5.0,Unconfined,26.8,14.46
2023-10-31,Kollegala,12.138488475215524,77.12633166707985,7.5,34.8,30.2,7.1,543,327,Agricultural,Clay,3.6,0.0,3.6,Unconfined,35.9,7.52
2025-02-01,Hassan,13.00316396441532,76.08793091371723,5.37,16.6,29.8,6.2,1222,355,Urban,Loam,3.2,0.0,6.4,Unconfined,7.1,5.42
2025-06-20,Tumakuru,13.348062562035011,77.11325669649509,21.02,90.6,24.3,7.0,577,408,Urban,Loam,18.2,0.0,14.3,Unconfined,9.1,19.65
2024-11-09,Madikeri,12.432692919989478,75.75180614541193,31.88,29.6,24.3,5.6,685,475,Agricultural,Sandy,13.4,0.0,1.6,Confined,38.4,31.95
2022-03-14,Bengaluru North,13.043543486452258,77.60065765971672,13.26,27.5,34.7,9.2,1011,523,Urban,Silty,23.3,0.0,5.2,Confined,7.8,13.25
2022-10-04,Puttur,12.76443425479529,75.2215920889788,23.36,29.5,32.9,9.3,559,567,Urban,Clay,13.4,-0.63,6.3,Confined,20.7,23.5
2024-04-28,Yadgir,16.7571140542328,77.14472813482043,26.98,3.3,29.1,6.7,1011,258,Agricultural,Loam,1.6,0.0,5.9,Confined,33.8,27.59
2023-05-14,Bengaluru North,13.02836638191769,77.60632606888917,8.61,3.6,32.3,8.3,571,171,Urban,Clay,17.7,0.0,10.2,Unconfined,1.7,8.97
2023-05-29,Doddaballapura,13.311174396925285,77.55639107324993,36.52,30.4,31.1,8.7,183,166,Agricultural,Loam,13.9,0.0,5.4,Confined,36.5,36.71
2023-08-05,Sringeri,13.413904021418704,75.25325449230368,24.19,75.1,28.8,8.6,597,603,Agricultural,Sandy,13.1,0.0,13.3,Unconfined,21.7,23.34
2024-02-09,Haveri,14.8003876668261,75.42092055725698,25.99,2.8,22.9,4.7,552,610,Agricultural,Clay,10.1,0.0,9.0,Confined,32.5,26.49
2022-10-24,Hubballi,15.36598146128229,75.12799358583626,19.4,73.4,24.0,6.2,233,377,Urban,Silty,1.1,0.0,7.3,Confined,3.0,18.27
2021-03-02,Chitradurga,14.229167462855637,76.39370029956774,22.13,41.4,28.7,8.0,1069,358,Urban,Sandy,17.8,0.0,13.7,Unconfined,9.9,21.8
2025-05-03,Gokak,16.17819135619139,74.84444754741635,20.13,24.5,39.7,10.7,540,781,Urban,Silty,7.3,0.0,0.9,Confined,6.7,20.24
2022-08-23,Sirsi,14.620537394033546,74.8421652821882,10.57,220.8,25.5,7.2,1166,345,Agricultural,Clay,16.1,0.0,6.0,Unconfined,40.8,6.92
2024-02-02,Haveri,14.792625292757213,75.38546466383244,22.61,10.9,29.5,6.8,1028,417,Agricultural,Silty,12.7,0.0,7.6,Confined,56.8,23.3
2023-02-24,Shivamogga,13.927144694911183,75.55966328233515,32.81,5.7,20.2,5.0,1094,376,Urban,Silty,13.7,0.0,10.7,Confined,4.2,32.99
2025-09-14,Kollegala,12.137419009759716,77.12409291949038,23.03,159.0,29.1,6.6,319,470,Agricultural,Loam,10.3,0.0,12.6,Unconfined,39.2,20.57
2022-08-04,Sirsi,14.613204822404343,74.82515789893496,9.13,184.9,23.0,5.9,917,704,Agricultural,Loam,22.3,0.0,5.1,Unconfined,32.6,6.05
2022-09-20,Puttur,12.741360046200397,75.21997424873186,34.72,102.2,26.8,6.4,901,338,Forest,Clay,23.5,0.31,6.4,Confined,35.8,33.32
2024-07-06,Chitradurga,14.226690000286746,76.40065013177266,13.64,118.9,23.2,5.0,990,701,Urban,Clay,22.3,0.0,0.3,Unconfined,9.4,11.61
2021-05-24,Sirsi,14.624011234976072,74.81939907959378,29.72,12.6,32.1,9.5,346,131,Agricultural,Sandy,23.9,0.0,0.7,Unconfined,53.5,30.48
2023-02-09,Shivamogga,13.92771989689453,75.54185874827215,13.46,6.8,26.7,6.4,722,117,Urban,Loam,12.4,0.0,3.1,Confined,4.1,13.69
2023-11-12,Hassan,13.015496047776137,76.10261391463838,37.46,21.4,31.1,9.3,173,151,Urban,Clay,8.1,0.0,9.0,Unconfined,7.3,37.57
2021-11-23,Doddaballapura,13.287216208198497,77.5454120871951,37.52,72.6,24.5,5.3,187,645,Agricultural,Loam,15.3,0.0,10.5,Unconfined,47.5,36.81
2022-04-29,Bengaluru North,13.026242164079143,77.6016496341125,12.45,22.7,39.3,11.3,458,761,Urban,Silty,8.5,0.0,14.7,Unconfined,1.3,12.57
2022-07-19,Davanagere,14.449381897066418,75.91795534059473,34.97,210.9,31.8,6.8,659,372,Urban,Loam,16.3,0.0,4.4,Confined,9.5,31.19
2021-10-28,Hassan,13.006099051216456,76.08836481778539,17.66,91.7,29.1,6.7,631,295,Urban,Sandy,12.9,0.0,11.7,Confined,0.4,16.17
2025-06-16,Mysuru,12.318033758295277,76.65245249892502,19.32,236.4,31.1,7.2,458,526,Urban,Loam,20.8,0.0,8.0,Confined,7.7,15.03
2021-05-21,Sanduru,15.095279530091528,76.55326972980812,12.05,21.1,31.9,7.5,562,311,Agricultural,Clay,7.2,0.0,0.7,Unconfined,34.6,12.35
2022-10-23,Sakleshpura,12.977013465613185,75.79234867392273,23.74,71.1,26.6,7.8,1282,605,Agricultural,Sandy,13.2,0.0,13.2,Confined,54.2,23.25
2025-05-13,Madikeri,12.424365356446154,75.74729501701796,7.46,9.3,31.6,8.6,1138,376,Agricultural,Sandy,1.1,0.0,1.5,Unconfined,50.3,8.21
2023-05-25,Kollegala,12.152961428492105,77.12262974005989,35.5,41.4,30.7,6.1,670,631,Agricultural,Loam,7.5,0.0,2.6,Unconfined,44.2,35.42
2025-02-23,Kundapura,13.641175404026884,74.68435018543927,20.39,1.0,24.1,6.7,747,775,Urban,Clay,5.8,0.6,9.9,Confined,17.8,20.82
2021-07-09,Bengaluru North,13.036796754546911,77.61057094795542,6.3,110.3,22.6,5.4,461,607,Urban,Clay,22.3,0.0,7.6,Confined,1.1,4.37
2024-03-21,Raichur,16.209206304596233,77.36243022610456,14.76,17.7,40.1,9.7,1244,594,Urban,Loam,9.7,0.0,4.2,Unconfined,1.8,14.91
2022-03-15,Hubballi,15.358282358779707,75.1305571478383,38.88,5.4,38.7,11.2,180,409,Urban,Clay,11.8,0.0,2.2,Unconfined,8.8,39.42
2024-02-20,Puttur,12.765231090854282,75.21765235191098,19.12,2.0,25.6,7.4,534,775,Forest,Clay,11.4,0.34,6.6,Unconfined,33.0,19.75
2022-09-21,Doddaballapura,13.29985560141978,77.54403461474296,15.15,214.1,28.6,5.7,775,335,Agricultural,Loam,13.1,0.0,2.9,Confined,36.6,11.52
2022-10-19,Udupi,13.343020229512488,74.74084042028869,19.51,54.8,26.6,6.0,1350,253,Agricultural,Silty,2.8,0.99,1.6,Unconfined,15.9,18.77
2023-10-03,Bagalkote,16.180531188218712,75.69803959875729,15.53,84.7,29.6,7.2,255,106,Urban,Clay,22.9,0.0,0.7,Confined,8.6,14.28
2025-08-04,Sringeri,13.415549053347585,75.23691480019801,11.37,161.0,25.5,5.2,929,285,Agricultural,Silty,23.4,0.0,10.2,Confined,52.6,8.94
2023-12-05,Gokak,16.166211466982602,74.83100767345557,11.26,10.4,20.5,5.7,380,60,Urban,Clay,5.6,0.0,7.2,Unconfined,0.2,11.34
2025-01-29,Sagara,14.18126534361958,75.02751323564549,32.85,17.0,27.9,8.3,1321,73,Agricultural,Silty,9.2,0.0,3.4,Unconfined,29.4,33.22
2024-06-12,Puttur,12.782733339833502,75.22515179172355,12.17,156.7,26.1,7.0,871,108,Urban,Silty,18.5,-0.58,6.2,Unconfined,31.9,9.76
2023-03-17,Ballari,15.155805821793194,76.90908731833537,6.31,48.9,31.2,9.1,959,176,Urban,Loam,14.1,0.0,8.7,Confined,8.6,5.87
2023-10-07,Raichur,16.198438568086765,77.37236488716805,21.23,66.1,27.7,6.2,1213,392,Urban,Loam,5.9,0.0,1.4,Confined,5.5,20.27
2025-04-02,Raichur,16.215398281377944,77.35705268790393,24.98,41.7,39.2,8.8,1346,74,Urban,Loam,9.4,0.0,4.3,Confined,7.8,24.66
2023-03-01,Puttur,12.773214998489596,75.19232839850318,20.26,15.7,30.5,7.3,960,764,Urban,Loam,6.0,0.57,8.1,Confined,19.4,20.45
2022-07-24,Kundapura,13.635373365266501,74.67516091318154,19.83,85.7,30.5,9.1,681,209,Urban,Silty,8.9,-0.72,4.9,Unconfined,13.5,18.78
2023-10-10,Badami,15.898371567827693,75.6843762958822,5.16,24.3,29.4,7.6,937,730,Agricultural,Loam,24.5,0.0,6.3,Confined,21.1,5.27
2021-07-08,Bengaluru North,13.033242998223812,77.60460073745413,18.17,241.0,22.1,5.9,496,503,Urban,Clay,6.7,0.0,3.5,Confined,5.5,13.7
2025-03-15,Athani,16.71764811709248,75.07297631541823,7.58,20.0,40.5,9.8,1094,18,Agricultural,Clay,23.5,0.0,6.7,Unconfined,28.4,7.95
2022-06-26,Kollegala,12.15843613623501,77.11684163304452,10.76,84.7,22.3,6.3,695,488,Agricultural,Sandy,19.8,0.0,10.2,Confined,28.4,9.66
2025-05-03,Mysuru,12.298809465173365,76.62664155910336,19.82,19.0,39.5,11.0,1100,367,Urban,Loam,24.1,0.0,1.3,Unconfined,7.9,20.07
2023-04-25,Gokak,16.185759223245377,74.84261437627892,7.81,35.3,34.2,7.8,831,657,Urban,Silty,14.7,0.0,10.9,Unconfined,9.1,7.58
2021-07-23,Gokak,16.173656535276724,74.84094548180825,38.04,202.9,23.6,6.3,836,408,Urban,Sandy,18.9,0.0,10.6,Unconfined,3.6,34.33
2023-12-25,Chikkamagaluru,13.326609451865275,75.78524368839635,24.43,12.6,27.7,7.3,1206,534,Agricultural,Loam,13.4,0.0,12.2,Confined,34.6,24.89
2021-04-26,Sringeri,13.40919707701023,75.2513813758576,23.92,20.9,33.5,9.2,826,270,Agricultural,Silty,11.1,0.0,1.4,Unconfined,35.2,24.31
2025-06-02,Mysuru,12.319419209271665,76.63292070335855,15.56,93.2,25.3,5.2,378,472,Urban,Clay,12.3,0.0,4.4,Unconfined,4.1,14.0
2023-09-06,Sanduru,15.116166121416889,76.5435437051384,16.49,82.7,26.5,7.8,1428,29,Agricultural,Loam,6.1,0.0,9.9,Confined,58.7,15.81
2021-11-16,Kolar,13.129639365785787,78.12348972470869,20.24,62.7,30.8,9.0,894,605,Urban,Silty,7.3,0.0,8.1,Confined,4.0,19.48
2021-05-28,Madikeri,12.422738728669554,75.74826455788535,30.56,45.1,36.5,9.8,505,668,Agricultural,Sandy,21.0,0.0,13.4,Confined,31.7,30.46
2022-05-04,Davanagere,14.463157191032057,75.92270520034188,27.88,10.4,35.4,7.6,798,364,Urban,Clay,21.3,0.0,4.8,Unconfined,1.3,28.07
2023-09-21,Haveri,14.791620752353852,75.39718111634092,21.39,235.8,26.0,5.7,120,559,Agricultural,Silty,23.6,0.0,6.8,Confined,48.0,17.44
2022-01-19,Anekal,12.725603946442774,77.69708478111502,23.62,0.9,28.1,6.8,545,94,Urban,Sandy,3.7,0.0,6.1,Unconfined,2.9,23.97
2022-12-07,Ballari,15.12808877327129,76.93703575759699,5.89,19.5,20.6,6.1,712,744,Urban,Clay,9.4,0.0,4.8,Confined,6.7,5.87
2023-07-16,Yadgir,16.762305069090214,77.13621226460049,13.23,68.2,29.5,8.4,913,718,Agricultural,Loam,2.5,0.0,6.1,Confined,39.6,12.68
2024-11-06,Kollegala,12.15444484499571,77.1203120727123,12.21,62.1,33.1,7.3,487,648,Agricultural,Loam,16.3,0.0,3.5,Confined,53.3,11.87
2024-04-14,Sringeri,13.42653071954625,75.24632125728569,26.01,48.4,39.3,10.4,348,795,Agricultural,Sandy,15.4,0.0,13.4,Unconfined,37.8,25.94
2022-10-03,Puttur,12.754834641150435,75.20983848833383,33.18,84.7,32.1,8.7,525,383,Urban,Sandy,21.3,0.92,1.1,Confined,17.9,32.01
2022-04-18,Kundapura,13.635631286843958,74.69036448215068,17.03,42.6,30.6,6.7,1012,751,Forest,Loam,5.2,-0.51,1.5,Confined,12.2,16.69
2022-02-20,Hunasuru,12.333044308453076,76.27847331635017,19.29,5.2,29.3,8.3,825,299,Agricultural,Clay,9.9,0.0,14.5,Confined,32.1,19.92
2023-12-19,Puttur,12.76746559726525,75.2135444883878,7.48,3.4,20.0,4.8,735,602,Urban,Silty,20.7,-0.37,0.7,Confined,6.8,7.76
2022-07-18,Yadgir,16.76935741004639,77.12429589148144,34.92,203.6,24.9,6.0,289,349,Agricultural,Sandy,24.9,0.0,10.1,Confined,59.0,31.74
2021-03-29,Ballari,15.147181193864434,76.91863617937982,11.2,15.3,33.7,8.3,218,103,Urban,Sandy,7.4,0.0,1.3,Unconfined,7.5,11.38
2021-04-28,Mysuru,12.285884872398357,76.64622829307413,29.72,14.0,40.5,9.3,1014,314,Urban,Clay,17.9,0.0,9.0,Confined,3.0,29.93
2023-03-07,Sringeri,13.415172783449556,75.25010391507946,6.02,11.3,41.3,10.8,653,687,Agricultural,Loam,10.9,0.0,13.1,Unconfined,36.6,6.7
2022-09-14,Kollegala,12.139916635383274,77.12839185871732,12.22,249.5,25.6,5.2,996,629,Agricultural,Silty,23.7,0.0,2.5,Confined,29.5,7.79
2021-12-03,Tumakuru,13.347372260876494,77.09787797036955,23.15,6.5,28.1,7.3,1388,527,Urban,Loam,8.7,0.0,11.0,Confined,10.0,23.48
2025-03-03,Sanduru,15.08684566473781,76.56331336545496,38.93,15.7,32.6,7.5,585,291,Agricultural,Clay,14.9,0.0,9.0,Confined,31.3,39.3
2023-08-18,Doddaballapura,13.295198392478778,77.54654655820735,6.17,227.0,22.2,5.3,217,379,Agricultural,Clay,21.4,0.0,12.4,Confined,30.4,2.2
2021-08-11,Mandya,12.51253452751623,76.88240038486902,8.11,231.1,26.0,7.7,611,595,Agricultural,Clay,9.8,0.0,6.9,Confined,30.1,4.17
2023-09-29,Kolar,13.133217011798537,78.14303793852464,18.38,133.3,27.4,6.7,286,81,Urban,Silty,16.0,0.0,3.8,Confined,4.7,16.1
2025-05-15,Haveri,14.782778806541707,75.4039504805521,39.86,8.3,41.5,11.5,407,191,Agricultural,Sandy,1.3,0.0,4.5,Confined,36.0,40.63
2024-11-05,Ballari,15.141894612520904,76.90980424955038,30.34,39.7,25.4,7.3,121,493,Urban,Silty,4.4,0.0,1.5,Confined,5.5,29.97
2021-03-29,Mangaluru,12.908084235922217,74.87283678752354,11.94,43.1,30.8,8.6,513,751,Urban,Silty,6.3,0.39,1.5,Confined,15.4,11.62
2023-05-26,Gokak,16.172549148526077,74.83402335665266,23.94,47.5,36.0,9.8,666,10,Urban,Clay,24.4,0.0,8.2,Unconfined,4.9,23.53
2024-08-27,Mandya,12.504263421161008,76.90838132138171,38.32,101.0,31.6,6.6,463,356,Agricultural,Silty,22.8,0.0,11.7,Confined,31.1,36.94
2021-08-26,Athani,16.728514018399228,75.0598822680981,36.05,56.7,31.0,6.5,814,550,Agricultural,Loam,19.0,0.0,14.2,Unconfined,35.3,35.59
2024-06-23,Hubballi,15.376205766554218,75.12574393375331,7.11,69.1,25.7,7.2,1305,733,Urban,Clay,20.2,0.0,0.4,Unconfined,3.7,6.13
2021-12-16,Kolar,13.124750842022054,78.13190008585234,19.47,0.8,27.0,6.2,396,486,Urban,Clay,3.1,0.0,2.1,Unconfined,0.9,19.77
2021-03-25,Sakleshpura,12.950286309792968,75.79759398741169,9.16,41.3,34.6,9.4,310,773,Agricultural,Loam,20.7,0.0,11.1,Unconfined,29.7,9.1
2024-05-15,Kolar,13.134350727709538,78.15124533997326,35.58,31.7,37.8,10.0,669,649,Urban,Loam,10.0,0.0,13.1,Confined,1.7,35.46
2022-06-18,Bagalkote,16.186310879535103,75.70006389873207,12.03,72.6,30.5,9.1,1179,335,Urban,Silty,10.0,0.0,7.1,Confined,2.5,11.06
2022-05-01,Bagalkote,16.18517990718325,75.68599058418178,33.75,7.7,33.9,6.9,538,695,Urban,Silty,18.1,0.0,8.0,Confined,6.3,34.0
2023-10-08,Mysuru,12.284753885467058,76.64735418054106,35.24,38.2,30.3,7.2,1423,457,Urban,Clay,11.8,0.0,2.0,Confined,6.4,34.9
2025-07-08,Anekal,12.722999574328524,77.70094450757993,9.77,95.1,29.8,7.9,406,336,Urban,Silty,9.2,0.0,12.9,Unconfined,6.6,8.33
2023-09-17,Kollegala,12.145960189197478,77.12781529340798,37.2,88.3,26.2,7.5,862,717,Agricultural,Sandy,15.5,0.0,8.4,Unconfined,28.6,36.1
2024-05-25,Hubballi,15.350645883805658,75.12276627375884,23.0,2.4,29.8,8.1,1226,497,Urban,Loam,22.4,0.0,14.0,Unconfined,7.2,23.43
2023-06-05,Kollegala,12.144414183955519,77.09899750469482,5.64,209.7,28.7,8.3,308,317,Agricultural,Clay,12.1,0.0,12.6,Unconfined,39.9,2.26
2022-10-31,Davanagere,14.46760482637213,75.92872028134582,9.17,71.3,26.5,6.3,1138,233,Urban,Clay,11.1,0.0,13.7,Unconfined,8.5,8.14
2023-11-26,Tumakuru,13.340068027337702,77.11274499090129,27.86,65.0,26.2,5.9,1414,537,Urban,Sandy,23.8,0.0,13.5,Unconfined,0.1,26.86
2024-12-18,Mangaluru,12.896489345277317,74.86492733421338,6.68,17.7,24.2,5.4,1465,587,Forest,Sandy,11.9,0.96,1.9,Unconfined,24.8,6.75
2022-05-08,Sakleshpura,12.980551727133797,75.7857835270456,23.68,45.4,35.0,9.4,1087,45,Agricultural,Loam,4.6,0.0,1.8,Unconfined,24.7,23.49
2023-10-08,Tumakuru,13.339837011012879,77.08544005133086,13.14,39.9,33.5,8.9,196,34,Urban,Clay,16.6,0.0,8.7,Confined,4.6,12.83
2021-08-06,Hassan,12.998279234585533,76.08578736124959,11.28,112.3,24.3,5.5,892,696,Urban,Sandy,13.8,0.0,6.2,Confined,7.5,9.38
2022-03-15,Karwar,14.80456151920431,74.13849275543194,19.82,29.0,34.4,7.1,1410,777,Forest,Loam,21.8,-0.31,3.0,Confined,7.1,19.7
2024-10-25,Haveri,14.801507193922701,75.39813328089969,22.75,27.6,25.3,6.8,124,515,Agricultural,Loam,8.5,0.0,9.9,Confined,25.4,22.79
2024-10-19,Sirsi,14.613449926274702,74.82769211108317,24.12,57.1,29.9,6.8,1492,216,Agricultural,Sandy,11.3,0.0,0.7,Unconfined,58.2,23.9
2024-07-21,Sirsi,14.622477965728482,74.82745596479265,26.92,186.7,31.7,6.4,112,702,Agricultural,Loam,10.1,0.0,10.9,Unconfined,49.7,24.0
2025-01-25,Mangaluru,12.918369290186133,74.85542769774477,5.38,0.7,21.7,6.3,279,448,Agricultural,Loam,17.0,-0.79,7.4,Unconfined,15.0,5.91
2024-04-19,Bagalkote,16.17614634201604,75.67940103845443,39.13,39.9,38.2,10.4,202,523,Urban,Silty,16.4,0.0,5.9,Confined,7.1,38.92
2022-07-17,Kundapura,13.616534275466819,74.6920614141609,33.23,149.5,27.4,7.9,854,66,Urban,Sandy,19.8,0.34,11.0,Confined,27.3,30.87
2020-10-31,Hunasuru,12.321373510742951,76.2939826961445,33.91,64.4,27.7,7.2,361,409,Agricultural,Loam,19.6,0.0,1.2,Unconfined,30.5,33.29
2024-02-20,Sakleshpura,12.974820898490153,75.78356184189619,16.76,7.2,27.5,8.2,785,382,Agricultural,Silty,21.5,0.0,14.6,Confined,57.5,17.6
2022-01-04,Madikeri,12.419303598443653,75.71635113727972,6.96,12.7,28.1,5.9,669,636,Agricultural,Loam,17.0,0.0,3.2,Confined,20.1,7.2
2024-05-25,Ballari,15.130883340378897,76.92331285716342,13.13,33.4,39.3,9.7,506,675,Urban,Loam,13.6,0.0,10.0,Unconfined,8.7,13.03
2022-03-12,Puttur,12.773112905394946,75.20396819905015,12.31,46.4,39.9,11.2,1287,667,Forest,Sandy,17.5,0.6,4.9,Unconfined,10.2,11.98
2023-10-19,Haveri,14.808202607390964,75.40374266087808,9.34,79.4,30.5,8.7,1078,645,Agricultural,Clay,24.2,0.0,12.9,Unconfined,41.9,8.61
2023-03-13,Mangaluru,12.917810645038314,74.84244358604116,12.61,23.0,38.9,8.5,915,737,Urban,Silty,7.1,-0.18,12.3,Confined,5.6,12.65
2024-03-23,Sirsi,14.612883570039571,74.82658372159341,35.3,41.3,32.6,9.0,824,195,Agricultural,Loam,2.3,0.0,2.1,Unconfined,47.0,35.39
2022-01-04,Hunasuru,12.308016115507861,76.28963222866255,14.54,19.6,21.8,6.2,1270,41,Agricultural,Silty,23.5,0.0,4.6,Confined,40.6,14.86
2024-11-05,Haveri,14.798309678592032,75.40461486874032,25.14,27.8,27.5,7.5,1493,189,Agricultural,Loam,20.5,0.0,5.3,Confined,22.0,25.18
2024-09-11,Shivamogga,13.917511856338034,75.57427828225416,15.3,105.8,25.9,7.6,1481,135,Urban,Clay,1.4,0.0,0.9,Confined,9.9,13.66
2024-07-31,Hunasuru,12.299150229429088,76.2628701790986,32.01,67.3,24.8,5.1,1282,760,Agricultural,Sandy,12.0,0.0,10.6,Confined,37.7,31.3
2023-03-21,Raichur,16.20486975907698,77.3441324064174,15.83,40.7,33.9,8.1,1327,194,Urban,Sandy,8.4,0.0,4.0,Confined,2.5,15.45
2022-08-29,Athani,16.719629184915977,75.05813703411617,5.64,230.7,23.7,6.9,116,693,Agricultural,Sandy,11.4,0.0,10.5,Unconfined,41.9,1.79
2023-01-15,Bengaluru North,13.040086622600906,77.58411214494423,6.07,17.1,25.1,6.2,1145,140,Urban,Loam,6.0,0.0,13.0,Confined,3.4,6.07
2022-12-11,Mandya,12.518027972950994,76.89427276470144,7.46,2.4,26.3,5.5,1353,445,Agricultural,Sandy,13.0,0.0,5.5,Confined,34.4,8.03
2023-07-15,Madikeri,12.404862232506838,75.74388714269628,20.8,154.7,30.3,7.4,269,637,Agricultural,Sandy,6.3,0.0,13.2,Unconfined,30.8,18.38
2024-08-24,Mysuru,12.298614018818023,76.64870648483533,15.46,102.5,29.3,6.1,560,403,Urban,Clay,15.2,0.0,13.3,Confined,8.2,13.8
2024-07-25,Raichur,16.215534713082242,77.35160835149122,18.94,67.8,23.3,5.5,1052,654,Urban,Loam,7.1,0.0,3.9,Unconfined,1.2,17.87
2024-12-30,Madikeri,12.42666644105438,75.74247478270317,29.72,13.0,21.8,5.7,1047,231,Agricultural,Loam,19.5,0.0,3.1,Unconfined,24.0,29.98
2022-01-29,Haveri,14.794327284406686,75.41065371860181,34.0,4.2,28.6,7.0,1497,510,Agricultural,Clay,17.7,0.0,5.2,Unconfined,31.4,34.58
2022-08-07,Puttur,12.772184568091998,75.2139584111433,38.37,187.9,22.7,4.6,1188,601,Forest,Silty,5.4,0.11,8.5,Unconfined,21.5,35.05
2023-06-25,Badami,15.916598611633532,75.68421722691221,33.96,158.3,28.5,7.1,1407,459,Agricultural,Sandy,17.5,0.0,6.7,Unconfined,41.3,31.56
2022-08-20,Sakleshpura,12.99037860956744,75.79919260292378,8.67,226.1,25.5,5.4,1327,254,Agricultural,Loam,21.3,0.0,13.0,Unconfined,55.6,4.97
2025-07-28,Sringeri,13.41992945291754,75.2514261605075,21.26,199.5,24.2,5.7,172,17,Agricultural,Sandy,24.6,0.0,6.4,Confined,25.1,17.81
2024-07-28,Kollegala,12.158615395264992,77.11364817410869,31.83,155.0,31.4,8.2,730,549,Agricultural,Sandy,6.5,0.0,6.5,Confined,24.0,29.38
2020-12-06,Mysuru,12.300789514079247,76.63634820542892,16.17,18.6,24.7,5.4,583,755,Urban,Silty,6.7,0.0,1.8,Confined,3.4,16.1
2023-01-16,Puttur,12.764226817183596,75.20194951761248,24.97,2.5,28.5,8.5,623,209,Agricultural,Clay,4.2,-0.14,14.6,Confined,29.2,25.65
2024-01-01,Raichur,16.208379240855663,77.35166851210039,31.74,8.2,29.4,6.0,1215,698,Urban,Clay,1.4,0.0,2.0,Confined,3.3,31.91
2022-12-18,Hubballi,15.359701365430283,75.12676607712439,15.45,8.1,20.7,5.0,950,227,Urban,Sandy,19.7,0.0,11.1,Confined,9.1,15.63
2022-07-02,Mandya,12.503625902893406,76.89910876957622,32.37,212.9,26.3,5.6,1208,786,Agricultural,Loam,18.0,0.0,10.1,Confined,22.2,28.61
2025-03-12,Kollegala,12.146002915323432,77.12658003698243,23.4,24.8,36.9,10.8,1191,550,Agricultural,Silty,6.9,0.0,6.0,Confined,57.5,24.02
2025-01-15,Sringeri,13.412356075360274,75.2458346378062,24.78,19.6,24.8,6.1,296,43,Agricultural,Sandy,17.2,0.0,8.6,Unconfined,56.1,25.25
2023-08-29,Devanahalli,13.208137156287949,77.71866350110916,9.98,177.7,24.1,5.2,1143,122,Agricultural,Clay,19.5,0.0,0.3,Confined,35.4,7.04
2025-07-20,Tumakuru,13.345700442859433,77.1064574966857,14.01,124.3,28.1,6.7,1309,752,Urban,Silty,8.2,0.0,8.2,Unconfined,2.1,11.88
2024-03-23,Sanduru,15.105596143017548,76.54044414196784,9.59,16.5,33.0,7.4,537,151,Agricultural,Loam,22.6,0.0,11.7,Confined,28.9,9.92
2022-12-08,Kundapura,13.63945205126469,74.67630036330546,36.2,6.2,27.2,6.5,1241,416,Agricultural,Clay,12.5,0.59,13.4,Confined,17.6,36.52
2025-01-22,Kundapura,13.632578742677513,74.69388363761965,12.16,16.8,29.4,7.6,166,12,Urban,Sandy,18.5,0.54,7.7,Confined,27.6,12.43
2020-10-14,Chitradurga,14.21957208841731,76.38775456107564,9.22,92.2,27.4,6.3,1483,495,Urban,Clay,20.1,0.0,13.1,Unconfined,7.4,7.77
2025-07-06,Udupi,13.318510128351328,74.7487409503558,39.75,80.6,27.5,6.5,933,159,Forest,Sandy,8.1,-0.69,13.4,Unconfined,12.3,38.66
2024-07-29,Puttur,12.761273154096651,75.21267467242744,19.15,195.6,22.6,4.9,1138,638,Agricultural,Sandy,15.1,0.07,11.4,Unconfined,32.3,15.8
2022-02-06,Yadgir,16.78149143103134,77.14301194156504,20.5,13.7,27.8,7.7,107,101,Agricultural,Clay,3.7,0.0,14.6,Unconfined,22.9,20.84
2021-05-10,Yadgir,16.754432449272294,77.16117232954228,28.65,18.2,34.3,8.4,1015,226,Agricultural,Loam,10.2,0.0,5.0,Confined,45.6,29.16
2025-04-28,Kolar,13.138109211769326,78.15510236898223,11.8,43.5,30.1,7.1,353,93,Urban,Silty,22.2,0.0,2.4,Unconfined,4.3,11.33
2021-06-24,Madikeri,12.438114562362617,75.72556469099993,8.5,190.5,25.6,6.3,577,568,Agricultural,Sandy,19.2,0.0,5.2,Unconfined,41.4,5.42
2020-10-24,Bengaluru North,13.020399926513223,77.60580378198485,12.5,49.2,28.4,6.0,845,772,Urban,Silty,11.0,0.0,8.3,Confined,1.8,11.83
2023-04-27,Kollegala,12.155984715892142,77.12287407338097,26.9,41.3,33.8,7.2,1146,60,Agricultural,Silty,9.1,0.0,1.1,Unconfined,34.7,26.78
2022-12-08,Gokak,16.163857652392412,74.82015828454298,13.87,8.6,22.8,5.6,1149,295,Urban,Loam,16.3,0.0,13.0,Confined,5.9,14.04
2022-11-16,Bagalkote,16.171804707661412,75.68982761678762,33.21,26.9,27.5,6.9,793,287,Urban,Clay,16.6,0.0,12.9,Confined,7.9,33.1
2024-09-12,Anekal,12.707190196966042,77.70188816283665,25.28,56.1,26.9,5.6,854,308,Urban,Clay,14.9,0.0,9.4,Confined,8.9,24.53
2021-07-07,Shivamogga,13.928000421348711,75.57785780326857,39.84,241.5,27.3,7.7,1169,456,Urban,Clay,16.2,0.0,0.5,Unconfined,9.6,35.49
2025-09-03,Sakleshpura,12.976065640491814,75.75844763593372,17.08,247.8,22.6,5.5,936,64,Agricultural,Loam,5.2,0.0,3.6,Unconfined,54.4,12.94
2024-08-13,Doddaballapura,13.29192721877419,77.53711818558558,38.62,55.4,28.0,6.0,330,371,Agricultural,Sandy,13.3,0.0,8.1,Unconfined,58.9,38.4
2022-11-10,Bengaluru North,13.036802956023172,77.57770576366474,39.23,91.4,29.6,8.8,637,620,Urban,Loam,1.9,0.0,12.0,Confined,8.5,37.93
2025-07-23,Kundapura,13.628455215865586,74.71070429404868,9.23,162.2,22.7,6.2,1498,168,Agricultural,Loam,4.5,-0.48,6.1,Unconfined,32.4,6.67
2022-12-28,Madikeri,12.420035906716768,75.71962003962271,7.98,12.4,25.0,6.9,131,758,Agricultural,Silty,18.1,0.0,13.5,Confined,44.5,8.52
2023-10-25,Sakleshpura,12.961078609735662,75.7996860683147,30.15,40.1,25.4,6.6,206,798,Agricultural,Silty,8.7,0.0,13.5,Confined,43.3,30.11
2024-11-30,Hunasuru,12.32903397423109,76.27992512452495,27.02,39.8,32.5,7.1,383,629,Agricultural,Loam,18.9,0.0,9.2,Unconfined,59.5,27.17
2025-06-19,Kolar,13.125005611413249,78.12691503174331,27.37,179.8,31.9,8.8,1031,452,Urban,Silty,11.4,0.0,7.3,Confined,0.2,24.22
2021-06-29,Hassan,12.997947495087907,76.09199304531332,24.27,168.7,31.0,7.5,873,366,Urban,Sandy,2.1,0.0,4.2,Confined,2.0,21.29
2020-12-24,Kollegala,12.154298676298332,77.11475065098021,27.8,18.0,24.3,5.3,550,88,Agricultural,Loam,21.9,0.0,9.6,Unconfined,20.7,27.91
2021-04-09,Sagara,14.161521159545082,75.04242178790689,18.79,5.6,29.2,8.0,511,80,Agricultural,Loam,13.4,0.0,12.8,Confined,41.8,19.5
2022-04-03,Haveri,14.785715946266164,75.3941739425147,19.2,26.8,41.4,9.1,1001,766,Agricultural,Clay,7.5,0.0,4.6,Unconfined,44.7,19.57
2021-12-27,Ballari,15.137375528461757,76.9069802131537,13.58,7.5,26.1,7.4,1249,10,Urban,Clay,5.0,0.0,4.0,Confined,4.8,13.85
2022-11-28,Doddaballapura,13.304505786590596,77.54797441208954,36.75,81.1,32.1,8.2,911,470,Agricultural,Silty,8.7,0.0,0.1,Unconfined,29.7,35.83
2021-11-29,Devanahalli,13.218245210087431,77.70394695537448,13.75,86.8,33.9,8.6,803,564,Agricultural,Loam,24.4,0.0,7.0,Confined,22.1,12.66
2023-08-22,Hassan,13.010148975363954,76.11836624776487,26.38,210.6,29.6,7.8,220,136,Urban,Loam,17.6,0.0,1.5,Unconfined,0.6,22.56
2022-04-11,Hunasuru,12.297135962408095,76.29046916573411,33.85,27.9,35.2,7.9,1196,346,Agricultural,Loam,2.9,0.0,9.7,Unconfined,33.5,34.02
2022-05-23,Mangaluru,12.921388716103392,74.85758721834392,19.18,21.9,36.9,8.1,683,23,Agricultural,Sandy,9.3,0.38,6.0,Confined,37.5,19.48
2022-10-07,Hassan,13.00029244712736,76.11241233669604,24.07,47.1,26.9,5.7,828,262,Urban,Silty,17.8,0.0,6.9,Unconfined,5.3,23.47
2022-05-15,Athani,16.731479786337662,75.0635328479955,9.92,23.7,38.0,8.2,1331,393,Agricultural,Clay,21.3,0.0,9.0,Unconfined,40.5,10.26
2022-03-30,Mandya,12.504726754108567,76.89586762478453,24.81,20.7,30.4,7.3,519,470,Agricultural,Loam,16.8,0.0,6.4,Unconfined,57.1,25.33
2024-06-08,Bagalkote,16.17641668413974,75.70217689546087,36.28,185.0,31.4,7.0,585,44,Urban,Sandy,24.8,0.0,2.7,Confined,0.4,32.93
2024-03-31,Hubballi,15.36899857974782,75.1273304540075,15.48,34.1,29.6,6.6,358,440,Urban,Clay,15.9,0.0,6.8,Confined,7.7,15.21
2024-07-28,Athani,16.738714873508265,75.0770602414314,26.08,149.3,24.3,7.2,1031,711,Agricultural,Silty,23.6,0.0,8.7,Confined,25.3,23.71
2024-01-18,Sirsi,14.61484052622775,74.85997874330936,14.21,16.8,24.2,5.6,680,415,Agricultural,Sandy,10.5,0.0,14.0,Confined,50.4,14.66
2024-05-16,Kollegala,12.124480029475675,77.11410626159469,31.31,7.5,37.8,7.8,505,56,Agricultural,Sandy,11.8,0.0,11.4,Unconfined,37.8,31.93
2022-02-23,Madikeri,12.410024875342303,75.74930486984464,35.51,7.9,26.5,5.5,472,620,Agricultural,Silty,19.1,0.0,14.6,Confined,42.2,36.05
2023-02-24,Kolar,13.14006209563287,78.1480448645287,8.11,11.7,20.3,4.7,1410,91,Urban,Loam,12.0,0.0,8.6,Unconfined,1.8,8.13
2023-07-27,Sanduru,15.085538079883035,76.52977112929754,20.71,245.7,24.1,7.1,484,156,Agricultural,Sandy,3.2,0.0,9.2,Unconfined,41.8,16.57
2025-07-12,Puttur,12.76726445920619,75.21375510186985,11.8,161.3,25.2,5.5,463,134,Urban,Sandy,8.1,0.75,8.5,Unconfined,26.8,9.04
2022-03-23,Sagara,14.150630508374888,75.03696996949692,21.74,35.7,28.2,8.5,920,470,Agricultural,Silty,22.7,0.0,13.2,Unconfined,29.0,21.74
2022-12-30,Sakleshpura,12.976173062302273,75.7995447186743,22.64,4.5,23.0,6.9,242,634,Agricultural,Loam,19.6,0.0,11.4,Unconfined,54.7,23.44
2022-03-05,Udupi,13.325731669556472,74.74043373988196,23.3,24.1,29.2,6.8,1396,567,Urban,Sandy,10.0,0.93,11.9,Unconfined,18.0,23.25
2022-11-06,Raichur,16.2045479604387,77.33978541250569,15.51,94.4,31.7,8.1,1216,204,Urban,Silty,17.5,0.0,4.2,Confined,4.7,14.07
2021-01-11,Chitradurga,14.227806339332172,76.40297978584033,11.36,19.9,29.5,7.6,773,47,Urban,Loam,15.7,0.0,1.7,Confined,9.4,11.44
2020-10-29,Puttur,12.769022827523713,75.22168613286178,25.47,79.0,31.1,6.6,1468,759,Agricultural,Clay,18.0,-0.99,5.7,Confined,17.9,24.5
2020-12-21,Tumakuru,13.357228393190882,77.10566225247925,33.42,13.7,22.4,6.2,788,23,Urban,Sandy,16.1,0.0,3.6,Confined,2.7,33.48
2024-01-10,Sirsi,14.626988170784728,74.8259493809052,5.05,14.6,29.5,6.0,894,780,Agricultural,Sandy,17.3,0.0,7.7,Confined,24.4,5.3
2023-08-16,Karwar,14.821287690829932,74.12918356265799,12.05,172.3,26.4,7.3,685,288,Agricultural,Clay,21.2,-0.2,10.7,Confined,5.9,9.05
2024-03-10,Madikeri,12.40977599647548,75.74582656514765,18.49,8.9,39.3,9.9,103,529,Agricultural,Loam,1.2,0.0,10.1,Confined,24.6,19.05
2023-11-07,Mandya,12.519114059359136,76.9060599052133,32.96,22.3,32.2,7.8,110,448,Agricultural,Sandy,3.3,0.0,11.9,Unconfined,40.7,33.31
2023-11-23,Ballari,15.13502985059357,76.92182206265005,7.95,53.8,24.3,6.6,707,540,Urban,Clay,8.5,0.0,8.3,Unconfined,7.1,7.28
2025-02-01,Madikeri,12.423663421471707,75.7381810611906,12.51,18.1,20.8,5.2,911,197,Agricultural,Loam,5.6,0.0,6.2,Unconfined,58.1,12.99
2021-12-28,Sringeri,13.414706297365816,75.25559221496363,8.39,7.2,24.6,6.8,1321,126,Agricultural,Loam,15.4,0.0,9.6,Unconfined,58.3,9.17
2022-07-01,Chikkamagaluru,13.307588683437496,75.77568910610849,30.57,173.3,31.5,7.4,101,615,Agricultural,Clay,13.4,0.0,6.0,Confined,26.0,27.73
2023-07-06,Kollegala,12.137756791867032,77.09714781891678,26.15,126.5,29.0,8.6,1075,34,Agricultural,Loam,15.5,0.0,9.0,Confined,36.2,24.41
2021-07-20,Kolar,13.156788706743715,78.13024478788802,5.33,212.2,29.0,6.7,565,717,Urban,Loam,21.3,0.0,11.2,Confined,3.8,1.46
2025-04-04,Ballari,15.140039021203872,76.92878685438183,26.12,1.0,30.4,8.0,1188,604,Urban,Silty,17.4,0.0,14.7,Unconfined,1.8,26.52
2023-09-02,Kollegala,12.165395880942222,77.11710238702143,21.61,180.1,31.1,6.8,1049,510,Agricultural,Sandy,12.5,0.0,10.7,Confined,34.1,18.69
2023-04-10,Doddaballapura,13.296248060393165,77.54665362545606,35.68,28.3,38.6,8.7,625,423,Agricultural,Silty,15.2,0.0,6.3,Unconfined,45.1,36.0
2024-03-28,Badami,15.921593581554484,75.65875938318726,33.31,20.2,32.8,8.4,397,257,Agricultural,Loam,17.2,0.0,12.2,Unconfined,43.7,33.76
2024-11-04,Sagara,14.157331471743518,75.037028437925,24.07,73.8,31.9,7.8,337,237,Agricultural,Sandy,8.6,0.0,5.4,Unconfined,26.4,23.25
2021-07-15,Puttur,12.780072142273605,75.21285872657641,33.19,67.2,30.9,6.7,1169,495,Agricultural,Sandy,15.0,0.66,1.8,Unconfined,19.8,32.31
2023-07-04,Tumakuru,13.340364072382034,77.10025061265776,36.39,237.7,31.4,6.8,611,466,Urban,Loam,21.0,0.0,5.2,Unconfined,3.0,32.01
2023-02-16,Mysuru,12.303772639080009,76.64358963671997,35.42,16.3,25.2,7.3,895,410,Urban,Silty,11.8,0.0,3.9,Unconfined,7.8,35.54
2021-12-04,Madikeri,12.412760958578739,75.74755386608878,24.98,1.6,20.5,4.8,1466,584,Agricultural,Clay,18.0,0.0,8.7,Unconfined,33.4,25.52
2021-08-15,Kolar,13.149722397118012,78.13619344043381,33.45,108.0,30.7,8.3,611,467,Urban,Silty,23.4,0.0,4.5,Confined,7.9,31.78
2022-07-14,Sirsi,14.630373662675948,74.843532792934,39.03,176.9,30.7,6.7,1369,425,Agricultural,Silty,24.4,0.0,7.0,Unconfined,56.3,36.39
2021-02-17,Kundapura,13.626385551346546,74.67580370590916,29.14,4.6,27.7,6.0,837,45,Agricultural,Silty,19.6,0.69,7.3,Confined,10.8,29.39
2022-01-12,Haveri,14.790548008409894,75.40307278343921,21.35,19.6,28.5,7.9,780,745,Agricultural,Clay,24.9,0.0,6.4,Confined,29.8,21.65
2021-08-26,Davanagere,14.462870957967954,75.92923926052588,28.06,68.4,29.3,8.0,973,94,Urban,Loam,1.6,0.0,9.8,Unconfined,5.0,27.14
2021-02-18,Anekal,12.735312018449198,77.70502651958081,28.19,1.1,20.6,4.5,118,362,Urban,Silty,3.5,0.0,9.1,Unconfined,6.0,28.45
2021-02-22,Mangaluru,12.89710522479473,74.85766132462831,23.9,11.7,21.7,5.2,1125,448,Urban,Clay,24.2,-0.31,8.6,Unconfined,20.5,24.16
2024-05-26,Sirsi,14.639103408350254,74.82886936842684,23.32,35.1,30.7,6.4,936,407,Agricultural,Loam,24.7,0.0,12.9,Unconfined,41.3,23.35
2020-12-13,Madikeri,12.427157908803963,75.74551689235874,35.75,19.4,25.6,6.0,491,10,Agricultural,Loam,22.2,0.0,12.2,Unconfined,25.2,35.91
2020-12-08,Sanduru,15.071709399262103,76.5616753764139,24.68,16.0,25.6,6.3,491,450,Agricultural,Sandy,14.3,0.0,7.6,Confined,27.2,24.95
2022-07-05,Athani,16.716207025161594,75.05468575025203,34.46,158.2,24.2,6.4,1431,478,Agricultural,Silty,10.7,0.0,0.9,Unconfined,45.7,32.07
2021-11-30,Shivamogga,13.92274765976476,75.56303659094954,11.78,80.1,32.1,9.2,1175,153,Urban,Loam,9.8,0.0,0.7,Unconfined,7.3,10.71
2023-09-17,Hassan,12.998770690901484,76.07842165896976,39.07,101.3,27.1,5.6,266,246,Urban,Sandy,6.9,0.0,11.4,Unconfined,3.2,37.36
2023-03-11,Puttur,12.779771485017918,75.20668032464982,14.26,5.8,32.7,9.3,1319,154,Agricultural,Loam,13.0,-0.34,10.0,Confined,6.7,14.71
2020-11-23,Doddaballapura,13.271514161309886,77.53699526370806,29.01,87.7,30.6,7.9,261,687,Agricultural,Loam,2.9,0.0,2.2,Confined,23.7,27.89
2021-03-27,Sirsi,14.622627945072367,74.85931514504729,8.6,1.5,40.8,9.2,752,274,Agricultural,Loam,24.6,0.0,7.9,Unconfined,22.6,9.26
2024-02-10,Ballari,15.134455191852304,76.92731526455115,7.45,13.1,22.6,4.7,259,588,Urban,Clay,12.8,0.0,2.3,Unconfined,6.3,7.49
2022-01-03,Madikeri,12.425148704069132,75.75666808029347,20.98,5.3,26.3,7.2,508,154,Agricultural,Silty,10.4,0.0,12.1,Confined,22.0,21.45
2023-07-01,Devanahalli,13.221763381023468,77.71330754809065,20.31,196.5,25.1,7.1,1307,428,Agricultural,Sandy,20.3,0.0,14.7,Unconfined,30.8,17.04
2022-02-10,Puttur,12.771707429350911,75.20925450121777,18.21,3.8,29.8,7.1,1336,274,Agricultural,Sandy,7.5,-0.33,10.1,Confined,17.6,18.7
2021-08-28,Sagara,14.17224703514502,75.03487037842321,7.75,227.9,23.0,6.7,1112,452,Agricultural,Loam,12.1,0.0,2.1,Confined,59.5,4.12
2023-05-17,Sirsi,14.614738472908682,74.83330164116626,36.95,22.8,34.5,7.9,185,571,Agricultural,Clay,5.6,0.0,2.3,Unconfined,43.2,37.32
2021-05-01,Hassan,13.00151590905915,76.09851371898371,39.87,49.6,31.8,9.5,195,387,Urban,Silty,7.8,0.0,6.5,Confined,6.7,39.42
2020-10-23,Puttur,12.759490896259601,75.2210848412118,22.68,81.9,27.2,6.2,972,462,Agricultural,Clay,23.4,-0.9,2.3,Confined,24.2,21.68
2024-12-17,Hubballi,15.351637011085101,75.12332968673938,32.74,12.9,22.7,6.5,1039,425,Urban,Silty,19.7,0.0,6.0,Confined,5.8,32.87
2023-06-26,Mysuru,12.290554767984455,76.63573348093661,36.49,234.5,26.8,6.6,1098,449,Urban,Clay,20.7,0.0,7.5,Unconfined,5.1,32.18
2025-04-26,Mandya,12.512913438292513,76.90867896889569,26.49,36.1,41.7,11.2,818,287,Agricultural,Silty,10.7,0.0,13.5,Unconfined,34.1,26.67
2020-12-28,Davanagere,14.470279592707678,75.91698687780284,26.36,10.4,29.2,7.2,893,505,Urban,Silty,16.0,0.0,6.2,Unconfined,4.0,26.55
2021-07-09,Hunasuru,12.302804182116652,76.29468058237738,29.1,213.6,27.3,8.1,998,250,Agricultural,Clay,18.9,0.0,2.1,Unconfined,33.9,25.57
2023-01-30,Kolar,13.13589974221985,78.12606375105925,5.74,11.0,26.0,5.3,272,521,Urban,Sandy,2.0,0.0,14.4,Confined,9.8,5.88
2023-06-26,Madikeri,12.43203164118916,75.73748801806094,22.91,97.6,30.1,8.2,1134,795,Agricultural,Loam,6.0,0.0,4.4,Unconfined,55.9,21.93
2020-10-30,Bengaluru North,13.027075938844629,77.59748390770119,35.54,78.3,29.4,6.6,527,520,Urban,Sandy,23.6,0.0,10.5,Confined,1.1,34.31
2023-08-06,Chitradurga,14.2230903016598,76.39985602025732,8.08,227.3,31.3,7.7,181,685,Urban,Silty,2.4,0.0,4.2,Confined,5.6,3.97
2022-12-18,Bengaluru North,13.02766688731919,77.60925257775588,12.68,13.5,23.4,6.0,493,412,Urban,Loam,10.5,0.0,13.6,Confined,3.4,12.74
2024-08-05,Kollegala,12.144578554039319,77.1124318874886,28.19,241.7,26.0,5.3,1002,760,Agricultural,Clay,9.9,0.0,12.6,Unconfined,23.6,23.86
2023-07-15,Yadgir,16.783286840200603,77.13805479690512,35.31,80.8,29.8,7.0,671,330,Agricultural,Clay,17.3,0.0,6.3,Confined,31.7,34.36
2025-02-17,Athani,16.725609129446518,75.07640361949304,27.03,0.1,25.1,6.6,311,396,Agricultural,Loam,18.7,0.0,7.6,Confined,33.3,27.69
2025-01-02,Hunasuru,12.322632842349535,76.28597237441325,23.78,3.7,29.6,8.3,1471,456,Agricultural,Clay,14.7,0.0,2.3,Confined,28.0,24.4
2024-12-20,Anekal,12.707289517781602,77.6719917490585,11.37,5.5,23.8,5.1,662,149,Urban,Silty,20.4,0.0,9.0,Unconfined,9.6,11.61
2023-05-06,Raichur,16.23268714604325,77.34947720264836,38.08,35.9,30.8,8.7,135,350,Urban,Silty,23.6,0.0,2.1,Unconfined,1.9,37.82
2023-12-09,Ballari,15.143523046874426,76.92394194941465,39.17,10.2,26.7,6.9,894,460,Urban,Clay,18.8,0.0,2.3,Unconfined,7.1,39.38
2024-07-30,Karwar,14.793342806360151,74.11423152166168,9.86,239.1,25.4,6.4,1453,374,Urban,Clay,24.6,0.03,10.9,Confined,38.2,5.78
2023-12-19,Puttur,12.767505204706703,75.22413924461712,26.82,19.0,21.2,5.4,1232,664,Forest,Silty,13.5,0.49,10.0,Confined,28.3,26.94
2024-11-27,Madikeri,12.430890307287475,75.73615665712998,38.52,47.9,33.6,8.7,766,633,Agricultural,Clay,7.9,0.0,9.0,Confined,26.3,38.26
2022-04-28,Kollegala,12.142284641552033,77.13299753289742,7.43,43.9,41.9,10.4,1329,364,Agricultural,Loam,12.1,0.0,12.6,Unconfined,23.4,7.31
2020-10-03,Raichur,16.218206492012527,77.36578949600387,5.43,30.0,28.0,8.3,880,444,Urban,Clay,8.4,0.0,5.9,Confined,4.2,5.29
2021-03-31,Gokak,16.163250656666193,74.836356578749,30.7,5.5,39.0,9.2,1496,398,Urban,Silty,4.2,0.0,10.9,Confined,9.9,31.15
2024-09-13,Kollegala,12.137767018385087,77.124342611742,15.52,154.7,30.9,6.5,772,220,Agricultural,Sandy,1.8,0.0,7.9,Unconfined,38.9,13.14
2023-09-28,Sanduru,15.090775149384937,76.54996238915903,28.92,111.1,27.5,5.9,577,285,Agricultural,Sandy,21.3,0.0,6.6,Confined,21.3,27.21
2021-09-13,Hunasuru,12.31077460084642,76.29978267528165,26.79,91.9,24.3,6.4,1319,337,Agricultural,Silty,11.4,0.0,14.1,Confined,25.5,25.53
2023-07-24,Chitradurga,14.229633363709826,76.39170573638383,24.29,192.2,26.0,6.9,209,522,Urban,Sandy,11.0,0.0,7.5,Confined,2.7,20.82
2023-08-04,Anekal,12.693783163847604,77.6932298465771,26.42,157.8,22.1,5.9,754,271,Urban,Silty,23.8,0.0,12.2,Unconfined,9.0,23.65
2023-06-14,Raichur,16.195048183956878,77.3491999462462,32.72,241.8,28.9,7.0,1057,17,Urban,Loam,16.0,0.0,12.9,Unconfined,8.2,28.32
2022-07-29,Sanduru,15.091909341496562,76.54672816658757,35.9,211.5,24.0,7.2,1358,474,Agricultural,Clay,10.9,0.0,11.3,Confined,25.1,32.28
2023-10-29,Puttur,12.764272081791532,75.21786192499856,11.86,90.1,27.8,8.2,1292,583,Urban,Loam,6.9,0.25,2.2,Confined,39.6,10.84
2024-11-26,Bagalkote,16.189187680088388,75.71568844294538,6.71,35.9,24.5,6.4,501,706,Urban,Silty,22.0,0.0,11.8,Confined,2.2,6.33
2023-03-19,Kolar,13.153598223382758,78.1333554673088,18.26,22.8,31.8,8.2,1314,284,Urban,Sandy,21.1,0.0,4.9,Unconfined,7.1,18.29
2021-02-16,Bagalkote,16.17608171028281,75.70068320758831,35.27,9.1,29.7,7.0,891,520,Urban,Silty,8.5,0.0,12.7,Confined,5.1,35.49
2024-04-24,Haveri,14.795197587669815,75.40737690628669,28.33,8.8,29.9,6.1,1429,108,Agricultural,Sandy,13.4,0.0,11.0,Confined,42.2,28.88
2023-03-23,Haveri,14.780193766069738,75.40701358895242,28.73,32.7,34.8,10.4,1130,134,Agricultural,Sandy,5.0,0.0,2.1,Unconfined,29.6,28.89
2023-12-24,Hassan,13.014677493978034,76.08495946415171,39.12,1.6,22.2,5.8,536,643,Urban,Sandy,22.6,0.0,3.0,Unconfined,6.6,39.44
2022-06-27,Raichur,16.208623505710573,77.34921889093977,36.97,210.1,24.9,5.9,326,307,Urban,Loam,8.5,0.0,0.4,Confined,9.8,33.16
2025-01-07,Mysuru,12.293949579424304,76.62973615277333,10.11,5.8,20.9,4.6,214,570,Urban,Loam,13.5,0.0,6.3,Unconfined,7.5,10.3
2021-04-16,Puttur,12.749782180072586,75.21517177494117,20.87,45.4,28.4,8.2,1385,576,Urban,Loam,16.0,-0.81,5.7,Unconfined,36.1,20.81
2022-08-08,Mangaluru,12.910311998931366,74.85891807827561,22.67,168.7,27.3,6.5,827,338,Urban,Silty,13.5,0.32,6.7,Confined,39.7,19.99
2024-06-09,Kundapura,13.634861679352257,74.70314900985808,10.6,178.4,24.7,6.7,1428,615,Agricultural,Clay,16.1,-0.93,14.1,Unconfined,34.7,7.81
2024-12-19,Anekal,12.726704860026247,77.69759081925032,11.07,1.2,25.2,7.5,1469,239,Urban,Silty,11.6,0.0,5.0,Unconfined,1.2,11.43
2022-12-24,Hunasuru,12.298723147214956,76.28626027443656,10.96,8.9,20.6,4.7,408,343,Agricultural,Sandy,5.1,0.0,6.7,Unconfined,47.4,11.49
2021-07-06,Kundapura,13.636925005043608,74.69862442841011,8.15,60.1,26.1,5.7,1298,703,Forest,Sandy,2.7,0.42,3.7,Unconfined,21.8,7.41
2024-06-30,Chitradurga,14.221520042679252,76.37692261897203,16.56,95.5,24.1,5.0,1430,501,Urban,Loam,20.5,0.0,9.6,Confined,3.9,14.94
2021-02-26,Shivamogga,13.928877038223794,75.56215070810087,16.21,15.6,26.4,6.1,1328,52,Urban,Clay,19.1,0.0,4.2,Unconfined,3.0,16.23
2021-12-28,Gokak,16.15685186398806,74.828457791897,16.19,8.6,29.0,8.4,164,387,Urban,Clay,19.3,0.0,10.6,Unconfined,3.7,16.48
2025-09-17,Athani,16.743213534357782,75.0600923086877,13.9,103.9,22.7,5.3,247,174,Agricultural,Loam,10.5,0.0,8.2,Unconfined,25.2,12.34
2025-07-20,Kundapura,13.627621511533157,74.69587183661113,28.67,248.6,22.5,6.6,478,453,Urban,Loam,1.1,-0.53,4.8,Unconfined,33.1,24.41
2022-11-18,Mysuru,12.299748056842109,76.64091554183766,26.47,50.0,32.3,9.1,1194,441,Urban,Silty,9.4,0.0,13.7,Unconfined,5.9,25.98
2024-09-08,Bagalkote,16.168110270126103,75.69441679623017,5.04,168.5,23.8,6.0,1470,170,Urban,Silty,8.5,0.0,11.2,Unconfined,6.9,2.04
2025-06-07,Sakleshpura,12.958836545126902,75.79875318213766,38.82,144.0,26.9,6.9,1166,226,Agricultural,Silty,6.6,0.0,0.8,Confined,41.7,36.7
2022-11-25,Ballari,15.145900790762868,76.91913304623478,32.11,42.5,27.0,7.4,112,40,Urban,Sandy,17.8,0.0,5.8,Confined,1.8,31.65
2020-12-27,Kundapura,13.634367962502727,74.68727483833115,15.32,0.7,20.1,4.5,1303,497,Agricultural,Loam,7.8,-0.38,1.3,Unconfined,33.3,15.9
2021-03-31,Chitradurga,14.227409869967458,76.40092528205454,30.65,10.0,29.6,6.8,1383,728,Urban,Clay,19.8,0.0,8.7,Unconfined,1.5,30.8
2022-07-01,Badami,15.925939322020373,75.67634758039245,13.71,141.6,24.6,5.2,1099,756,Agricultural,Clay,23.6,0.0,13.7,Unconfined,44.8,11.59
2022-12-22,Hassan,13.018663120672787,76.08916959447966,32.64,15.8,25.1,6.4,1111,280,Urban,Clay,21.3,0.0,13.5,Confined,8.5,32.73
2024-12-06,Sringeri,13.415098150221427,75.24430444621254,31.67,7.0,29.7,8.9,597,454,Agricultural,Clay,9.3,0.0,13.6,Confined,43.1,32.41
2021-01-15,Sanduru,15.076529553507546,76.56686512965103,7.19,10.3,23.3,5.2,1030,317,Agricultural,Sandy,3.1,0.0,1.8,Unconfined,31.0,7.55
2021-04-27,Bengaluru North,13.054356248555788,77.6044697695808,21.34,22.4,40.1,11.9,1031,483,Urban,Loam,15.2,0.0,13.8,Unconfined,6.4,21.55
2022-04-08,Ballari,15.14426652970458,76.9164739487426,27.52,41.1,41.0,12.2,801,515,Urban,Loam,15.7,0.0,7.3,Confined,5.1,27.36
2025-02-15,Badami,15.90474992832294,75.68793124088674,12.21,14.7,24.5,6.4,606,522,Agricultural,Loam,6.8,0.0,1.1,Unconfined,57.1,12.81
2022-04-15,Sagara,14.172041465424813,75.04328632333994,35.56,42.1,41.9,10.0,610,556,Agricultural,Sandy,4.3,0.0,6.3,Unconfined,51.4,35.73
2022-07-26,Mysuru,12.301318514112173,76.63084817494794,20.93,137.7,29.1,7.2,1377,34,Urban,Sandy,2.2,0.0,5.1,Unconfined,3.3,18.57
2024-09-17,Bagalkote,16.188535652123768,75.69419930805626,15.57,242.4,31.1,9.2,1010,436,Urban,Sandy,11.4,0.0,9.7,Unconfined,4.0,11.22
2022-08-19,Mandya,12.50487255236325,76.90151240673603,31.91,216.2,23.3,5.0,523,208,Agricultural,Silty,1.9,0.0,8.8,Unconfined,21.7,28.05
2023-04-27,Kundapura,13.635974604997557,74.66803742668543,27.35,18.0,29.2,7.6,280,535,Urban,Sandy,21.1,-0.14,3.6,Confined,9.8,27.48
2021-12-07,Shivamogga,13.917025853935698,75.55858797671873,20.12,16.7,25.0,6.7,468,263,Urban,Silty,7.2,0.0,11.4,Unconfined,0.8,20.13
2024-08-13,Hassan,13.018099927851898,76.09985672297873,18.19,65.8,25.0,6.7,706,374,Urban,Loam,11.5,0.0,2.8,Unconfined,4.2,17.25
2021-05-25,Hunasuru,12.317839671622167,76.30101070170718,36.87,40.0,31.3,8.7,636,671,Agricultural,Sandy,18.9,0.0,8.0,Confined,52.5,37.03
2022-12-23,Mangaluru,12.917617377641958,74.84755362786912,13.43,9.9,27.6,6.0,821,727,Urban,Sandy,17.9,0.87,3.9,Confined,23.9,13.68
2025-04-22,Shivamogga,13.921766969870689,75.58566613897185,23.43,38.5,36.0,7.6,589,733,Urban,Sandy,18.2,0.0,8.5,Unconfined,6.3,23.1
2025-09-16,Yadgir,16.746312338606284,77.15135494626243,8.98,134.9,29.5,6.0,1354,346,Agricultural,Clay,10.9,0.0,3.7,Unconfined,31.7,6.9
2023-06-08,Mangaluru,12.931018064631077,74.86253817030985,33.32,117.7,26.4,6.2,442,583,Agricultural,Silty,10.4,0.3,9.0,Unconfined,13.2,31.38
2023-04-05,Mandya,12.512507413542309,76.88443284010063,11.4,23.1,32.5,7.2,905,797,Agricultural,Loam,18.2,0.0,13.3,Confined,35.4,11.65
2020-11-04,Gokak,16.139879982702013,74.83804287366748,25.27,50.2,26.8,7.8,456,487,Urban,Loam,10.3,0.0,3.2,Confined,4.5,24.7
2025-03-21,Hunasuru,12.331826241334253,76.27182247080269,27.56,47.1,31.3,8.0,129,386,Agricultural,Sandy,6.8,0.0,5.6,Confined,48.8,27.51
2022-02-28,Bagalkote,16.183538201958818,75.69835245387192,19.85,9.3,27.6,5.8,1257,81,Urban,Loam,23.0,0.0,13.3,Confined,5.7,20.01
2022-07-01,Hubballi,15.365116085482239,75.13770979943173,39.23,66.1,23.2,6.1,1059,486,Urban,Sandy,18.4,0.0,8.4,Confined,2.2,38.23
2023-12-01,Mandya,12.525303223611122,76.89960931735303,8.73,5.4,23.7,5.9,980,758,Agricultural,Clay,10.3,0.0,5.8,Confined,24.7,9.16
2022-01-15,Kollegala,12.150788912876656,77.13346751907179,16.81,19.9,26.2,6.8,147,520,Agricultural,Clay,8.7,0.0,13.7,Unconfined,26.3,17.02
2024-05-25,Devanahalli,13.24596724772648,77.69000426059672,39.56,35.2,33.3,8.0,437,465,Agricultural,Sandy,11.5,0.0,14.0,Unconfined,43.4,39.69
2021-07-08,Mysuru,12.294212257662126,76.62322707886133,12.41,139.7,30.5,9.1,870,107,Urban,Silty,5.8,0.0,8.9,Unconfined,0.5,10.08
2022-02-08,Hubballi,15.37136505583691,75.1400948556856,23.23,3.8,29.7,6.9,775,554,Urban,Clay,13.2,0.0,7.6,Unconfined,7.7,23.58
2023-01-12,Sagara,14.16727711926012,75.02368015181952,22.8,18.2,25.9,7.1,1410,99,Agricultural,Silty,11.7,0.0,12.9,Unconfined,44.1,23.23
2022-11-08,Kollegala,12.147342276276238,77.11529136249783,25.57,37.8,28.8,7.1,1231,288,Agricultural,Silty,13.3,0.0,7.5,Unconfined,52.8,25.7
2023-01-20,Devanahalli,13.223922842150822,77.70431382466109,23.19,19.3,20.5,4.8,659,127,Agricultural,Loam,16.3,0.0,9.5,Confined,29.8,23.34
2024-05-05,Sanduru,15.099904712540953,76.54173337772498,28.13,18.1,35.5,9.7,1341,624,Agricultural,Clay,2.1,0.0,8.7,Confined,22.1,28.47
2024-12-05,Davanagere,14.448197494585456,75.92492060591782,29.62,6.4,29.4,8.1,505,788,Urban,Sandy,24.7,0.0,4.8,Confined,8.0,29.98
2025-09-18,Kolar,13.134391978680275,78.13279502698597,27.84,71.5,27.1,6.5,1317,435,Urban,Silty,23.5,0.0,7.6,Unconfined,7.3,26.81
2023-01-20,Sagara,14.166928931216344,75.02537408888293,37.78,9.4,20.2,4.3,1441,788,Agricultural,Clay,5.1,0.0,6.7,Unconfined,57.0,38.38
2023-10-04,Chikkamagaluru,13.317578718624267,75.78851985159179,28.55,57.2,24.6,6.2,144,656,Agricultural,Loam,23.7,0.0,9.8,Unconfined,53.7,28.25
2024-04-29,Sagara,14.164589711571333,75.04104207769491,39.48,47.9,39.4,8.5,1350,463,Agricultural,Clay,21.6,0.0,8.7,Unconfined,21.1,39.16
2023-09-11,Chitradurga,14.221220145480094,76.40756528193367,29.37,95.8,29.6,7.1,802,103,Urban,Sandy,23.8,0.0,12.8,Unconfined,8.8,27.9
2023-09-30,Hunasuru,12.326944174490686,76.28610673577093,16.41,242.0,23.1,6.6,875,104,Agricultural,Silty,15.1,0.0,0.6,Confined,55.1,12.45
2024-12-03,Puttur,12.758168752354736,75.20032126238891,17.74,14.7,27.8,6.3,192,289,Agricultural,Loam,20.7,0.98,5.8,Unconfined,38.2,18.05
2022-11-07,Ballari,15.141958767299238,76.91605071326974,6.23,54.6,32.7,7.6,351,389,Urban,Silty,9.0,0.0,6.9,Unconfined,4.8,5.57
2023-03-01,Gokak,16.167240713075454,74.83215199060521,39.78,25.4,31.5,7.7,643,203,Urban,Silty,23.6,0.0,1.4,Unconfined,4.1,39.7
2021-06-22,Kollegala,12.16571955219684,77.1169739605247,31.71,146.2,30.5,6.9,503,159,Agricultural,Clay,17.6,0.0,14.8,Confined,35.5,29.49
2025-08-08,Sanduru,15.097828854155098,76.55648439477619,13.64,138.6,27.4,7.5,1409,499,Agricultural,Clay,12.0,0.0,12.3,Confined,25.4,11.5
2025-08-26,Mangaluru,12.897314697520754,74.86200773251318,17.73,213.4,28.6,6.3,1137,658,Forest,Loam,13.9,-0.99,11.7,Unconfined,28.9,14.16
2022-01-13,Sanduru,15.11181222819862,76.5375159158308,7.66,0.3,23.6,6.4,1313,250,Agricultural,Silty,12.0,0.0,0.3,Confined,22.2,8.2
2024-09-13,Gokak,16.154792294128708,74.8337303540224,29.39,231.0,31.7,6.7,214,285,Urban,Sandy,7.6,0.0,11.8,Confined,8.7,25.19
2023-06-28,Kollegala,12.162592932959498,77.11905924907624,14.92,174.7,28.9,6.4,1239,685,Agricultural,Silty,24.3,0.0,11.6,Confined,59.3,12.34
2021-12-09,Udupi,13.31872150623126,74.74538812472431,19.58,10.4,25.9,5.5,1165,364,Agricultural,Silty,9.0,0.08,12.6,Confined,26.7,19.91
2025-08-20,Devanahalli,13.242471148666894,77.70210987273387,25.97,141.7,22.3,5.4,571,725,Agricultural,Silty,3.6,0.0,13.1,Confined,44.4,23.85
2021-09-28,Hassan,12.996047627474708,76.11076068037504,24.5,246.9,31.2,8.7,1180,305,Urban,Silty,4.2,0.0,7.6,Unconfined,7.7,20.07
2022-06-24,Hunasuru,12.299551882560358,76.30855527939582,29.15,229.3,24.3,6.3,436,636,Agricultural,Clay,23.4,0.0,10.8,Unconfined,48.3,25.36
2023-12-07,Madikeri,12.403727381930345,75.73929370711284,13.14,18.4,22.5,5.3,1324,333,Agricultural,Silty,18.1,0.0,14.0,Unconfined,41.0,13.45
2020-12-08,Hubballi,15.342292622433849,75.10457592400816,30.28,11.0,26.4,5.5,362,552,Urban,Silty,6.9,0.0,13.4,Unconfined,5.3,30.39
2025-06-12,Chitradurga,14.227813885028361,76.40373781522213,29.03,66.6,31.6,8.9,750,169,Urban,Loam,21.5,0.0,3.1,Unconfined,5.3,28.2
2021-04-27,Madikeri,12.418213525943974,75.76795741458933,28.27,20.7,29.1,6.6,1196,750,Agricultural,Silty,19.9,0.0,7.9,Unconfined,48.3,28.67
2023-05-18,Sanduru,15.106604949257598,76.55090208490904,32.15,4.7,30.7,6.9,1219,609,Agricultural,Loam,15.1,0.0,10.3,Unconfined,29.0,32.69
2022-01-27,Hunasuru,12.326756909354183,76.27088804017997,6.65,3.6,27.5,5.8,862,268,Agricultural,Clay,12.3,0.0,14.0,Unconfined,41.8,7.29
2023-11-09,Chitradurga,14.212849113216825,76.39241919601179,6.47,72.7,29.6,7.6,658,94,Urban,Loam,13.0,0.0,11.5,Unconfined,0.1,5.4
2023-11-19,Hassan,13.010739013919448,76.09798064631053,34.71,54.0,27.1,6.0,1223,280,Urban,Sandy,11.7,0.0,10.9,Confined,2.7,33.96
2022-05-05,Chikkamagaluru,13.317759302838258,75.78176001905456,26.67,4.4,33.0,7.3,710,726,Agricultural,Sandy,11.3,0.0,3.8,Confined,24.0,27.19
2023-05-16,Davanagere,14.464655356667752,75.92341202302474,5.45,2.4,30.0,8.8,548,177,Urban,Silty,16.8,0.0,5.6,Confined,1.7,5.86
2024-04-17,Anekal,12.711958483322666,77.70554290587457,29.63,1.2,30.0,6.6,308,253,Urban,Clay,11.2,0.0,1.0,Confined,1.1,29.95
2021-11-13,Sakleshpura,12.96891022479637,75.77754809176267,26.32,82.3,30.3,8.5,802,602,Agricultural,Sandy,14.2,0.0,3.6,Unconfined,32.7,25.43
2023-08-08,Shivamogga,13.950476316468663,75.5658976668212,22.45,226.0,23.0,6.2,1310,276,Urban,Silty,6.4,0.0,8.2,Confined,6.0,18.3
2022-04-03,Gokak,16.17494823338662,74.83763377810588,10.46,17.4,40.0,9.5,1149,513,Urban,Clay,13.2,0.0,9.3,Unconfined,9.8,10.69
2022-06-09,Bengaluru North,13.023085936316079,77.60523575915047,14.53,229.6,24.7,6.1,374,235,Urban,Sandy,14.6,0.0,14.4,Confined,6.8,10.31
2025-06-02,Athani,16.725926849914913,75.05713366299557,9.38,218.6,30.9,8.8,139,255,Agricultural,Loam,3.6,0.0,13.3,Unconfined,21.5,5.66
2024-11-14,Tumakuru,13.341729895943438,77.11777068518188,29.41,48.7,24.6,5.8,1462,95,Urban,Clay,24.4,0.0,0.4,Unconfined,4.8,28.77
2022-12-22,Yadgir,16.79348766488379,77.13556003415601,11.98,0.1,25.8,6.2,589,767,Agricultural,Clay,16.4,0.0,7.7,Unconfined,38.5,12.67
2025-05-04,Sirsi,14.600901646607625,74.84240076754585,31.65,13.2,29.7,7.2,481,711,Agricultural,Sandy,15.9,0.0,14.4,Confined,32.1,32.07
2022-09-05,Mangaluru,12.900743016549752,74.85368478449942,30.98,159.8,30.6,9.0,995,379,Agricultural,Sandy,4.7,-0.68,0.6,Confined,10.3,28.41
2022-10-25,Devanahalli,13.228029974826072,77.70035221390144,30.51,54.2,29.2,7.7,1416,159,Agricultural,Sandy,2.7,0.0,2.1,Confined,26.7,30.08
2024-12-10,Athani,16.73156341152606,75.07524145224718,6.86,4.3,25.4,7.4,1075,515,Agricultural,Sandy,7.7,0.0,8.1,Confined,53.4,7.68
2020-11-17,Udupi,13.345351378256131,74.72983586291885,39.48,50.0,31.0,8.3,723,461,Agricultural,Loam,19.6,-0.74,7.9,Unconfined,14.0,39.11
2021-11-06,Raichur,16.2019131096344,77.36201473044713,8.84,70.4,27.2,6.0,896,145,Urban,Sandy,11.0,0.0,14.3,Unconfined,8.4,7.82
2022-05-13,Bagalkote,16.172019103000995,75.70111365015767,22.4,45.3,39.2,10.2,484,679,Urban,Silty,3.7,0.0,0.6,Confined,4.2,22.05
2022-08-05,Bagalkote,16.180083399706934,75.70627813976951,39.84,137.1,31.7,7.2,249,436,Urban,Silty,21.6,0.0,3.9,Confined,3.4,37.49
2021-11-19,Puttur,12.7615709942046,75.2097260243776,27.05,52.7,33.9,7.7,1070,294,Agricultural,Clay,16.0,0.46,4.7,Confined,32.0,26.66
2022-06-18,Mangaluru,12.910807492723105,74.8514689819106,11.83,246.9,28.8,6.9,1242,31,Forest,Clay,16.1,0.37,4.7,Confined,15.2,7.35
2021-01-20,Mangaluru,12.906143079143146,74.84139405582432,29.38,9.9,25.5,5.4,559,187,Agricultural,Sandy,3.2,-0.23,10.4,Unconfined,6.3,29.54
2021-07-17,Sakleshpura,12.962894213493811,75.78726780163107,11.63,134.4,22.0,6.2,376,715,Agricultural,Loam,4.8,0.0,7.1,Unconfined,49.9,9.75
2022-07-26,Mandya,12.508692652008035,76.89850573086433,19.65,104.8,23.7,5.9,254,547,Agricultural,Sandy,25.0,0.0,2.8,Confined,44.4,18.29
2021-11-07,Yadgir,16.754610721404102,77.13971143104769,22.46,21.9,24.0,5.8,1357,17,Agricultural,Silty,16.1,0.0,2.0,Confined,37.3,22.69
2024-07-06,Mandya,12.536407304021559,76.89302623749167,27.61,222.0,25.1,5.7,1175,172,Agricultural,Loam,6.8,0.0,4.3,Confined,23.3,23.69
2023-10-01,Hubballi,15.363251594646144,75.12678020493969,20.2,28.6,26.4,6.0,285,518,Urban,Silty,24.7,0.0,9.8,Confined,7.2,20.0
2021-01-23,Athani,16.742561544637393,75.0581104073993,15.62,18.0,28.1,8.3,578,185,Agricultural,Loam,6.2,0.0,5.0,Confined,23.0,15.91
2024-10-29,Raichur,16.205664401834856,77.36807346451843,11.64,29.2,27.6,6.8,239,245,Urban,Sandy,12.5,0.0,13.9,Unconfined,5.8,11.45
2024-08-11,Shivamogga,13.91916639210085,75.55749117184972,12.79,66.5,30.7,7.6,782,554,Urban,Clay,16.7,0.0,13.6,Unconfined,6.2,11.9
2023-10-14,Kolar,13.120106357843117,78.14593905322715,20.1,69.9,28.3,7.4,948,684,Urban,Loam,24.3,0.0,6.7,Confined,8.7,19.16
2025-08-03,Madikeri,12.42656671268501,75.75269229654066,8.84,214.0,28.5,6.6,1406,376,Agricultural,Sandy,4.2,0.0,10.0,Confined,26.4,5.15
2024-08-17,Davanagere,14.468348092701854,75.91360490648165,18.4,129.5,23.9,5.1,1330,320,Urban,Silty,1.9,0.0,2.6,Unconfined,5.7,16.12
2025-04-26,Mandya,12.506421393925372,76.89472454505297,20.27,0.9,35.7,8.3,1388,736,Agricultural,Clay,7.3,0.0,5.3,Confined,24.7,20.91
2021-04-15,Bagalkote,16.173017187405897,75.67871641165216,20.65,31.4,28.4,7.9,1429,20,Urban,Sandy,18.7,0.0,6.3,Confined,2.1,20.44
2025-02-09,Ballari,15.1444289705405,76.90890335483608,20.58,11.2,22.0,4.8,951,317,Urban,Loam,1.5,0.0,14.7,Confined,2.7,20.62
2020-10-19,Madikeri,12.412986391349891,75.75018403847228,25.76,26.5,28.3,8.4,876,302,Agricultural,Loam,9.5,0.0,14.0,Confined,41.4,26.06
2021-11-17,Chitradurga,14.22941010053991,76.39750475869178,5.64,69.9,30.2,6.4,298,692,Urban,Clay,4.3,0.0,1.6,Confined,7.2,4.63
2024-09-20,Tumakuru,13.34391563651096,77.10511434449364,27.92,132.0,27.3,6.2,480,786,Urban,Silty,3.8,0.0,9.4,Confined,6.9,25.66
2023-12-10,Sringeri,13.429022626040181,75.24964914382635,16.06,16.6,25.2,6.2,536,231,Agricultural,Silty,8.9,0.0,6.1,Confined,57.5,16.61
2023-04-28,Mysuru,12.29210689712463,76.66736110106035,20.78,49.5,28.7,6.6,280,730,Urban,Silty,19.1,0.0,7.1,Confined,3.8,20.16
2021-05-17,Mandya,12.52856548948967,76.88548107603691,6.56,48.5,34.1,8.6,523,471,Agricultural,Sandy,21.8,0.0,5.5,Confined,49.2,6.51
2021-04-21,Karwar,14.80077000138819,74.12938751858148,6.52,11.3,36.8,9.4,185,203,Urban,Silty,21.5,0.81,1.9,Confined,10.6,6.79
2021-07-07,Gokak,16.145452385899283,74.83462723429227,30.25,81.9,24.2,5.0,555,403,Urban,Loam,24.1,0.0,12.1,Confined,1.5,28.88
2023-08-01,Hassan,12.983422012268079,76.07985462771457,6.51,131.2,26.4,7.2,805,95,Urban,Sandy,21.0,0.0,12.3,Confined,5.3,4.3
2022-07-29,Badami,15.926936585607637,75.68958885069986,34.9,130.9,29.6,6.5,987,691,Agricultural,Clay,14.4,0.0,13.5,Confined,22.3,32.83
2023-11-25,Mysuru,12.302445396051075,76.63431245056957,31.12,64.8,25.1,6.4,1085,420,Urban,Sandy,19.7,0.0,13.0,Unconfined,7.6,30.22
2021-03-01,Haveri,14.796037782687865,75.41096357136384,26.07,38.6,31.1,6.3,703,480,Agricultural,Loam,15.4,0.0,1.1,Unconfined,30.5,25.92
2020-11-20,Hassan,13.008719332419542,76.09256355508279,35.77,83.2,33.1,8.5,277,343,Urban,Clay,4.7,0.0,10.7,Confined,6.5,34.6
2022-11-11,Hunasuru,12.313675225972553,76.28483971271785,11.88,78.7,30.6,9.0,668,470,Agricultural,Clay,18.3,0.0,0.4,Unconfined,39.0,11.15
2021-12-10,Davanagere,14.463310482832814,75.9312536245662,22.33,15.4,29.4,8.8,1128,713,Urban,Clay,3.2,0.0,4.7,Unconfined,5.0,22.51
2022-05-25,Mangaluru,12.91850242324964,74.8413289140974,32.73,37.3,32.2,7.5,135,197,Urban,Sandy,4.2,0.97,6.3,Unconfined,23.8,32.5
2025-03-11,Sanduru,15.08696781745902,76.5500870567015,23.97,21.7,31.0,8.6,374,685,Agricultural,Clay,23.2,0.0,5.7,Unconfined,56.5,24.53
2024-01-14,Yadgir,16.755186522848042,77.15231390660877,25.95,19.6,23.1,6.5,211,178,Agricultural,Clay,18.0,0.0,14.5,Confined,51.6,26.4
2021-12-05,Badami,15.908078353701182,75.68480245885418,19.58,3.9,27.3,7.6,449,422,Agricultural,Sandy,7.2,0.0,3.6,Confined,28.5,20.17
2022-11-02,Hunasuru,12.31425021189303,76.27731321801178,16.96,36.6,30.9,7.4,719,652,Agricultural,Silty,24.9,0.0,3.1,Unconfined,54.8,17.15
2023-07-05,Hunasuru,12.296146997723268,76.28466383970017,15.12,71.1,25.7,7.1,1312,386,Agricultural,Clay,21.3,0.0,7.0,Confined,27.4,14.33
2022-12-08,Haveri,14.791075413614033,75.42124883303804,39.63,4.5,29.1,7.7,144,581,Agricultural,Loam,4.4,0.0,5.7,Confined,50.9,40.43
2023-09-24,Mandya,12.514652783339008,76.89941271037185,33.52,135.2,29.1,8.7,844,19,Agricultural,Sandy,3.2,0.0,5.0,Unconfined,22.8,31.48
2022-04-27,Kollegala,12.156011637759994,77.1240451245844,22.62,14.8,33.4,8.9,1375,78,Agricultural,Loam,5.8,0.0,13.9,Unconfined,53.4,23.3
2023-12-03,Sirsi,14.60488826770161,74.85465290882343,9.53,0.9,25.6,7.6,892,234,Agricultural,Silty,9.9,0.0,2.0,Unconfined,39.4,10.29
2021-07-31,Raichur,16.20133980422712,77.34598167837065,20.43,110.3,27.5,7.3,216,765,Urban,Silty,19.9,0.0,13.3,Confined,5.5,18.64
2023-05-24,Athani,16.729964211685406,75.0534673581525,14.56,25.5,41.9,12.0,111,352,Agricultural,Clay,23.7,0.0,1.4,Confined,36.7,15.02
2023-11-28,Sirsi,14.61841109819194,74.82573072106428,17.94,54.7,26.9,5.8,390,562,Agricultural,Silty,9.7,0.0,9.0,Unconfined,38.8,17.52
2021-07-26,Sirsi,14.630695737019686,74.8322828219067,10.88,84.6,24.2,6.1,398,245,Agricultural,Sandy,5.5,0.0,13.5,Unconfined,57.2,10.07
2023-11-25,Yadgir,16.770120775533005,77.15160537744681,23.09,41.3,33.9,7.8,1386,419,Agricultural,Clay,18.2,0.0,6.2,Confined,34.6,23.0
2022-03-15,Bagalkote,16.186351612964764,75.6950944457279,9.68,33.9,36.1,9.9,509,408,Urban,Loam,13.1,0.0,8.5,Confined,2.5,9.52
2023-11-07,Chitradurga,14.222085195377916,76.39484219172705,8.59,34.4,30.4,7.6,1140,393,Urban,Sandy,24.5,0.0,9.4,Unconfined,2.4,8.31
2021-11-03,Udupi,13.335881911588634,74.74565301682185,6.78,88.9,24.9,6.5,1162,122,Agricultural,Loam,3.4,0.13,7.8,Confined,9.2,5.41
2022-10-12,Anekal,12.688523277305515,77.6988328344381,17.67,91.2,31.6,7.6,190,427,Urban,Silty,16.0,0.0,8.3,Confined,5.7,16.28
2023-11-21,Gokak,16.174731985453498,74.8505235865868,21.74,37.8,30.5,9.0,661,637,Urban,Sandy,7.3,0.0,2.0,Unconfined,8.6,21.52
2021-09-05,Mysuru,12.29964998362022,76.65954081608585,38.94,127.1,26.0,6.3,757,647,Urban,Clay,10.2,0.0,3.9,Unconfined,2.6,36.74
2023-07-13,Yadgir,16.772728222026124,77.14168461466512,36.26,104.1,28.0,7.8,994,424,Agricultural,Loam,4.9,0.0,8.2,Unconfined,28.9,34.86
2021-07-10,Chitradurga,14.22010386924344,76.39132873663613,35.02,51.0,28.1,5.6,788,632,Urban,Clay,11.8,0.0,3.3,Unconfined,9.7,34.38
2022-02-10,Madikeri,12.429219990029509,75.73737072614138,37.44,17.1,28.7,6.7,749,228,Agricultural,Silty,13.2,0.0,9.1,Confined,57.0,38.0
2023-10-17,Bagalkote,16.175353015030005,75.70005189364576,31.47,55.2,26.9,7.3,223,500,Urban,Clay,6.4,0.0,2.4,Unconfined,4.4,30.77
2025-06-12,Devanahalli,13.230291944427705,77.69920582130725,38.63,238.1,29.1,6.7,1463,704,Agricultural,Sandy,15.1,0.0,14.1,Unconfined,39.6,34.6
2021-09-29,Sakleshpura,12.968380044464611,75.79270882864766,38.56,177.7,26.3,7.4,102,380,Agricultural,Silty,14.2,0.0,2.4,Unconfined,49.8,35.87
2024-10-11,Davanagere,14.472692310498942,75.9100800577536,13.41,41.2,27.7,7.4,323,135,Urban,Loam,2.3,0.0,11.4,Confined,1.3,12.97
2025-04-26,Athani,16.725771280662318,75.07350113582866,16.33,20.9,31.6,7.5,1301,226,Agricultural,Silty,5.5,0.0,1.5,Confined,44.6,16.73
2021-10-31,Yadgir,16.773678669846717,77.12585292744797,6.56,41.5,30.5,9.0,527,406,Agricultural,Loam,10.0,0.0,8.4,Confined,53.9,6.72
2022-11-18,Udupi,13.34099425392249,74.73751570983966,17.55,58.5,27.0,6.8,1282,555,Urban,Silty,23.8,-0.31,10.9,Confined,34.0,17.09
2024-08-16,Shivamogga,13.915192558339085,75.577991879249,15.69,136.9,23.1,5.5,468,660,Urban,Loam,12.9,0.0,3.6,Unconfined,3.4,13.26
2021-05-26,Haveri,14.79072866569692,75.41405178111376,31.22,20.2,28.1,7.9,998,589,Agricultural,Clay,18.0,0.0,3.7,Unconfined,54.7,31.76
2024-11-02,Bengaluru North,13.018126583512007,77.60460013711547,14.09,68.2,32.0,8.0,1025,207,Urban,Silty,21.3,0.0,0.5,Confined,0.0,13.13
2025-07-07,Mandya,12.51416985528378,76.90892011917431,23.47,63.7,23.1,5.1,838,359,Agricultural,Silty,4.5,0.0,6.7,Unconfined,53.2,22.98
2025-08-16,Hassan,13.010389650683722,76.09415452477668,7.24,78.2,31.3,7.6,1236,283,Urban,Sandy,3.8,0.0,1.4,Confined,2.3,6.08
2023-07-25,Devanahalli,13.225623112223568,77.70123311930837,25.45,132.9,30.1,7.3,113,543,Agricultural,Clay,19.0,0.0,10.5,Unconfined,22.9,23.39
2025-05-03,Gokak,16.1601916532179,74.83981510881121,9.17,0.0,31.4,7.6,223,407,Urban,Clay,6.6,0.0,12.7,Confined,7.0,9.62
2024-06-29,Ballari,15.156679990074728,76.89614813606939,33.84,172.4,23.3,6.4,226,53,Urban,Clay,3.3,0.0,0.4,Confined,2.5,30.74
2025-01-14,Kundapura,13.639278902653274,74.68911953504141,36.54,10.6,21.6,6.3,452,495,Forest,Loam,12.1,-0.62,2.2,Confined,31.4,37.02
2021-10-12,Karwar,14.816281001192275,74.14571181417658,30.94,82.8,27.6,5.9,1241,496,Agricultural,Sandy,21.0,0.85,1.1,Confined,37.3,29.87
2022-07-15,Sanduru,15.104206952627779,76.54727918228092,26.63,243.9,28.6,6.1,680,642,Agricultural,Silty,16.0,0.0,0.4,Confined,29.2,22.35
2023-11-04,Doddaballapura,13.28070995801657,77.53550943829732,28.92,52.8,31.5,8.6,609,742,Agricultural,Loam,4.5,0.0,13.8,Confined,40.0,28.69
2025-05-24,Sakleshpura,12.979457257605405,75.78464263075688,8.26,17.2,34.2,8.0,1086,717,Agricultural,Silty,23.5,0.0,1.6,Confined,23.2,8.55
2025-01-06,Davanagere,14.472867691959063,75.90350423603037,31.41,18.5,23.8,5.4,240,776,Urban,Loam,13.8,0.0,11.0,Confined,2.9,31.34
2023-04-22,Anekal,12.703196928894284,77.6923394791695,26.4,34.0,29.5,7.4,1416,53,Urban,Clay,8.8,0.0,6.6,Confined,1.3,26.1
2020-11-07,Bengaluru North,13.025883910142266,77.57454371143004,19.79,91.0,25.1,5.2,340,490,Urban,Sandy,5.7,0.0,11.8,Unconfined,8.9,18.32
2025-07-18,Shivamogga,13.917139403301963,75.57767717747576,21.08,133.1,30.2,8.9,1045,36,Urban,Sandy,10.8,0.0,4.8,Confined,6.8,18.93
2021-12-29,Kundapura,13.624158207621916,74.69740914915806,10.28,10.7,24.5,5.8,638,528,Urban,Loam,21.4,-0.99,3.2,Unconfined,29.7,10.75
2021-07-04,Gokak,16.158360420741417,74.85330840889084,26.66,160.2,29.6,6.6,601,629,Urban,Sandy,22.1,0.0,5.8,Confined,7.1,23.86
2025-06-01,Mangaluru,12.909525662609598,74.84852646159526,5.27,74.0,29.9,8.8,227,634,Urban,Silty,23.1,-0.8,12.5,Unconfined,20.1,4.51
2023-11-26,Puttur,12.772168549585578,75.20639167063294,24.96,44.7,24.2,5.7,523,608,Agricultural,Sandy,15.9,-0.87,9.4,Confined,8.4,24.52
2023-02-20,Bengaluru North,13.054888722802518,77.6163646628616,12.48,12.6,29.1,8.2,240,642,Urban,Loam,23.8,0.0,9.3,Confined,0.7,12.64
2024-01-14,Kundapura,13.612008333852527,74.68663773823862,13.39,12.7,22.8,5.1,803,20,Agricultural,Silty,6.9,-0.25,6.3,Unconfined,35.4,13.77
2024-11-26,Badami,15.905730483538301,75.68575176083168,25.24,48.6,32.7,7.6,973,795,Agricultural,Loam,14.9,0.0,3.6,Confined,59.8,25.25
2023-06-03,Doddaballapura,13.295582028151363,77.5310237352178,28.07,182.3,27.8,8.2,809,587,Agricultural,Silty,19.1,0.0,12.5,Unconfined,42.8,25.26
2023-01-10,Sirsi,14.620684743365395,74.83218498855693,35.5,15.2,24.1,7.2,165,747,Agricultural,Clay,24.1,0.0,3.4,Unconfined,51.1,36.07
2023-10-07,Hassan,12.995960636772816,76.09622480356109,8.85,87.9,29.7,8.0,389,537,Urban,Clay,18.4,0.0,12.2,Confined,1.2,7.5
2021-04-27,Yadgir,16.7674731658827,77.14600617166812,22.46,11.8,36.1,9.1,207,622,Agricultural,Clay,19.9,0.0,13.2,Unconfined,36.2,23.04
2022-01-28,Sakleshpura,12.95297468918802,75.7809435439802,31.36,10.0,30.0,8.9,338,453,Agricultural,Clay,20.7,0.0,2.9,Unconfined,43.9,32.04
2025-08-04,Kollegala,12.160683054626118,77.118603564181,32.88,177.2,31.0,9.1,889,54,Agricultural,Clay,12.7,0.0,11.5,Unconfined,47.4,30.27
2022-11-28,Badami,15.914611552692321,75.68723796090656,36.92,41.8,31.6,7.7,1411,630,Agricultural,Loam,21.2,0.0,6.7,Unconfined,42.3,36.89
2022-03-02,Devanahalli,13.20859977404339,77.70271104615773,16.46,49.3,36.1,9.5,858,272,Agricultural,Clay,3.7,0.0,8.9,Unconfined,41.1,16.36
2023-02-08,Athani,16.72824712093872,75.06745861100373,9.56,9.5,22.0,5.0,613,22,Agricultural,Loam,9.9,0.0,0.1,Unconfined,21.2,9.83
2024-10-03,Sakleshpura,12.966197238490563,75.79491916472837,37.26,45.8,26.0,5.3,332,622,Agricultural,Loam,6.9,0.0,3.4,Confined,36.1,36.97
2022-11-10,Kolar,13.147576365728096,78.146772125029,10.98,26.3,25.8,5.5,1050,309,Urban,Sandy,16.4,0.0,3.6,Unconfined,0.3,10.73
2021-07-27,Kundapura,13.626827612704496,74.69547332755322,10.95,134.7,27.5,5.8,361,418,Agricultural,Clay,9.2,-0.12,14.6,Unconfined,19.4,8.75
2024-09-23,Hassan,13.02564335944671,76.10559977313942,23.23,152.3,29.2,7.2,497,777,Urban,Loam,6.1,0.0,6.9,Unconfined,6.3,20.61
2023-07-03,Haveri,14.790941465954885,75.39451100638493,26.2,182.6,22.2,6.2,1483,610,Agricultural,Sandy,8.4,0.0,1.0,Confined,54.9,23.41
2022-07-25,Gokak,16.18455573941081,74.84187106083334,6.94,131.3,29.9,8.9,897,13,Urban,Loam,3.4,0.0,1.0,Confined,7.6,4.83
2023-08-08,Mysuru,12.306590247151652,76.64251344567151,9.07,167.4,23.0,5.8,300,510,Urban,Clay,23.0,0.0,10.2,Unconfined,7.3,6.08
2022-09-13,Sakleshpura,12.969194594938905,75.79188124542854,21.73,233.8,31.8,7.2,1152,222,Agricultural,Sandy,16.1,0.0,8.5,Confined,47.4,17.89
2025-01-07,Chikkamagaluru,13.325721437145658,75.77647646285588,11.19,10.7,21.2,5.1,950,106,Agricultural,Clay,6.6,0.0,8.9,Unconfined,37.4,11.61
2020-10-30,Doddaballapura,13.287061884133944,77.5573828896682,29.6,68.9,33.9,8.9,1221,498,Agricultural,Sandy,16.9,0.0,8.1,Confined,43.8,29.11
2022-08-09,Gokak,16.165127488104584,74.83147707306956,36.47,63.2,22.1,4.8,1269,182,Urban,Clay,13.1,0.0,4.6,Unconfined,7.9,35.52
2024-01-09,Athani,16.723201362407917,75.05603874711919,6.93,6.5,27.2,5.9,1470,785,Agricultural,Clay,15.2,0.0,10.2,Unconfined,52.8,7.62
2024-08-18,Karwar,14.82054262358829,74.12492539034093,24.08,245.5,28.0,5.9,348,307,Urban,Silty,24.5,0.13,9.6,Confined,12.7,19.58
2025-09-12,Chikkamagaluru,13.310968538948014,75.77377682704613,17.14,122.5,22.2,4.5,1337,208,Agricultural,Silty,14.3,0.0,2.8,Confined,41.7,15.33
2022-07-29,Ballari,15.11772767001221,76.95131181044954,22.65,239.6,27.7,7.6,531,105,Urban,Sandy,1.7,0.0,2.6,Unconfined,3.1,18.27
2025-07-18,Mandya,12.533430945733416,76.90480020213401,22.62,116.4,25.6,6.9,1330,662,Agricultural,Loam,19.1,0.0,1.5,Unconfined,23.8,20.88
2024-08-30,Kollegala,12.154160940827476,77.10905199194403,24.52,185.3,25.7,6.5,549,117,Agricultural,Silty,21.3,0.0,12.1,Unconfined,43.2,21.57
2020-11-02,Haveri,14.782724771078607,75.4119359697044,21.19,96.7,30.4,6.1,820,713,Agricultural,Silty,19.5,0.0,10.7,Confined,52.4,20.09
2023-12-10,Madikeri,12.429910718786923,75.73572060850701,31.04,10.1,28.1,6.3,901,637,Agricultural,Clay,1.1,0.0,3.8,Unconfined,26.8,31.42
2023-07-24,Badami,15.91026332982132,75.68760101698156,14.2,175.3,28.4,6.6,983,435,Agricultural,Loam,22.3,0.0,9.5,Unconfined,36.7,11.39
2021-12-15,Badami,15.931234667063153,75.66495524206528,25.5,3.3,29.6,7.8,1076,701,Agricultural,Silty,2.7,0.0,1.3,Confined,49.9,26.32
2021-06-29,Tumakuru,13.354015839900995,77.10886109606773,39.72,106.4,30.2,6.1,1367,109,Urban,Clay,5.8,0.0,11.3,Confined,5.5,37.95
2020-10-27,Sringeri,13.420645287042097,75.24941279248104,18.58,25.3,28.9,5.8,657,406,Agricultural,Loam,17.6,0.0,9.3,Unconfined,38.6,18.75
2021-09-19,Hunasuru,12.296245678366423,76.28634428216775,13.54,95.0,30.6,6.8,980,204,Agricultural,Clay,8.2,0.0,4.4,Confined,35.7,12.34
2021-09-03,Sanduru,15.076624731187865,76.56673533646061,31.08,246.2,29.6,7.8,1215,258,Agricultural,Silty,13.8,0.0,15.0,Unconfined,51.1,27.06
2025-03-04,Sringeri,13.422858879084394,75.25934043249713,21.08,26.7,32.3,8.6,254,525,Agricultural,Loam,12.0,0.0,14.2,Unconfined,36.4,21.34
2021-08-19,Shivamogga,13.926713669575824,75.57542525387142,39.75,235.2,22.3,6.5,1267,439,Urban,Silty,4.3,0.0,9.7,Unconfined,8.6,35.46
2024-10-01,Mandya,12.532232410830932,76.87880567937752,31.36,99.4,30.6,7.5,1467,767,Agricultural,Sandy,4.2,0.0,1.7,Confined,42.6,30.17
2022-09-25,Bengaluru North,13.047716488864145,77.58637047872973,14.96,179.1,25.9,5.9,589,617,Urban,Clay,16.2,0.0,4.8,Unconfined,2.3,11.7
2024-01-23,Bengaluru North,13.025194201022654,77.59356792515615,11.49,11.6,24.4,5.0,1047,215,Urban,Clay,3.3,0.0,1.2,Confined,1.8,11.53
2025-05-20,Sakleshpura,12.9884957462752,75.77307376384753,14.69,1.9,41.7,11.8,940,490,Agricultural,Loam,8.7,0.0,13.3,Confined,53.8,15.78
2021-03-04,Gokak,16.16541093035432,74.84125926463268,24.19,3.9,39.9,11.8,757,710,Urban,Silty,24.1,0.0,7.3,Unconfined,3.5,24.74
2022-12-17,Hassan,13.003007673590066,76.11755982371336,32.27,11.2,22.0,4.9,794,369,Urban,Clay,12.1,0.0,10.0,Unconfined,8.3,32.37
2023-07-31,Sirsi,14.610669097361592,74.83001589244489,33.2,139.3,23.6,7.0,1115,780,Agricultural,Clay,15.8,0.0,2.3,Confined,52.5,31.29
2024-02-25,Badami,15.91118507871146,75.66988907843046,14.46,8.3,22.5,5.7,754,261,Agricultural,Loam,1.5,0.0,2.6,Confined,35.1,14.93
2021-03-30,Kundapura,13.625389858361027,74.69044714535674,29.6,35.6,37.4,8.8,941,619,Agricultural,Clay,9.7,0.35,7.7,Unconfined,24.7,29.54
2023-08-26,Puttur,12.762358276993183,75.23643095615985,18.39,112.1,22.8,6.8,1493,602,Urban,Silty,6.8,-0.78,5.8,Confined,32.1,16.89
2024-02-16,Shivamogga,13.94211285247215,75.56593558394579,5.91,5.7,21.6,5.0,669,457,Urban,Clay,7.1,0.0,12.4,Unconfined,6.6,6.11
2022-08-05,Athani,16.728034975933685,75.06010594059792,16.95,80.3,25.4,5.2,961,606,Agricultural,Silty,14.4,0.0,14.2,Unconfined,52.6,16.13
2024-07-02,Hassan,12.991743100540802,76.09242541328952,29.47,80.7,24.3,5.2,1318,349,Urban,Silty,18.2,0.0,10.2,Unconfined,9.1,28.21
2021-07-25,Kollegala,12.155161461749058,77.12477118473106,5.1,101.7,23.5,5.0,1486,101,Agricultural,Loam,14.9,0.0,6.6,Unconfined,22.9,3.54
2023-11-12,Udupi,13.335637538495261,74.74574354196048,39.65,97.0,33.2,8.7,1281,719,Forest,Sandy,2.4,0.83,4.9,Confined,16.3,38.23
2021-07-17,Karwar,14.810349202417674,74.13035291580724,17.19,199.9,25.9,6.0,566,471,Forest,Sandy,2.4,-0.05,7.0,Unconfined,22.7,13.72
2020-10-16,Chikkamagaluru,13.315486178531746,75.7794891488634,7.77,99.2,26.5,5.6,913,689,Agricultural,Clay,18.4,0.0,7.3,Unconfined,55.7,6.62
2022-10-31,Shivamogga,13.919520169829658,75.58364791650867,15.42,30.9,33.9,6.8,1158,76,Urban,Clay,9.2,0.0,12.0,Confined,4.0,15.18
2021-12-27,Sakleshpura,12.971028837293893,75.78068054321076,7.14,15.4,20.6,5.8,1470,237,Agricultural,Silty,8.7,0.0,5.3,Unconfined,41.6,7.54
2022-09-26,Raichur,16.215127437384456,77.35061901421575,15.82,100.6,22.7,6.4,1450,301,Urban,Clay,13.5,0.0,13.3,Confined,1.3,14.14
2020-12-29,Ballari,15.136964838003989,76.9171850443105,38.75,7.8,25.6,6.9,1193,482,Urban,Sandy,2.7,0.0,8.2,Unconfined,0.0,38.94
2023-08-03,Kollegala,12.130282586792942,77.11989702606913,31.64,123.9,31.8,6.6,1051,737,Agricultural,Silty,12.9,0.0,14.3,Unconfined,34.3,29.83
2024-06-17,Badami,15.918424299990795,75.68965389696044,7.51,231.8,24.7,7.2,583,27,Agricultural,Clay,12.5,0.0,13.8,Confined,30.6,3.54
2022-07-25,Badami,15.924761884925426,75.66065200767073,21.86,143.1,27.1,6.4,1238,164,Agricultural,Clay,10.2,0.0,6.9,Unconfined,28.0,19.6
2021-05-23,Bengaluru North,13.040435254461082,77.60206343161887,34.32,33.9,34.5,10.0,397,794,Urban,Sandy,24.2,0.0,0.6,Unconfined,7.1,34.21
2024-01-16,Kolar,13.14734911502203,78.1437407225942,38.35,4.9,26.1,6.5,1431,187,Urban,Loam,11.8,0.0,13.3,Unconfined,3.7,38.61
2023-06-10,Kolar,13.146502416562827,78.12911019166906,13.33,151.8,23.1,4.9,1485,363,Urban,Sandy,4.4,0.0,11.6,Unconfined,5.3,10.59
2022-09-26,Kundapura,13.627523615061252,74.66618892802568,5.51,125.4,22.8,5.0,724,595,Agricultural,Loam,9.5,0.32,2.3,Unconfined,38.6,3.61
2025-01-10,Raichur,16.21107392665224,77.35403302049046,11.55,15.5,25.0,5.2,1116,259,Urban,Sandy,8.6,0.0,3.2,Unconfined,5.9,11.56
2023-09-08,Bengaluru North,13.024008620204956,77.59925602884726,11.36,184.7,22.2,5.4,1231,27,Urban,Sandy,24.9,0.0,11.4,Unconfined,6.8,8.0
2021-12-22,Chitradurga,14.227714919004464,76.39952800233377,22.11,14.4,24.1,5.0,1414,524,Urban,Sandy,16.2,0.0,3.3,Confined,0.4,22.08
2021-09-05,Madikeri,12.406663199399702,75.73868205284853,37.63,113.6,28.2,7.7,223,108,Agricultural,Silty,20.4,0.0,11.9,Unconfined,47.1,36.21
2021-08-01,Hunasuru,12.29710840920494,76.27437888668486,7.73,203.8,26.5,5.5,789,428,Agricultural,Clay,10.7,0.0,8.6,Unconfined,37.5,4.3
2025-04-10,Anekal,12.727011552955165,77.69904859442372,38.28,44.3,34.4,9.0,410,331,Urban,Clay,9.2,0.0,14.6,Confined,5.6,37.9
2024-09-16,Tumakuru,13.342703021749323,77.08799057959106,17.05,118.1,29.3,7.3,1045,409,Urban,Clay,17.7,0.0,12.7,Confined,1.4,15.07
2024-07-26,Yadgir,16.774587037835282,77.16527727298681,35.93,224.6,26.3,7.0,1009,562,Agricultural,Loam,15.1,0.0,7.8,Unconfined,39.3,32.18
2023-03-15,Mysuru,12.276004521430247,76.6422252109887,7.08,12.6,35.4,8.8,1442,778,Urban,Sandy,5.8,0.0,1.3,Confined,2.9,7.3
2025-04-04,Anekal,12.702964084209608,77.71361479195404,31.36,9.0,29.9,7.6,1258,423,Urban,Clay,18.5,0.0,1.0,Unconfined,5.4,31.61
2024-10-07,Chikkamagaluru,13.306152612118403,75.80192576351797,9.87,37.9,24.9,5.5,217,285,Agricultural,Clay,11.0,0.0,1.0,Unconfined,28.0,9.67
2025-05-09,Sanduru,15.098825138574627,76.55345189676827,20.6,6.2,35.4,8.0,989,86,Agricultural,Clay,8.0,0.0,1.3,Confined,30.4,21.18
2023-12-15,Hunasuru,12.30621337990768,76.27946300231304,6.21,12.5,29.8,7.7,1260,276,Agricultural,Loam,9.2,0.0,14.7,Confined,53.0,6.88
2023-03-02,Kollegala,12.132556371771548,77.11954596467066,18.36,38.8,32.0,9.0,1012,466,Agricultural,Loam,17.3,0.0,7.0,Unconfined,28.3,18.32
2025-08-18,Sirsi,14.618666932041384,74.84356105532368,14.76,233.3,29.9,7.2,864,216,Agricultural,Loam,13.0,0.0,14.7,Confined,41.8,10.87
2021-09-06,Sirsi,14.636905346950812,74.84037822743042,37.02,183.5,22.9,4.9,400,635,Agricultural,Sandy,15.0,0.0,12.3,Confined,51.6,34.11
2021-04-07,Bengaluru North,13.021296702430428,77.6008365748805,12.0,15.5,32.6,6.8,608,98,Urban,Loam,22.0,0.0,9.3,Confined,2.8,12.06
2023-10-11,Karwar,14.826691026430202,74.1207499032715,23.59,79.4,29.3,7.6,1036,368,Forest,Loam,5.7,-0.22,3.7,Unconfined,28.7,22.69
2022-04-01,Karwar,14.7969496901609,74.14247119204352,29.45,44.5,28.1,6.7,1102,200,Urban,Sandy,16.8,-0.76,3.6,Confined,30.6,29.28
2024-07-08,Bagalkote,16.18587263644987,75.71322575711868,5.02,76.2,22.1,5.7,880,410,Urban,Silty,6.0,0.0,4.9,Unconfined,8.8,3.87
2024-03-27,Tumakuru,13.335592158018978,77.08896414751719,17.38,18.7,29.2,8.5,1208,546,Urban,Silty,12.7,0.0,9.8,Confined,2.6,17.46
2024-12-23,Hunasuru,12.314905062061333,76.28247979846371,5.31,14.4,28.4,8.5,1238,245,Agricultural,Clay,11.0,0.0,14.0,Confined,57.3,6.02
2024-08-19,Haveri,14.795099514559904,75.40048932732208,17.75,157.7,26.6,7.2,721,137,Agricultural,Sandy,21.4,0.0,13.4,Confined,32.2,15.28
2021-02-20,Tumakuru,13.323698168542291,77.10865445905075,23.09,12.4,28.7,8.3,121,539,Urban,Sandy,17.0,0.0,0.4,Confined,5.0,23.31
2021-09-26,Mysuru,12.300387598920187,76.63859173996566,36.97,249.7,30.5,8.0,376,543,Urban,Silty,23.8,0.0,10.3,Confined,6.6,32.44
2022-11-16,Mandya,12.52697959513806,76.89202940091958,18.23,86.5,26.1,7.3,1411,719,Agricultural,Clay,21.1,0.0,9.4,Confined,24.3,17.11
2025-02-28,Mandya,12.533672280055315,76.88424527715428,5.12,7.5,25.5,7.6,1030,197,Agricultural,Sandy,7.9,0.0,0.8,Unconfined,51.5,5.86
2023-05-31,Hubballi,15.379855030521677,75.13550688528227,26.85,10.7,36.1,9.0,354,461,Urban,Sandy,3.5,0.0,0.3,Unconfined,3.6,27.12
2024-10-01,Anekal,12.715454589395582,77.70353606086539,24.19,24.2,30.6,7.3,165,338,Urban,Clay,11.0,0.0,1.4,Unconfined,9.5,24.17
2020-12-25,Kollegala,12.152986423239097,77.11402584561873,16.22,6.4,20.2,4.4,743,657,Agricultural,Silty,24.1,0.0,6.2,Confined,31.7,16.63
2021-08-29,Devanahalli,13.231382931044074,77.69932580837438,36.25,121.8,23.5,6.4,569,363,Agricultural,Loam,24.7,0.0,7.5,Unconfined,50.6,34.64
2025-02-19,Sirsi,14.621331842978796,74.85110979357188,26.34,5.4,21.6,6.3,1462,180,Agricultural,Sandy,5.1,0.0,13.6,Confined,55.8,27.11
2025-06-26,Tumakuru,13.343850725137553,77.09561118425725,7.64,230.5,25.0,6.0,994,85,Urban,Silty,6.8,0.0,3.1,Unconfined,3.2,3.36
2021-04-27,Raichur,16.21471389241914,77.35287038788056,5.94,31.7,29.7,8.2,893,769,Urban,Sandy,22.4,0.0,11.5,Confined,5.3,5.77
2021-10-25,Devanahalli,13.230099569812415,77.69244694685342,29.45,41.0,31.7,7.5,1434,319,Agricultural,Clay,2.9,0.0,9.1,Unconfined,49.5,29.5
2021-10-26,Mandya,12.520771467014347,76.89690486697316,13.94,62.0,29.1,7.9,1404,723,Agricultural,Sandy,24.7,0.0,14.9,Confined,32.1,13.42
2025-09-13,Udupi,13.327207286219926,74.74614269245478,6.09,92.1,23.4,6.2,334,56,Urban,Silty,12.1,0.81,4.9,Unconfined,37.2,4.85
2021-04-27,Devanahalli,13.25019670584937,77.70167279987595,8.04,9.7,41.6,11.2,335,466,Agricultural,Silty,6.8,0.0,13.5,Confined,47.1,8.88
2021-04-16,Raichur,16.20968484508699,77.34528791665616,11.24,36.5,39.0,9.9,1094,421,Urban,Silty,16.6,0.0,13.5,Confined,3.7,11.04
2024-03-03,Sakleshpura,12.971004547387396,75.78488528997605,23.89,22.9,32.0,7.1,827,104,Agricultural,Silty,10.4,0.0,13.1,Confined,50.1,24.29
2023-05-21,Kundapura,13.613343558100858,74.6873524387888,22.91,41.0,41.2,12.3,362,86,Forest,Loam,7.1,-0.7,10.0,Unconfined,19.2,22.97
2021-01-20,Hassan,12.99992255938633,76.08818699727011,31.22,8.0,20.8,5.1,986,280,Urban,Clay,3.4,0.0,12.8,Unconfined,0.4,31.32
2023-08-01,Davanagere,14.466242826457062,75.90629666430327,19.17,73.1,23.0,6.6,460,588,Urban,Clay,18.5,0.0,12.2,Unconfined,6.8,18.11
2025-04-07,Bagalkote,16.182559177863702,75.70060644805937,28.39,4.6,40.0,10.3,783,627,Urban,Silty,19.6,0.0,9.7,Confined,6.0,28.87
2023-01-23,Badami,15.894618015922612,75.68791870136518,25.95,9.6,24.7,6.6,1150,373,Agricultural,Clay,22.3,0.0,4.7,Confined,47.5,26.56
2022-08-10,Hassan,13.013580768613428,76.11516599762426,37.67,232.6,28.2,7.3,1007,566,Urban,Silty,1.1,0.0,4.1,Confined,1.9,33.4
2021-05-04,Chikkamagaluru,13.320073290533951,75.78108699067869,26.73,7.2,38.3,9.3,1457,193,Agricultural,Clay,4.0,0.0,13.7,Confined,43.7,27.49
2022-02-21,Udupi,13.323998785758556,74.73364384034242,39.0,3.0,21.8,5.6,756,588,Forest,Loam,5.3,0.19,8.2,Confined,36.0,39.56
2023-09-28,Tumakuru,13.319769808981164,77.0981317176323,32.97,138.5,25.9,7.5,438,377,Urban,Silty,3.3,0.0,13.8,Confined,6.9,30.64
2023-08-24,Karwar,14.796680636543375,74.12373723747156,7.24,106.9,23.6,6.1,995,178,Forest,Sandy,18.2,-0.28,4.3,Unconfined,19.0,5.62
2025-08-12,Hubballi,15.364672037622594,75.10459983362388,31.4,71.5,23.9,5.6,1165,470,Urban,Silty,4.9,0.0,3.5,Confined,5.6,30.31
2023-06-02,Sagara,14.178143798384815,75.02429124441018,29.4,65.7,22.2,6.3,1390,262,Agricultural,Sandy,17.0,0.0,14.2,Confined,22.9,28.63
2023-06-01,Sirsi,14.619018731889279,74.84806278645699,36.42,136.4,31.8,6.7,1056,21,Agricultural,Silty,14.0,0.0,12.0,Confined,58.6,34.61
2025-01-13,Doddaballapura,13.297914276648122,77.54308021146257,9.35,15.0,28.7,7.3,109,197,Agricultural,Clay,15.0,0.0,10.6,Confined,52.2,9.94
2021-06-16,Sagara,14.14963839119357,75.03507527558217,29.45,214.0,27.4,6.1,1389,60,Agricultural,Silty,22.9,0.0,11.4,Confined,50.7,25.98
2022-03-29,Haveri,14.794848511080575,75.3912944703801,25.82,8.2,28.6,8.5,1152,327,Agricultural,Sandy,21.5,0.0,4.8,Confined,58.5,26.67
2023-03-26,Sirsi,14.622626910952453,74.83682592268738,30.67,26.4,40.0,11.0,269,484,Agricultural,Sandy,17.3,0.0,14.8,Unconfined,55.7,31.25
2024-03-26,Bengaluru North,13.021517748910375,77.59766905412638,22.58,48.2,29.1,7.3,346,50,Urban,Loam,20.1,0.0,8.3,Confined,6.9,22.05
2022-09-20,Hassan,13.017797341020415,76.09428881980006,22.09,222.4,31.1,7.2,1257,555,Urban,Sandy,14.4,0.0,10.5,Confined,2.0,18.02
2021-04-29,Mangaluru,12.89767024201745,74.86168579621308,29.8,15.3,30.8,7.2,657,41,Urban,Clay,12.3,-0.94,14.3,Unconfined,36.7,30.32
2022-06-24,Hunasuru,12.317927730781784,76.29392806401177,38.37,125.2,22.1,6.2,662,111,Agricultural,Clay,24.3,0.0,11.0,Confined,39.8,36.57
2025-08-21,Karwar,14.802254474620879,74.11768471187824,23.54,102.6,31.5,9.0,113,230,Urban,Clay,7.2,0.05,0.5,Confined,22.4,22.16
2021-07-05,Mangaluru,12.913606064786457,74.86970607215272,34.3,142.4,25.6,7.3,108,15,Agricultural,Clay,12.0,0.78,6.0,Unconfined,38.2,32.12
2025-06-01,Raichur,16.20692542065665,77.35027085670423,5.28,243.3,31.8,6.7,1457,281,Urban,Sandy,23.2,0.0,3.7,Confined,6.3,0.81
2023-10-09,Kundapura,13.617808341025532,74.67709294865652,28.4,28.6,31.5,9.1,1144,242,Agricultural,Sandy,7.1,-0.53,8.6,Unconfined,23.0,28.57
2022-06-19,Devanahalli,13.220279995028665,77.71361954791881,24.39,100.0,31.9,8.8,1469,416,Agricultural,Silty,11.5,0.0,14.2,Confined,42.1,23.25
2023-04-14,Yadgir,16.771623076762527,77.15032840933115,24.39,47.1,28.7,8.3,173,618,Agricultural,Sandy,21.0,0.0,11.7,Unconfined,45.5,24.32
2023-03-03,Karwar,14.81549920542885,74.1284461454541,11.49,43.4,36.4,9.8,568,756,Forest,Loam,14.2,-0.32,10.3,Confined,40.0,11.54
2022-05-23,Chitradurga,14.217251927467208,76.40177292623679,19.39,0.9,28.2,7.7,911,441,Urban,Loam,20.6,0.0,7.2,Unconfined,9.4,19.85
2023-11-12,Hubballi,15.345292309183774,75.11653421092986,36.51,34.6,28.6,8.5,788,791,Urban,Clay,12.9,0.0,5.8,Confined,1.3,36.26
2021-04-03,Udupi,13.338700290101132,74.7401850335051,19.47,40.5,28.0,6.2,1296,529,Urban,Silty,20.3,-0.54,12.7,Confined,27.8,19.3
2023-05-05,Doddaballapura,13.283712207014704,77.52258759265602,39.21,39.3,39.8,10.1,486,166,Agricultural,Sandy,10.1,0.0,7.4,Unconfined,41.1,39.34
2025-07-31,Chikkamagaluru,13.317809145187137,75.77459824819483,30.84,114.1,24.6,7.1,1440,719,Agricultural,Silty,16.7,0.0,11.4,Unconfined,51.2,29.43
2025-03-14,Sanduru,15.091851552693845,76.54505332096123,22.31,37.0,30.2,7.5,571,215,Agricultural,Loam,16.8,0.0,4.0,Unconfined,40.6,22.35
2025-07-10,Hubballi,15.355198529410524,75.12092482935007,35.12,227.8,30.9,8.6,1079,195,Urban,Loam,3.7,0.0,5.8,Confined,1.9,31.01
2023-03-01,Haveri,14.790073766500228,75.42560644337073,10.33,28.3,32.8,9.7,504,707,Agricultural,Silty,10.9,0.0,3.1,Confined,31.1,10.56
2021-05-12,Sanduru,15.111933949867606,76.54167202686756,24.28,34.3,29.5,6.6,1478,445,Agricultural,Silty,23.1,0.0,3.6,Unconfined,48.9,24.41
2022-02-01,Yadgir,16.77819190869962,77.12989479681161,14.45,4.2,27.0,5.5,212,546,Agricultural,Clay,7.6,0.0,4.8,Confined,33.9,14.98
2023-07-07,Sringeri,13.417127302614723,75.25088224641786,29.46,182.3,26.2,5.5,677,279,Agricultural,Sandy,9.9,0.0,8.7,Confined,40.3,26.49
2021-12-26,Karwar,14.79651215959008,74.14192367582824,21.65,4.1,22.8,6.7,535,151,Agricultural,Silty,16.4,-0.18,12.1,Confined,35.0,22.27
2020-12-12,Devanahalli,13.228685439506194,77.71942380821093,30.43,8.9,21.6,4.5,700,604,Agricultural,Loam,12.4,0.0,10.2,Unconfined,25.2,30.73
2022-03-04,Haveri,14.790476421622614,75.39099251072756,11.05,33.2,37.5,8.3,668,74,Agricultural,Loam,10.6,0.0,2.5,Confined,36.9,11.17
2025-08-03,Kolar,13.12756788328732,78.12052503023634,14.98,62.1,29.9,8.3,823,376,Urban,Silty,5.0,0.0,12.6,Unconfined,9.5,14.25
2023-01-25,Bagalkote,16.194081375748006,75.68371123330482,29.52,11.2,28.6,6.9,444,570,Urban,Clay,10.2,0.0,12.3,Confined,8.5,29.73
2024-06-20,Madikeri,12.433847350411511,75.76692819582141,21.15,108.2,27.4,8.2,1370,635,Agricultural,Loam,13.1,0.0,6.2,Unconfined,28.6,19.68
2023-01-12,Devanahalli,13.229104790631885,77.70935064493828,23.21,12.4,28.7,6.7,1125,310,Agricultural,Sandy,5.7,0.0,3.3,Unconfined,20.8,23.5
2025-01-23,Karwar,14.806998552278205,74.10959926251257,11.65,0.3,25.9,7.5,357,185,Forest,Silty,10.6,0.74,6.1,Unconfined,13.0,12.08
2021-12-12,Hassan,13.004064218683911,76.08775623781298,30.74,5.4,20.5,5.9,184,452,Urban,Silty,19.9,0.0,4.1,Unconfined,1.6,30.94
2025-04-12,Kollegala,12.164027622075531,77.11410845409607,26.42,42.7,34.8,7.1,1033,724,Agricultural,Loam,5.4,0.0,10.1,Confined,52.6,26.45
2021-03-26,Karwar,14.817866245918697,74.13223976872221,30.59,12.9,30.0,6.1,577,652,Agricultural,Clay,19.3,-0.34,11.6,Unconfined,20.2,30.87
2023-11-09,Haveri,14.780365779125244,75.41668950547822,16.29,63.9,30.4,9.1,781,231,Agricultural,Loam,18.4,0.0,11.5,Confined,39.6,15.86
2023-02-26,Athani,16.731247632561427,75.04327214437374,38.65,12.3,20.5,4.7,1370,622,Agricultural,Sandy,22.4,0.0,9.3,Confined,46.0,39.1
2021-02-28,Anekal,12.69464289337279,77.71620501682816,38.15,18.6,22.8,4.7,968,106,Urban,Sandy,17.3,0.0,5.9,Unconfined,1.5,38.03
2022-10-12,Gokak,16.17700337053104,74.83928096200911,8.01,48.8,32.2,9.2,896,284,Urban,Loam,6.4,0.0,5.8,Confined,6.7,7.56
2021-12-06,Hassan,13.00307699238168,76.11073085723494,6.88,9.5,21.2,5.2,1308,71,Urban,Clay,6.9,0.0,10.5,Unconfined,6.9,7.02
2025-03-20,Haveri,14.796726341331828,75.40571024438947,11.31,16.9,39.7,9.4,480,349,Agricultural,Clay,2.9,0.0,5.2,Confined,42.3,11.87
2023-08-18,Haveri,14.79164106435384,75.41369335042832,33.53,135.0,25.7,5.4,1118,122,Agricultural,Sandy,5.4,0.0,4.3,Confined,37.1,31.47
2022-06-07,Puttur,12.767843758892585,75.19712145905866,17.25,245.8,31.5,7.4,701,531,Urban,Loam,8.6,0.13,2.9,Confined,14.7,12.84
2025-07-09,Hubballi,15.366138350792133,75.125442771928,5.09,99.9,23.9,5.6,337,221,Urban,Loam,12.1,0.0,5.5,Unconfined,0.6,3.38
2024-02-13,Hubballi,15.365243094079654,75.12142800059416,38.66,7.9,24.5,6.4,616,592,Urban,Loam,8.0,0.0,9.2,Unconfined,3.2,38.85
2023-04-15,Badami,15.931302374251192,75.67272657387461,14.91,5.1,31.6,8.0,1379,786,Agricultural,Loam,19.6,0.0,2.5,Unconfined,26.6,15.47
2021-05-27,Athani,16.72747761460232,75.07525962622975,33.08,31.8,31.3,7.8,1137,219,Agricultural,Sandy,6.9,0.0,5.5,Unconfined,40.7,33.24
2022-10-12,Karwar,14.80608883166616,74.111025936687,22.7,23.8,27.9,6.3,711,691,Urban,Sandy,6.6,0.13,4.7,Confined,6.4,22.59
2021-02-12,Badami,15.925282394395532,75.68946561920652,17.35,13.5,21.4,5.5,1153,245,Agricultural,Silty,8.6,0.0,9.4,Confined,21.5,17.57
2021-02-28,Devanahalli,13.244397643704705,77.7006622114329,11.44,13.0,27.7,6.9,1162,298,Agricultural,Loam,13.9,0.0,4.6,Confined,39.8,11.92
2022-11-03,Chitradurga,14.222107341878683,76.38938757903144,29.17,92.5,32.5,6.8,1003,622,Urban,Silty,6.6,0.0,11.8,Confined,3.3,27.69
2021-01-09,Kollegala,12.161811392040777,77.1219009311354,12.95,19.6,22.9,6.3,1359,300,Agricultural,Sandy,24.5,0.0,5.5,Unconfined,38.4,13.26
2025-09-13,Raichur,16.204378279036266,77.359854047956,15.14,155.2,26.4,6.2,898,201,Urban,Sandy,21.3,0.0,12.3,Confined,7.7,12.42
2024-10-16,Athani,16.731460933176095,75.06637772759872,35.29,96.5,32.8,8.5,1461,557,Agricultural,Clay,16.3,0.0,7.8,Unconfined,41.0,34.19
2021-01-01,Sakleshpura,12.956575833002198,75.79684423137789,19.75,4.7,29.0,8.7,465,212,Agricultural,Clay,2.4,0.0,1.2,Confined,47.4,20.56
2021-02-03,Sakleshpura,12.977116422976923,75.79221141927368,16.24,18.0,29.2,6.9,595,449,Agricultural,Sandy,11.9,0.0,9.8,Unconfined,55.5,16.78
2022-03-31,Karwar,14.812911893677503,74.12704278401795,20.9,11.8,35.0,9.4,968,733,Urban,Silty,3.7,-0.45,14.7,Unconfined,20.3,21.38
2024-05-29,Sringeri,13.414528291791711,75.2483464924972,27.31,12.3,37.6,10.7,1395,410,Agricultural,Clay,15.9,0.0,8.3,Confined,22.8,27.83
2024-01-19,Udupi,13.357589220603998,74.74987251519231,26.99,1.0,22.4,5.1,990,221,Urban,Silty,12.2,-0.52,4.0,Confined,30.3,27.58
2021-01-17,Kundapura,13.634074523769263,74.695486754408,10.11,8.5,21.1,5.7,1167,53,Forest,Sandy,7.5,0.49,9.4,Unconfined,17.0,10.35
2021-09-02,Athani,16.717250556212523,75.05363498186733,10.4,218.3,30.9,6.5,1052,18,Agricultural,Clay,9.8,0.0,10.7,Confined,28.4,6.64
2020-09-29,Chitradurga,14.223387722509425,76.39772292319323,39.95,125.7,29.6,8.3,419,115,Urban,Sandy,22.0,0.0,12.3,Unconfined,1.2,37.86
2024-06-14,Davanagere,14.45489448363262,75.93234597429057,38.56,181.0,24.1,4.8,1006,747,Urban,Loam,18.3,0.0,4.0,Unconfined,10.0,35.28
2022-04-20,Haveri,14.811873939632829,75.40106378784624,34.8,43.3,36.4,9.7,1325,707,Agricultural,Sandy,22.9,0.0,3.3,Unconfined,39.9,34.82
2024-08-19,Mangaluru,12.912317515267876,74.86598217659196,26.54,163.1,28.0,8.3,419,402,Agricultural,Sandy,5.0,-0.72,13.0,Unconfined,13.8,23.9
2024-11-09,Mandya,12.512355267248898,76.8875833623076,5.99,41.7,24.3,5.0,1030,667,Agricultural,Loam,3.7,0.0,5.3,Confined,41.0,5.82
2022-01-03,Mandya,12.50906477527097,76.9050784992271,8.93,11.1,24.5,6.5,153,300,Agricultural,Silty,20.6,0.0,2.6,Confined,55.5,9.59
2024-06-14,Chikkamagaluru,13.328809228246474,75.78452901401515,31.77,152.7,29.6,6.3,937,553,Agricultural,Loam,22.9,0.0,12.6,Unconfined,25.9,29.29
2024-05-17,Chitradurga,14.241301834821764,76.39134836231433,28.39,7.7,37.6,11.2,1222,321,Urban,Silty,1.4,0.0,12.4,Confined,10.0,28.9
2023-12-26,Hubballi,15.351369896707725,75.11557493686253,14.09,15.6,28.1,8.3,687,185,Urban,Clay,6.2,0.0,8.3,Unconfined,5.2,14.25
2024-04-02,Chitradurga,14.230162725058415,76.40297868514077,17.32,21.2,36.4,8.7,307,795,Urban,Silty,4.4,0.0,9.3,Unconfined,0.5,17.34
2024-11-27,Athani,16.726084680063423,75.07745228349941,14.71,41.1,32.8,9.0,895,442,Agricultural,Clay,7.1,0.0,5.1,Confined,20.5,14.54
2023-02-21,Hubballi,15.376038254131311,75.13729089406849,14.47,18.3,22.7,5.6,1118,423,Urban,Clay,20.7,0.0,8.3,Confined,2.3,14.41
2023-10-23,Udupi,13.311553993960374,74.73181719063301,8.1,38.3,27.4,8.0,356,280,Agricultural,Silty,2.9,-0.86,4.9,Confined,17.6,8.0
2023-01-26,Chikkamagaluru,13.311327464107162,75.78470727203914,20.15,19.1,29.0,8.4,808,624,Agricultural,Loam,7.5,0.0,3.0,Unconfined,40.2,20.59
2025-08-13,Doddaballapura,13.286872577236554,77.54000935104031,28.02,122.4,30.3,6.7,293,91,Agricultural,Loam,11.6,0.0,7.5,Unconfined,46.2,26.37
2021-07-02,Ballari,15.148750540288491,76.91595878540669,39.68,63.8,23.2,5.1,416,652,Urban,Silty,9.2,0.0,4.9,Unconfined,2.3,38.68
2021-12-15,Athani,16.741097789562968,75.05915724728021,27.7,0.2,20.7,5.7,1151,663,Agricultural,Loam,20.4,0.0,5.6,Unconfined,28.9,28.27
2024-06-06,Puttur,12.750931917885282,75.2093282758568,26.28,194.8,26.1,6.3,147,409,Urban,Sandy,6.7,-0.31,11.2,Confined,22.6,22.96
2025-07-03,Chitradurga,14.230266151193808,76.41148480429757,12.82,157.0,31.3,6.8,864,308,Urban,Loam,17.9,0.0,13.5,Confined,7.6,10.1
2024-06-13,Mandya,12.521040593379801,76.90811151636426,28.31,193.9,23.7,6.3,1391,619,Agricultural,Loam,19.2,0.0,5.3,Confined,52.6,25.27
2023-06-21,Mangaluru,12.903850374142845,74.84022775372968,9.1,220.3,27.2,6.1,1307,275,Agricultural,Clay,24.9,-0.05,8.7,Confined,6.0,5.06
2021-10-30,Anekal,12.704123474672866,77.69417797359016,31.28,72.1,25.0,6.5,240,36,Urban,Silty,5.8,0.0,9.4,Confined,3.7,30.2
2024-01-09,Sringeri,13.41079153740073,75.23493376121222,39.3,9.5,27.5,7.0,1179,768,Agricultural,Silty,1.6,0.0,11.9,Unconfined,31.6,39.78
2021-05-09,Sagara,14.166011039125289,75.02665700924702,16.46,45.8,41.0,9.7,1237,188,Agricultural,Silty,16.3,0.0,8.6,Confined,41.5,16.44
2023-07-24,Tumakuru,13.368934952316454,77.08426272788618,38.03,53.8,28.8,8.0,816,777,Urban,Clay,10.2,0.0,10.7,Confined,7.9,37.43
2021-09-26,Badami,15.917267476148139,75.67956562086245,26.85,109.0,30.9,7.7,787,278,Agricultural,Sandy,6.8,0.0,6.4,Unconfined,25.9,25.31
2021-08-12,Mangaluru,12.914910892556938,74.86997028220969,19.07,184.2,22.3,5.8,1132,47,Urban,Loam,10.2,-0.35,13.2,Confined,18.4,15.89
2023-11-22,Kundapura,13.622884987181877,74.68474837742728,34.75,85.9,29.4,7.8,601,698,Forest,Clay,23.0,-0.62,5.0,Confined,23.9,33.72
2023-10-02,Devanahalli,13.21883605244648,77.71481126691211,12.76,87.4,25.4,7.0,718,457,Agricultural,Sandy,7.8,0.0,8.9,Confined,20.7,11.57
2021-06-28,Kundapura,13.626287605524512,74.66762857325159,24.47,74.0,26.6,5.6,236,305,Agricultural,Silty,22.1,0.68,1.1,Confined,18.0,23.38
2022-08-11,Kollegala,12.14914813422146,77.11147204953559,28.5,131.3,22.7,5.8,382,661,Agricultural,Loam,24.0,0.0,9.0,Unconfined,38.4,26.55
2025-08-19,Sringeri,13.416960885370026,75.26299068529852,6.17,137.8,28.4,7.0,216,522,Agricultural,Loam,13.9,0.0,14.5,Unconfined,50.1,4.26
2023-01-15,Athani,16.736203883047292,75.07453751522976,32.74,10.0,22.7,4.8,303,664,Agricultural,Sandy,3.9,0.0,10.5,Unconfined,23.7,33.02
2025-03-09,Chikkamagaluru,13.332496091642325,75.78837912644333,27.58,44.9,36.6,9.9,233,737,Agricultural,Clay,11.4,0.0,11.6,Unconfined,29.8,27.47
2020-09-29,Athani,16.735626326432406,75.05961577452808,11.7,215.6,26.6,7.0,814,248,Agricultural,Clay,16.6,0.0,14.7,Unconfined,34.2,8.08
2024-07-26,Yadgir,16.762865519378007,77.13477490832994,7.56,72.5,31.0,8.0,1197,329,Agricultural,Silty,5.3,0.0,0.3,Unconfined,50.3,7.01
2023-08-02,Hassan,13.011103080809992,76.10048662429269,19.01,73.6,25.8,7.6,729,373,Urban,Loam,11.6,0.0,6.0,Confined,6.9,17.99
2025-03-30,Hunasuru,12.308555335366124,76.2773346607574,9.95,0.3,28.2,7.0,1441,592,Agricultural,Silty,2.7,0.0,6.6,Unconfined,44.6,10.74
2022-08-06,Bengaluru North,13.018992600377503,77.58287113617145,6.8,180.8,24.6,5.2,1206,226,Urban,Silty,19.3,0.0,2.7,Unconfined,5.5,3.5
2024-08-23,Badami,15.908948932635033,75.67993764776122,32.03,120.2,29.3,7.9,1305,662,Agricultural,Silty,7.5,0.0,1.2,Confined,50.5,30.53
2025-09-05,Chikkamagaluru,13.326856041303001,75.77565103414433,17.98,96.2,28.8,7.5,704,399,Agricultural,Sandy,11.2,0.0,4.8,Unconfined,39.6,16.83
2025-01-30,Yadgir,16.767863582465143,77.14006273574499,38.89,7.6,23.2,6.5,737,156,Agricultural,Clay,12.9,0.0,3.8,Unconfined,44.7,39.51
2022-04-10,Sirsi,14.608218445445853,74.83173570607231,37.71,9.9,38.9,11.1,227,569,Agricultural,Clay,14.8,0.0,5.6,Unconfined,55.7,38.62
2020-10-28,Raichur,16.191489059627333,77.34769112458468,24.52,98.1,26.8,6.2,686,262,Urban,Silty,24.4,0.0,0.8,Confined,0.0,22.87
2023-01-19,Sirsi,14.619773306128538,74.83039142876287,17.49,5.0,21.9,4.5,402,541,Agricultural,Sandy,19.0,0.0,12.3,Confined,38.1,18.0
2022-09-01,Udupi,13.319712150691727,74.73919001999856,30.3,61.2,26.3,7.7,795,23,Agricultural,Silty,12.3,-0.08,8.2,Confined,25.4,29.72
2022-07-09,Kolar,13.128844563569467,78.1228647644278,19.93,96.7,24.7,5.4,1136,288,Urban,Loam,7.3,0.0,12.0,Confined,5.3,18.32
2022-04-06,Hunasuru,12.296959389757875,76.28884488731126,20.07,43.6,35.4,9.3,869,480,Agricultural,Loam,21.9,0.0,10.5,Confined,26.9,19.93
2024-12-03,Sanduru,15.093977835651874,76.5352795012484,32.67,16.1,22.6,6.4,1084,173,Agricultural,Loam,7.7,0.0,3.0,Unconfined,49.4,33.16
2023-10-14,Bengaluru North,13.023199935990661,77.58766304367717,10.26,80.9,25.6,6.6,246,227,Urban,Silty,13.4,0.0,7.7,Unconfined,7.0,9.04
2022-01-25,Sanduru,15.087237768332168,76.54472710797293,5.13,14.1,26.9,6.6,1091,521,Agricultural,Sandy,3.4,0.0,12.8,Confined,42.9,5.61
2023-01-16,Madikeri,12.425347548749444,75.72507236709428,15.53,1.0,22.8,6.3,462,134,Agricultural,Loam,20.7,0.0,10.8,Confined,35.2,16.18
2022-02-03,Anekal,12.70798113668918,77.6928343698224,17.45,6.2,29.6,6.9,738,453,Urban,Loam,3.4,0.0,5.7,Unconfined,0.9,17.68
2022-03-22,Davanagere,14.458520544239596,75.91095519079994,27.96,15.1,39.0,9.6,271,280,Urban,Silty,14.0,0.0,14.9,Confined,5.3,28.19
2023-06-10,Sagara,14.159462883054061,75.03894388645939,14.26,110.4,27.6,6.2,1332,49,Agricultural,Sandy,24.8,0.0,1.5,Unconfined,45.0,12.81
2025-09-22,Bagalkote,16.193104819877686,75.70589952282835,35.56,84.8,27.3,6.9,672,88,Urban,Sandy,16.4,0.0,0.3,Confined,4.5,34.25
2023-09-22,Kundapura,13.629533969934672,74.69135557954607,34.57,103.8,25.2,6.6,723,400,Urban,Silty,10.2,-0.51,12.0,Confined,26.3,33.14
2024-08-21,Chikkamagaluru,13.314243113255092,75.76692355522599,19.83,137.7,22.0,5.0,1122,556,Agricultural,Silty,8.5,0.0,6.9,Unconfined,38.1,17.71
2021-03-06,Mandya,12.530403880292925,76.89179071591384,21.93,15.3,37.0,9.4,891,488,Agricultural,Sandy,12.4,0.0,9.4,Confined,24.2,22.34
2020-11-02,Davanagere,14.468641959422403,75.92011907651099,22.05,21.0,24.5,4.9,127,83,Urban,Loam,12.3,0.0,10.2,Unconfined,7.6,21.95
2025-09-01,Sanduru,15.098205061049924,76.55010155335212,33.72,152.1,30.4,7.3,627,746,Agricultural,Silty,15.3,0.0,13.1,Confined,36.2,31.4
2022-09-24,Ballari,15.135469654440355,76.9086280806917,11.67,141.3,22.0,6.5,424,493,Urban,Clay,24.7,0.0,8.6,Unconfined,4.8,9.22
2020-11-10,Ballari,15.133505977330147,76.91709008566869,15.91,63.4,26.6,7.0,1139,523,Urban,Clay,14.2,0.0,4.8,Unconfined,6.0,15.05
2022-02-18,Davanagere,14.478862258549258,75.92936984642675,30.0,9.4,20.3,5.9,285,373,Urban,Silty,9.1,0.0,9.2,Unconfined,0.1,30.11
2022-11-03,Haveri,14.781745447167893,75.41938645406078,33.24,56.5,28.9,6.5,172,285,Agricultural,Loam,23.5,0.0,4.7,Confined,53.2,32.97
2025-01-21,Davanagere,14.464867841774902,75.91632671808495,28.99,15.0,25.5,7.2,241,557,Urban,Loam,11.9,0.0,0.4,Confined,7.0,29.12
2023-04-27,Kundapura,13.639074028739877,74.68866432561367,32.28,11.5,31.0,8.0,233,339,Forest,Loam,12.4,-0.53,6.5,Confined,20.4,32.71
2023-10-25,Udupi,13.320142048490638,74.7440008650365,14.8,53.4,24.9,5.7,1041,42,Agricultural,Sandy,17.6,0.07,3.5,Unconfined,18.2,14.19
2021-08-20,Sanduru,15.089747621520806,76.53332494277386,38.36,228.7,30.4,7.4,1410,405,Agricultural,Silty,11.9,0.0,0.1,Unconfined,26.9,34.42
2023-03-19,Bagalkote,16.171108975166657,75.69627910882956,9.58,35.4,31.7,7.2,503,746,Urban,Clay,24.0,0.0,3.8,Confined,3.8,9.27
2023-09-05,Haveri,14.781907179674619,75.40707474479237,30.97,113.1,29.6,8.6,1106,424,Agricultural,Silty,22.6,0.0,10.7,Unconfined,49.0,29.63
2022-07-14,Badami,15.92048341204668,75.67378365617483,9.7,53.3,31.7,7.2,840,606,Agricultural,Clay,12.9,0.0,0.2,Confined,44.6,9.44
2022-09-14,Raichur,16.212697178244454,77.35383082189045,7.26,115.7,23.7,6.8,1381,188,Urban,Clay,22.7,0.0,9.3,Unconfined,7.7,5.36
2021-11-13,Madikeri,12.436543098210246,75.74478018838128,32.34,99.0,26.6,6.3,363,151,Agricultural,Sandy,13.1,0.0,11.8,Confined,21.0,30.89
2025-09-11,Bengaluru North,13.047341529438606,77.59295537982159,22.75,50.1,30.3,7.8,1146,787,Urban,Loam,18.2,0.0,2.0,Unconfined,9.8,22.24
2025-01-23,Sirsi,14.637348304147935,74.82040009232745,8.41,9.0,25.8,5.2,1211,199,Agricultural,Silty,19.5,0.0,11.8,Unconfined,27.0,8.76
2025-09-16,Hassan,13.003872613430628,76.07491702454759,18.42,177.8,28.6,8.5,1342,311,Urban,Sandy,8.1,0.0,0.2,Unconfined,6.2,15.35
2021-11-16,Doddaballapura,13.300708918051532,77.53432008777911,25.18,40.7,24.8,7.4,1024,42,Agricultural,Sandy,4.3,0.0,10.9,Unconfined,48.0,25.22
2025-01-15,Raichur,16.19726042270662,77.34917530112212,17.52,13.6,28.4,5.7,1332,292,Urban,Silty,17.0,0.0,1.4,Confined,9.6,17.63
2023-05-21,Mangaluru,12.92391487924246,74.85465660412247,22.4,25.9,37.6,9.5,519,67,Agricultural,Clay,11.6,-0.3,5.6,Confined,7.2,22.46
2023-01-24,Athani,16.71950830643756,75.07420171083092,6.7,6.8,27.2,7.3,694,772,Agricultural,Sandy,23.5,0.0,11.8,Confined,44.8,7.38
2021-12-10,Athani,16.745219693540342,75.06695083763528,21.48,17.1,29.1,7.9,1286,491,Agricultural,Silty,14.4,0.0,8.4,Confined,52.8,22.06
2023-08-22,Gokak,16.166034511125723,74.84566710064256,17.93,249.7,29.8,6.0,678,707,Urban,Silty,15.7,0.0,0.6,Unconfined,6.7,13.3
2022-08-21,Gokak,16.160114526839184,74.83590361719594,18.9,127.5,29.0,7.1,966,39,Urban,Sandy,4.8,0.0,9.9,Confined,8.4,16.79
2021-07-20,Puttur,12.763515397765344,75.21040835274069,16.06,97.1,31.0,6.9,1112,348,Urban,Clay,21.9,-0.88,0.3,Unconfined,14.5,14.7
2021-02-11,Sringeri,13.417441148587686,75.25472736289916,10.82,0.7,24.9,7.5,347,535,Agricultural,Silty,20.9,0.0,4.6,Unconfined,34.9,11.53
2024-09-08,Shivamogga,13.930492034699943,75.57485153634833,11.52,52.8,28.0,7.3,1151,450,Urban,Clay,4.1,0.0,12.2,Confined,9.4,10.92
2021-06-22,Udupi,13.33765945052913,74.73075202433482,6.25,159.4,26.6,5.6,532,737,Forest,Silty,20.4,0.6,1.7,Unconfined,5.3,3.33
2020-10-01,Chitradurga,14.21567460688953,76.41946278463675,35.32,38.9,33.5,8.8,1157,633,Urban,Loam,20.0,0.0,0.4,Confined,6.5,35.05
2024-08-17,Kundapura,13.622005381703506,74.69084205074786,39.34,120.3,29.2,6.5,558,609,Urban,Silty,10.7,-0.49,11.6,Unconfined,23.1,37.54
2023-08-03,Haveri,14.775890293784423,75.42043265543748,39.59,105.2,31.9,9.1,702,599,Agricultural,Clay,12.0,0.0,14.1,Confined,38.3,38.32
2025-01-12,Sakleshpura,12.983897937149344,75.79497074851673,15.41,1.7,23.7,5.0,725,485,Agricultural,Sandy,18.0,0.0,14.6,Confined,43.7,16.06
2023-01-01,Athani,16.72403851558963,75.06733920314039,34.35,3.2,27.6,6.1,1002,134,Agricultural,Clay,24.0,0.0,14.3,Unconfined,24.6,34.84
2024-11-01,Kundapura,13.61735943718321,74.68657321757024,19.39,78.8,30.6,8.9,1223,655,Urban,Clay,10.0,-0.18,3.1,Confined,24.0,18.52
2025-01-19,Ballari,15.156285513594838,76.904927290045,34.14,15.0,23.1,5.0,1324,308,Urban,Silty,6.4,0.0,3.8,Confined,2.8,34.12
2021-03-13,Tumakuru,13.35677586864579,77.1070703404745,30.77,27.2,32.4,8.7,729,441,Urban,Sandy,9.5,0.0,10.8,Unconfined,3.1,30.69
2022-09-20,Kolar,13.124669127791558,78.13540505146342,32.63,214.9,31.3,7.7,1362,26,Urban,Silty,13.5,0.0,11.8,Confined,2.7,28.74
2021-07-03,Hubballi,15.36413366029356,75.12243294514309,21.63,217.7,29.4,6.7,1164,142,Urban,Silty,9.0,0.0,0.6,Unconfined,10.0,17.71
2024-02-17,Ballari,15.12970944693411,76.93755089867574,37.08,17.4,25.5,5.6,1042,514,Urban,Clay,1.0,0.0,14.3,Confined,5.2,37.06
2025-02-24,Karwar,14.827772837046387,74.12443044673037,30.52,4.0,25.7,5.6,999,136,Forest,Silty,15.0,-0.84,3.0,Confined,8.4,30.89
2024-05-18,Tumakuru,13.353296368193464,77.10486286133776,13.16,10.4,30.4,6.7,1366,86,Urban,Loam,11.3,0.0,2.7,Confined,6.8,13.36
2024-06-04,Gokak,16.173658293377393,74.83264161893926,35.73,57.7,27.8,8.0,1354,691,Urban,Loam,2.8,0.0,14.5,Confined,9.2,35.07
2022-12-25,Doddaballapura,13.273836085398534,77.54996036341716,5.04,4.7,27.8,8.0,531,334,Agricultural,Clay,19.2,0.0,13.6,Confined,59.7,5.94
2020-10-19,Mysuru,12.30104064943177,76.65999552458871,9.11,93.9,29.7,7.5,524,421,Urban,Loam,18.1,0.0,14.8,Confined,3.0,7.64
2023-05-12,Mandya,12.503602036045788,76.8782460067575,11.74,32.4,30.2,6.5,499,451,Agricultural,Silty,9.1,0.0,12.5,Confined,31.8,11.73
2022-08-30,Kundapura,13.64483316826107,74.69840116928323,15.64,91.3,23.5,5.0,1452,204,Urban,Clay,18.5,-0.56,0.6,Confined,39.5,14.51
2022-02-28,Ballari,15.146643448947946,76.9143178729,23.43,12.5,24.9,6.1,1228,742,Urban,Sandy,2.9,0.0,7.9,Unconfined,3.7,23.52
2025-03-15,Ballari,15.13497085226772,76.92291334046449,22.38,49.1,36.6,9.2,693,471,Urban,Silty,13.0,0.0,8.2,Unconfined,7.5,21.93
2024-12-05,Bagalkote,16.17036762723619,75.68044492618837,21.21,8.3,28.2,5.6,1431,781,Urban,Sandy,15.0,0.0,12.6,Confined,3.2,21.36
2021-11-17,Mandya,12.53188459810913,76.90416764793828,15.52,48.3,26.0,5.6,991,390,Agricultural,Silty,6.2,0.0,9.3,Confined,38.7,15.22
2025-04-17,Puttur,12.767869468131803,75.20632149726127,6.41,1.4,33.5,8.6,1046,550,Agricultural,Clay,23.0,-0.49,9.3,Confined,7.6,6.94
2020-11-22,Karwar,14.799702835352488,74.13201095749221,5.45,72.1,33.9,10.1,143,376,Forest,Clay,20.5,-0.76,13.8,Confined,11.8,4.71
2023-08-18,Kollegala,12.152390914589509,77.10416857246965,31.07,246.6,27.1,7.6,697,689,Agricultural,Sandy,21.7,0.0,9.4,Confined,29.4,26.81
2022-02-14,Bengaluru North,13.04253290147537,77.60234018574803,13.37,7.2,28.4,8.4,190,325,Urban,Sandy,2.7,0.0,13.8,Confined,4.6,13.69
2025-09-19,Anekal,12.719008909627602,77.6888561806637,13.69,53.7,26.8,7.7,352,102,Urban,Loam,15.4,0.0,4.2,Unconfined,6.6,13.07
2023-02-25,Gokak,16.154432365717685,74.83151292333017,11.72,1.2,24.7,7.3,633,85,Urban,Clay,1.7,0.0,8.8,Confined,3.7,12.1
2020-12-08,Haveri,14.803934271455956,75.40420176600459,7.02,0.3,25.1,5.2,1133,610,Agricultural,Silty,5.2,0.0,11.4,Unconfined,55.1,7.82
2023-08-15,Kundapura,13.637241598607883,74.69710089958036,5.49,199.6,30.1,6.2,1159,687,Urban,Silty,12.7,-0.04,14.3,Unconfined,27.3,2.09
2023-06-22,Sakleshpura,12.962143809192195,75.78420889949126,6.42,93.6,26.9,6.8,793,303,Agricultural,Loam,21.5,0.0,5.0,Unconfined,51.3,5.4
2021-01-20,Hunasuru,12.304564943577674,76.2760562473179,26.28,13.7,25.2,6.3,1202,256,Agricultural,Loam,21.0,0.0,8.1,Unconfined,41.0,26.73
2024-07-23,Haveri,14.784429699596723,75.39311248898018,23.0,79.3,31.7,7.1,1027,626,Agricultural,Sandy,7.1,0.0,5.7,Confined,51.3,22.28
2021-05-02,Devanahalli,13.221383255577122,77.70152592871898,16.24,8.9,40.7,10.0,701,461,Agricultural,Clay,12.8,0.0,7.8,Confined,33.7,16.9
2021-06-16,Davanagere,14.458140211578028,75.92883455593396,34.45,228.4,24.2,5.9,147,699,Urban,Loam,8.9,0.0,8.7,Unconfined,0.4,30.18
2023-11-06,Bengaluru North,13.034276774151344,77.59812076763434,37.85,86.3,26.7,7.6,656,252,Urban,Sandy,19.3,0.0,7.0,Confined,9.5,36.6
2023-02-20,Sirsi,14.613276259397596,74.83481330268758,29.73,7.6,22.8,4.8,933,297,Agricultural,Silty,22.7,0.0,7.4,Unconfined,55.1,30.37
2024-07-13,Sirsi,14.63123989868457,74.8417648763032,22.7,158.5,28.9,6.7,140,644,Agricultural,Clay,6.5,0.0,1.9,Unconfined,20.8,20.07
2023-09-05,Hassan,13.019949048759049,76.09525838509417,20.37,60.3,23.0,6.6,1408,478,Urban,Clay,3.8,0.0,7.5,Unconfined,6.3,19.56
2021-04-29,Devanahalli,13.233835866811392,77.70715378814394,37.31,22.5,31.8,6.9,266,746,Agricultural,Clay,2.1,0.0,6.8,Unconfined,22.6,37.43
2025-05-07,Ballari,15.142430608264466,76.93023090443123,30.78,23.9,41.2,8.4,852,613,Urban,Clay,16.2,0.0,0.6,Unconfined,6.8,30.79
2025-06-19,Gokak,16.15986065160722,74.84558018169058,9.54,170.3,23.8,6.6,1220,41,Urban,Sandy,13.8,0.0,2.6,Confined,7.3,6.54
2023-01-06,Tumakuru,13.328568271903514,77.09656731485885,6.91,19.9,21.7,5.8,928,451,Urban,Silty,7.2,0.0,9.3,Unconfined,1.9,6.82
2025-06-28,Kundapura,13.626055070112981,74.67829989146735,15.31,114.5,28.6,6.2,1246,206,Urban,Clay,21.5,-0.05,7.0,Unconfined,5.2,13.39
2022-03-18,Davanagere,14.458585452874535,75.91876704862166,33.34,15.8,29.9,6.4,631,692,Urban,Sandy,19.4,0.0,5.1,Unconfined,6.8,33.41
2022-09-18,Shivamogga,13.931889131090898,75.55094262582237,34.16,115.9,24.6,6.8,526,623,Urban,Sandy,8.9,0.0,1.4,Unconfined,1.5,32.2
2020-12-28,Mandya,12.520407656343869,76.89553624561805,25.51,7.2,25.2,5.1,143,766,Agricultural,Sandy,9.7,0.0,8.1,Unconfined,37.8,26.0
2023-05-04,Bengaluru North,13.015407054921884,77.59786532773305,24.1,16.9,35.8,9.0,1369,16,Urban,Clay,2.8,0.0,11.2,Confined,7.6,24.29
2021-12-22,Chitradurga,14.213469343623274,76.40180436435809,27.39,14.2,25.1,6.6,1267,273,Urban,Silty,9.7,0.0,10.9,Confined,5.8,27.49
2024-11-08,Kundapura,13.62412119868211,74.68026375376333,29.0,40.8,33.2,9.9,359,143,Urban,Loam,22.3,-0.92,14.6,Unconfined,10.1,28.87
2022-12-29,Doddaballapura,13.307421228327694,77.5496681969785,11.85,14.5,26.1,6.3,1308,711,Agricultural,Silty,8.3,0.0,14.1,Unconfined,26.0,12.13
2023-12-09,Chitradurga,14.213338308660083,76.3867667463914,16.72,1.0,28.0,8.1,787,332,Urban,Clay,2.1,0.0,3.4,Unconfined,3.4,17.14
2022-02-26,Raichur,16.20312887953102,77.35003997948665,10.26,10.1,28.0,5.9,1249,607,Urban,Loam,15.7,0.0,12.7,Unconfined,8.6,10.44
2024-07-13,Sakleshpura,12.976925006084246,75.78995490971552,21.54,241.8,27.1,7.4,1351,298,Agricultural,Clay,11.5,0.0,0.7,Unconfined,60.0,17.67
2023-08-05,Davanagere,14.452053064938314,75.92922033137197,27.41,127.0,25.2,6.6,693,123,Urban,Sandy,17.5,0.0,8.5,Confined,5.8,25.26
2024-09-01,Hunasuru,12.324804884741994,76.29628068772716,37.24,163.9,27.0,7.4,418,548,Agricultural,Silty,10.2,0.0,5.2,Unconfined,29.4,34.63
2021-02-07,Shivamogga,13.940216259426053,75.57160014780905,36.9,16.0,27.1,6.9,477,163,Urban,Silty,17.5,0.0,13.8,Confined,3.7,36.96
2023-02-11,Kolar,13.121202784014171,78.14262121548872,23.88,12.6,25.4,6.2,708,105,Urban,Sandy,21.1,0.0,13.4,Unconfined,0.9,23.95
2023-01-23,Sanduru,15.10162949015969,76.56085724017616,7.21,3.7,23.8,5.6,879,185,Agricultural,Clay,1.8,0.0,2.3,Unconfined,37.5,7.79
2025-07-31,Devanahalli,13.229452490559046,77.69394429150078,6.81,147.4,30.9,6.9,373,526,Agricultural,Clay,8.2,0.0,5.4,Unconfined,22.3,4.43
2021-04-13,Raichur,16.2122393853647,77.34612304129024,10.06,10.1,32.4,8.3,1226,384,Urban,Silty,18.6,0.0,1.3,Confined,0.5,10.28
2023-08-30,Karwar,14.802338422050562,74.14059100946677,14.5,199.2,31.2,6.4,506,682,Forest,Sandy,23.2,-0.78,2.0,Unconfined,9.9,11.01
2023-07-20,Mangaluru,12.911420816983052,74.86400307031495,17.28,121.4,23.3,6.6,883,706,Agricultural,Silty,13.4,0.5,12.5,Unconfined,25.0,15.38
2025-09-04,Sanduru,15.085324924479886,76.54610918348324,32.34,225.5,26.4,7.1,789,122,Agricultural,Sandy,16.4,0.0,3.8,Confined,50.6,28.69
2023-10-21,Hubballi,15.367538308036567,75.13259643271199,16.92,66.4,25.3,5.6,930,74,Urban,Loam,20.3,0.0,7.3,Unconfined,1.0,15.88
2023-09-01,Kolar,13.13988418830885,78.1326527322717,24.55,113.4,22.6,5.7,195,754,Urban,Sandy,12.7,0.0,9.5,Unconfined,5.4,22.62
2022-09-15,Tumakuru,13.324063670517575,77.10240404146346,37.74,161.0,25.7,6.2,702,419,Urban,Clay,7.9,0.0,0.7,Confined,1.1,34.84
2025-03-18,Ballari,15.133528462319761,76.9235518340045,31.51,29.9,41.2,8.4,169,79,Urban,Clay,24.2,0.0,9.9,Confined,6.0,31.39
2021-04-18,Devanahalli,13.23163546005507,77.68306897685379,37.81,29.6,37.7,9.6,149,692,Agricultural,Silty,7.2,0.0,1.2,Unconfined,25.4,37.95
2022-10-11,Kundapura,13.635295896035409,74.68294637705384,11.77,80.0,31.3,7.0,332,294,Forest,Silty,14.1,-0.64,1.6,Confined,25.2,10.84
2023-08-13,Mandya,12.518232081676013,76.88775968649924,22.81,241.7,28.9,8.5,1238,20,Agricultural,Silty,2.9,0.0,14.3,Confined,50.5,18.91
2025-05-30,Hassan,13.024316417331843,76.09781699476919,27.25,9.0,29.1,7.8,150,591,Urban,Silty,17.0,0.0,14.1,Unconfined,6.4,27.52
2023-09-27,Yadgir,16.764910593184034,77.1401865670435,6.71,199.8,27.5,6.7,986,504,Agricultural,Loam,20.9,0.0,3.2,Confined,44.1,3.49
2025-01-26,Hassan,13.018837376842134,76.09763710129762,26.3,12.0,21.6,6.0,129,64,Urban,Clay,24.6,0.0,4.3,Confined,1.0,26.37
2024-02-04,Shivamogga,13.939551813387627,75.56799917274317,15.47,8.6,22.8,6.3,1224,538,Urban,Loam,7.1,0.0,10.1,Unconfined,9.5,15.71
2022-04-16,Madikeri,12.414068372522086,75.75045596007544,26.3,14.5,34.8,8.1,204,735,Agricultural,Sandy,17.6,0.0,3.5,Confined,30.5,26.72
2022-02-15,Athani,16.722560021663337,75.05771783061671,22.04,17.9,25.9,6.4,945,205,Agricultural,Clay,11.2,0.0,0.5,Confined,32.5,22.33
2024-06-26,Sanduru,15.105842259244236,76.53379887801418,30.43,152.8,25.1,7.4,433,229,Agricultural,Silty,7.3,0.0,8.3,Confined,28.5,28.03
2022-06-13,Anekal,12.69889363191377,77.69650173454916,29.45,221.7,29.4,6.5,367,643,Urban,Clay,2.8,0.0,3.9,Confined,8.4,25.42
2023-11-24,Hassan,13.018474288925463,76.09252334014498,9.41,92.8,25.5,6.8,1232,793,Urban,Sandy,13.8,0.0,4.7,Confined,6.3,7.96
2021-01-13,Udupi,13.343472372217114,74.74806260715621,18.77,10.7,23.4,6.5,1246,544,Urban,Silty,14.5,0.11,0.8,Unconfined,35.2,19.22
2022-11-03,Mangaluru,12.924276634526873,74.8608810604298,21.2,85.0,32.0,8.2,840,735,Urban,Silty,15.6,-0.74,12.3,Confined,29.8,20.28
